<?xml version="1.0" encoding="UTF-8"?>
<kml xmlns="http://www.opengis.net/kml/2.2" xmlns:gx="http://www.google.com/kml/ext/2.2" xmlns:kml="http://www.opengis.net/kml/2.2" xmlns:atom="http://www.w3.org/2005/Atom">
<Document>
  <name>Valle de los Olivos</name>
  <Folder>
		<name>Disponibles</name>
		<Placemark>
			<name>8</name>
			<styleUrl>#msn_grn-pushpin0</styleUrl>
			<Point>
				<coordinates>-70.842900154194,-34.4810679717782,-113.997</coordinates>
			</Point>
		</Placemark>
		<Placemark>
			<name>1</name>
			<styleUrl>#msn_grn-pushpin0</styleUrl>
			<Point>
				<coordinates>-70.8421037702596,-34.4791734797264,-113.997</coordinates>
			</Point>
		</Placemark>
		<Placemark>
			<name>2</name>
			<styleUrl>#msn_grn-pushpin0</styleUrl>
			<Point>
				<coordinates>-70.841976443706,-34.478634323058,-113.997</coordinates>
			</Point>
		</Placemark>
		<Placemark>
			<name>6</name>
			<styleUrl>#msn_grn-pushpin0</styleUrl>
			<Point>
				<coordinates>-70.8415101187376,-34.4761820191279,-113.997</coordinates>
			</Point>
		</Placemark>
		<Placemark>
			<name>5</name>
			<styleUrl>#msn_grn-pushpin0</styleUrl>
			<Point>
				<coordinates>-70.8416403471056,-34.4767683359907,-113.997</coordinates>
			</Point>
		</Placemark>
		<Placemark>
			<name>3</name>
			<styleUrl>#msn_grn-pushpin0</styleUrl>
			<Point>
				<coordinates>-70.8418616857018,-34.478007573857,-113.997</coordinates>
			</Point>
		</Placemark>
		<Placemark>
			<name>4</name>
			<styleUrl>#msn_grn-pushpin0</styleUrl>
			<Point>
				<coordinates>-70.8417496091089,-34.477403835485,-113.997</coordinates>
			</Point>
		</Placemark>
		<Placemark>
			<name>13</name>
			<styleUrl>#msn_grn-pushpin0</styleUrl>
			<Point>
				<coordinates>-70.8413764287471,-34.4792671918143,-113.997</coordinates>
			</Point>
		</Placemark>
		<Placemark>
			<name>1</name>
			<styleUrl>#msn_grn-pushpin0</styleUrl>
			<Point>
				<coordinates>-70.84059805928671,-34.4793185302877,-113.997</coordinates>
			</Point>
		</Placemark>
		<Placemark>
			<name>12</name>
			<styleUrl>#msn_grn-pushpin0</styleUrl>
			<Point>
				<coordinates>-70.8412676166744,-34.4785807875388,-113.997</coordinates>
			</Point>
		</Placemark>
		<Placemark>
			<name>11</name>
			<styleUrl>#msn_grn-pushpin0</styleUrl>
			<Point>
				<coordinates>-70.8411238381097,-34.4778587712265,-113.997</coordinates>
			</Point>
		</Placemark>
		<Placemark>
			<name>10</name>
			<styleUrl>#msn_grn-pushpin0</styleUrl>
			<Point>
				<coordinates>-70.84095637093969,-34.4771037288551,-113.997</coordinates>
			</Point>
		</Placemark>
		<Placemark>
			<name>9</name>
			<styleUrl>#msn_grn-pushpin0</styleUrl>
			<Point>
				<coordinates>-70.8408130295737,-34.4763686493885,-113.997</coordinates>
			</Point>
		</Placemark>
		<Placemark>
			<name>5</name>
			<styleUrl>#msn_grn-pushpin0</styleUrl>
			<Point>
				<coordinates>-70.8400553039168,-34.4764688321369,-113.997</coordinates>
			</Point>
		</Placemark>
		<Placemark>
			<name>4</name>
			<styleUrl>#msn_grn-pushpin0</styleUrl>
			<Point>
				<coordinates>-70.8401850611789,-34.4771838800865,-113.997</coordinates>
			</Point>
		</Placemark>
		<Placemark>
			<name>3</name>
			<styleUrl>#msn_grn-pushpin0</styleUrl>
			<Point>
				<coordinates>-70.8403843042399,-34.4777510366467,-113.997</coordinates>
			</Point>
		</Placemark>
		<Placemark>
			<name>2</name>
			<styleUrl>#msn_grn-pushpin0</styleUrl>
			<Point>
				<coordinates>-70.8397591987715,-34.4802748134564,-113.997</coordinates>
			</Point>
		</Placemark>
		<Placemark>
			<name>15</name>
			<styleUrl>#msn_grn-pushpin0</styleUrl>
			<Point>
				<coordinates>-70.83975142572,-34.479656203973,-113.997</coordinates>
			</Point>
		</Placemark>
		<Placemark>
			<name>14</name>
			<styleUrl>#msn_grn-pushpin0</styleUrl>
			<Point>
				<coordinates>-70.83970109510049,-34.4793266192684,-113.997</coordinates>
			</Point>
		</Placemark>
		<Placemark>
			<name>13</name>
			<styleUrl>#msn_grn-pushpin0</styleUrl>
			<Point>
				<coordinates>-70.83964101245719,-34.4788597955798,-113.997</coordinates>
			</Point>
		</Placemark>
		<Placemark>
			<name>12</name>
			<styleUrl>#msn_grn-pushpin0</styleUrl>
			<Point>
				<coordinates>-70.839613859054,-34.4784257186306,-113.997</coordinates>
			</Point>
		</Placemark>
		<Placemark>
			<name>11</name>
			<styleUrl>#msn_grn-pushpin0</styleUrl>
			<Point>
				<coordinates>-70.8395236004375,-34.4779303397806,-113.997</coordinates>
			</Point>
		</Placemark>
		<Placemark>
			<name>9</name>
			<styleUrl>#msn_grn-pushpin0</styleUrl>
			<Point>
				<coordinates>-70.8393729839817,-34.4767998254937,-113.997</coordinates>
			</Point>
		</Placemark>
		<Placemark>
			<name>3</name>
			<styleUrl>#msn_grn-pushpin0</styleUrl>
			<Point>
				<coordinates>-70.8550593034453,-34.480297000574,-113.997</coordinates>
			</Point>
		</Placemark>
		<Placemark>
			<name>4</name>
			<styleUrl>#msn_grn-pushpin0</styleUrl>
			<Point>
				<coordinates>-70.854633122941,-34.4797867446043,-113.997</coordinates>
			</Point>
		</Placemark>
		<Placemark>
			<name>5</name>
			<styleUrl>#msn_grn-pushpin0</styleUrl>
			<Point>
				<coordinates>-70.8543473552246,-34.4792753567272,-113.997</coordinates>
			</Point>
		</Placemark>
		<Placemark>
			<name>6</name>
			<styleUrl>#msn_grn-pushpin0</styleUrl>
			<Point>
				<coordinates>-70.85415485312519,-34.4787188374234,-113.997</coordinates>
			</Point>
		</Placemark>
		<Placemark>
			<name>7</name>
			<styleUrl>#msn_grn-pushpin0</styleUrl>
			<Point>
				<coordinates>-70.85371721524911,-34.4783428334174,-113.997</coordinates>
			</Point>
		</Placemark>
		<Placemark>
			<name>8</name>
			<styleUrl>#msn_grn-pushpin0</styleUrl>
			<Point>
				<coordinates>-70.8534933124881,-34.4777960135907,-113.997</coordinates>
			</Point>
		</Placemark>
		<Placemark>
			<name>9</name>
			<styleUrl>#msn_grn-pushpin0</styleUrl>
			<Point>
				<coordinates>-70.8542650125483,-34.4777028440678,-113.997</coordinates>
			</Point>
		</Placemark>
		<Placemark>
			<name>3</name>
			<styleUrl>#msn_grn-pushpin0</styleUrl>
			<Point>
				<coordinates>-70.85295961740511,-34.4762803894623,-113.997</coordinates>
			</Point>
		</Placemark>
		<Placemark>
			<name>2</name>
			<styleUrl>#msn_grn-pushpin0</styleUrl>
			<Point>
				<coordinates>-70.8530977662401,-34.4767753149694,-113.997</coordinates>
			</Point>
		</Placemark>
		<Placemark>
			<name>1</name>
			<styleUrl>#msn_grn-pushpin0</styleUrl>
			<Point>
				<coordinates>-70.853297009768,-34.4772214298921,-113.997</coordinates>
			</Point>
		</Placemark>
		<Placemark>
			<name>11</name>
			<styleUrl>#msn_grn-pushpin0</styleUrl>
			<Point>
				<coordinates>-70.8533542501776,-34.4755696604026,-113.997</coordinates>
			</Point>
		</Placemark>
		<Placemark>
			<name>1</name>
			<styleUrl>#msn_grn-pushpin0</styleUrl>
			<Point>
				<coordinates>-70.8526068767675,-34.4757468304726,-113.997</coordinates>
			</Point>
		</Placemark>
		<Placemark>
			<name>2</name>
			<styleUrl>#msn_grn-pushpin0</styleUrl>
			<Point>
				<coordinates>-70.85276191112079,-34.4751915793011,-113.997</coordinates>
			</Point>
		</Placemark>
		<Placemark>
			<name>3</name>
			<styleUrl>#msn_grn-pushpin0</styleUrl>
			<Point>
				<coordinates>-70.85262063355739,-34.4748394544995,-113.997</coordinates>
			</Point>
		</Placemark>
		<Placemark>
			<name>4</name>
			<styleUrl>#msn_grn-pushpin0</styleUrl>
			<Point>
				<coordinates>-70.85240212851831,-34.4744552302847,-113.997</coordinates>
			</Point>
		</Placemark>
		<Placemark>
			<name>5</name>
			<styleUrl>#msn_grn-pushpin0</styleUrl>
			<Point>
				<coordinates>-70.85217422509599,-34.4740226169223,-113.997</coordinates>
			</Point>
		</Placemark>
		<Placemark>
			<name>6</name>
			<styleUrl>#msn_grn-pushpin0</styleUrl>
			<Point>
				<coordinates>-70.8541917362536,-34.4769418816385,-113.997</coordinates>
			</Point>
		</Placemark>
		<Placemark>
			<name>4</name>
			<styleUrl>#msn_grn-pushpin0</styleUrl>
			<Point>
				<coordinates>-70.8538739219582,-34.4761707513948,-113.997</coordinates>
			</Point>
		</Placemark>
		<Placemark>
			<name>10</name>
			<styleUrl>#msn_grn-pushpin0</styleUrl>
			<Point>
				<coordinates>-70.85492484233809,-34.4775638053584,-113.997</coordinates>
			</Point>
		</Placemark>
		<Placemark>
			<name>5</name>
			<styleUrl>#msn_grn-pushpin0</styleUrl>
			<Point>
				<coordinates>-70.854780975162,-34.4758117107016,-113.997</coordinates>
			</Point>
		</Placemark>
		<Placemark>
			<name>12</name>
			<styleUrl>#msn_grn-pushpin0</styleUrl>
			<Point>
				<coordinates>-70.84301792658169,-34.4714257538575,-113.997</coordinates>
			</Point>
		</Placemark>
		<Placemark>
			<name>18</name>
			<styleUrl>#msn_grn-pushpin0</styleUrl>
			<Point>
				<coordinates>-70.8447144769823,-34.4734087868409,-113.997</coordinates>
			</Point>
		</Placemark>
		<Placemark>
			<name>19</name>
			<styleUrl>#msn_grn-pushpin0</styleUrl>
			<Point>
				<coordinates>-70.844790919559,-34.4737704636039,-113.997</coordinates>
			</Point>
		</Placemark>
		<Placemark>
			<name>20</name>
			<styleUrl>#msn_grn-pushpin0</styleUrl>
			<Point>
				<coordinates>-70.8448871795257,-34.4741897835642,-113.997</coordinates>
			</Point>
		</Placemark>
		<Placemark>
			<name>2</name>
			<styleUrl>#msn_grn-pushpin0</styleUrl>
			<Point>
				<coordinates>-70.8448109307143,-34.4747836329207,-113.997</coordinates>
			</Point>
		</Placemark>
		<Placemark>
			<name>3</name>
			<styleUrl>#msn_grn-pushpin0</styleUrl>
			<Point>
				<coordinates>-70.844150496555,-34.4748230673555,-113.997</coordinates>
			</Point>
		</Placemark>
		<Placemark>
			<name>4</name>
			<styleUrl>#msn_grn-pushpin0</styleUrl>
			<Point>
				<coordinates>-70.84343673674471,-34.4748292536498,-113.997</coordinates>
			</Point>
		</Placemark>
		<Placemark>
			<name>11</name>
			<styleUrl>#msn_grn-pushpin0</styleUrl>
			<Point>
				<coordinates>-70.8431041811054,-34.4718519934139,-113.997</coordinates>
			</Point>
		</Placemark>
		<Placemark>
			<name>9</name>
			<styleUrl>#msn_grn-pushpin0</styleUrl>
			<Point>
				<coordinates>-70.8432540501658,-34.4726798971616,-113.997</coordinates>
			</Point>
		</Placemark>
		<Placemark>
			<name>8</name>
			<styleUrl>#msn_grn-pushpin0</styleUrl>
			<Point>
				<coordinates>-70.8433454876012,-34.4730859271882,-113.997</coordinates>
			</Point>
		</Placemark>
		<Placemark>
			<name>7</name>
			<styleUrl>#msn_grn-pushpin0</styleUrl>
			<Point>
				<coordinates>-70.8434290427782,-34.4734928013135,-113.997</coordinates>
			</Point>
		</Placemark>
		<Placemark>
			<name>6</name>
			<styleUrl>#msn_grn-pushpin0</styleUrl>
			<Point>
				<coordinates>-70.8434919393619,-34.4738606206861,-113.997</coordinates>
			</Point>
		</Placemark>
		<Placemark>
			<name>5</name>
			<styleUrl>#msn_grn-pushpin0</styleUrl>
			<Point>
				<coordinates>-70.84358640725701,-34.4742889535737,-113.997</coordinates>
			</Point>
		</Placemark>
		<Placemark>
			<name>1</name>
			<styleUrl>#msn_grn-pushpin0</styleUrl>
			<Point>
				<coordinates>-70.8453356322261,-34.4747756186988,-113.997</coordinates>
			</Point>
		</Placemark>
		<Placemark>
			<name>2</name>
			<styleUrl>#msn_grn-pushpin0</styleUrl>
			<Point>
				<coordinates>-70.8404635227694,-34.4785935863037,-113.997</coordinates>
			</Point>
		</Placemark>
		<atom:link rel="app" href="https://www.google.com/earth/about/versions/#earth-pro" title="Google Earth Pro 7.3.7.1155"></atom:link>
	</Folder>
  <Folder>
		<name>Ocupados</name>
		<Placemark>
			<name>7</name>
			<styleUrl>#yellow-number-pin2</styleUrl>
			<Point>
				<coordinates>-70.8496584691828,-34.4807905337693,-113.997</coordinates>
			</Point>
		</Placemark>
		<Placemark>
			<name>8</name>
			<styleUrl>#yellow-number-pin2</styleUrl>
			<Point>
				<coordinates>-70.84909263290071,-34.4807990990128,-113.997</coordinates>
			</Point>
		</Placemark>
		<Placemark>
			<name>9</name>
			<styleUrl>#yellow-number-pin2</styleUrl>
			<Point>
				<coordinates>-70.8485173012464,-34.4808163694442,-113.997</coordinates>
			</Point>
		</Placemark>
		<Placemark>
			<name>2</name>
			<styleUrl>#yellow-number-pin2</styleUrl>
			<Point>
				<coordinates>-70.8464936240009,-34.4808678501313,-113.997</coordinates>
			</Point>
		</Placemark>
		<Placemark>
			<name>3</name>
			<styleUrl>#yellow-number-pin2</styleUrl>
			<Point>
				<coordinates>-70.8459127937659,-34.4808665737079,-113.997</coordinates>
			</Point>
		</Placemark>
		<Placemark>
			<name>4</name>
			<styleUrl>#yellow-number-pin2</styleUrl>
			<Point>
				<coordinates>-70.8453258543198,-34.48101606747,-113.997</coordinates>
			</Point>
		</Placemark>
		<Placemark>
			<name>5</name>
			<styleUrl>#yellow-number-pin2</styleUrl>
			<Point>
				<coordinates>-70.84473540933401,-34.480922352087,-113.997</coordinates>
			</Point>
		</Placemark>
		<Placemark>
			<name>6</name>
			<styleUrl>#yellow-number-pin2</styleUrl>
			<Point>
				<coordinates>-70.8440803387934,-34.4809544543733,-113.997</coordinates>
			</Point>
		</Placemark>
		<Placemark>
			<name>1</name>
			<styleUrl>#yellow-number-pin2</styleUrl>
			<Point>
				<coordinates>-70.8490370537977,-34.4799089597931,-113.997</coordinates>
			</Point>
		</Placemark>
		<Placemark>
			<name>19</name>
			<styleUrl>#yellow-number-pin2</styleUrl>
			<Point>
				<coordinates>-70.8479941526311,-34.4799641361357,-113.997</coordinates>
			</Point>
		</Placemark>
		<Placemark>
			<name>18</name>
			<styleUrl>#yellow-number-pin2</styleUrl>
			<Point>
				<coordinates>-70.847854098079,-34.4795263492958,-113.997</coordinates>
			</Point>
		</Placemark>
		<Placemark>
			<name>2</name>
			<styleUrl>#yellow-number-pin2</styleUrl>
			<Point>
				<coordinates>-70.8489219884073,-34.4794985365654,-113.997</coordinates>
			</Point>
		</Placemark>
		<Placemark>
			<name>3</name>
			<styleUrl>#yellow-number-pin2</styleUrl>
			<Point>
				<coordinates>-70.84879922781261,-34.4790431411455,-113.997</coordinates>
			</Point>
		</Placemark>
		<Placemark>
			<name>17</name>
			<styleUrl>#yellow-number-pin2</styleUrl>
			<Point>
				<coordinates>-70.84773199143849,-34.47908648057,-113.997</coordinates>
			</Point>
		</Placemark>
		<Placemark>
			<name>4</name>
			<styleUrl>#yellow-number-pin2</styleUrl>
			<Point>
				<coordinates>-70.8486782964635,-34.4786112486424,-113.997</coordinates>
			</Point>
		</Placemark>
		<Placemark>
			<name>5</name>
			<styleUrl>#yellow-number-pin2</styleUrl>
			<Point>
				<coordinates>-70.8485354836897,-34.4782156010813,-113.997</coordinates>
			</Point>
		</Placemark>
		<Placemark>
			<name>6</name>
			<styleUrl>#yellow-number-pin2</styleUrl>
			<Point>
				<coordinates>-70.84838686761429,-34.4777877537414,-113.997</coordinates>
			</Point>
		</Placemark>
		<Placemark>
			<name>7</name>
			<styleUrl>#yellow-number-pin2</styleUrl>
			<Point>
				<coordinates>-70.84826183852201,-34.4773640322135,-113.997</coordinates>
			</Point>
		</Placemark>
		<Placemark>
			<name>16</name>
			<styleUrl>#yellow-number-pin2</styleUrl>
			<Point>
				<coordinates>-70.84757314063491,-34.4786364817735,-113.997</coordinates>
			</Point>
		</Placemark>
		<Placemark>
			<name>15</name>
			<styleUrl>#yellow-number-pin2</styleUrl>
			<Point>
				<coordinates>-70.8472567716984,-34.478189885055,-113.997</coordinates>
			</Point>
		</Placemark>
		<Placemark>
			<name>14</name>
			<styleUrl>#yellow-number-pin2</styleUrl>
			<Point>
				<coordinates>-70.8472550393661,-34.4777197033125,-113.997</coordinates>
			</Point>
		</Placemark>
		<Placemark>
			<name>13</name>
			<styleUrl>#yellow-number-pin2</styleUrl>
			<Point>
				<coordinates>-70.8471198759825,-34.4772812679324,-113.997</coordinates>
			</Point>
		</Placemark>
		<Placemark>
			<name>8</name>
			<styleUrl>#yellow-number-pin2</styleUrl>
			<Point>
				<coordinates>-70.8481389855142,-34.4770015418203,-113.997</coordinates>
			</Point>
		</Placemark>
		<Placemark>
			<name>12</name>
			<styleUrl>#yellow-number-pin2</styleUrl>
			<Point>
				<coordinates>-70.8469731830338,-34.4767909269774,-113.997</coordinates>
			</Point>
		</Placemark>
		<Placemark>
			<name>16</name>
			<styleUrl>#yellow-number-pin2</styleUrl>
			<Point>
				<coordinates>-70.84953631984349,-34.4773920237454,-113.997</coordinates>
			</Point>
		</Placemark>
		<Placemark>
			<name>9</name>
			<styleUrl>#yellow-number-pin2</styleUrl>
			<Point>
				<coordinates>-70.84839366282949,-34.4763826706728,-113.997</coordinates>
			</Point>
		</Placemark>
		<Placemark>
			<name>10</name>
			<styleUrl>#yellow-number-pin2</styleUrl>
			<Point>
				<coordinates>-70.8476973210781,-34.4762999165914,-113.997</coordinates>
			</Point>
		</Placemark>
		<Placemark>
			<name>11</name>
			<styleUrl>#yellow-number-pin2</styleUrl>
			<Point>
				<coordinates>-70.8468602416649,-34.4762822521081,-113.997</coordinates>
			</Point>
		</Placemark>
		<Placemark>
			<name>18</name>
			<styleUrl>#yellow-number-pin2</styleUrl>
			<Point>
				<coordinates>-70.84928815580339,-34.4765803060111,-113.997</coordinates>
			</Point>
		</Placemark>
		<Placemark>
			<name>17</name>
			<styleUrl>#yellow-number-pin2</styleUrl>
			<Point>
				<coordinates>-70.8494431204531,-34.4769258226704,-113.997</coordinates>
			</Point>
		</Placemark>
		<Placemark>
			<name>15</name>
			<styleUrl>#yellow-number-pin2</styleUrl>
			<Point>
				<coordinates>-70.8497081879657,-34.477867447927,-113.997</coordinates>
			</Point>
		</Placemark>
		<Placemark>
			<name>14</name>
			<styleUrl>#yellow-number-pin2</styleUrl>
			<Point>
				<coordinates>-70.8498675079201,-34.4782997321588,-113.997</coordinates>
			</Point>
		</Placemark>
		<Placemark>
			<name>13</name>
			<styleUrl>#yellow-number-pin2</styleUrl>
			<Point>
				<coordinates>-70.8500474034502,-34.4788068371144,-113.997</coordinates>
			</Point>
		</Placemark>
		<Placemark>
			<name>10</name>
			<styleUrl>#yellow-number-pin2</styleUrl>
			<Point>
				<coordinates>-70.85007707681559,-34.4792909464451,-113.997</coordinates>
			</Point>
		</Placemark>
		<Placemark>
			<name>9</name>
			<styleUrl>#yellow-number-pin2</styleUrl>
			<Point>
				<coordinates>-70.8501805436748,-34.4797500249123,-113.997</coordinates>
			</Point>
		</Placemark>
		<Placemark>
			<name>1</name>
			<styleUrl>#yellow-number-pin2</styleUrl>
			<Point>
				<coordinates>-70.8446517185986,-34.4800614849846,-113.997</coordinates>
			</Point>
		</Placemark>
		<Placemark>
			<name>2</name>
			<styleUrl>#yellow-number-pin2</styleUrl>
			<Point>
				<coordinates>-70.8444799390552,-34.4795910183214,-113.997</coordinates>
			</Point>
		</Placemark>
		<Placemark>
			<name>9</name>
			<styleUrl>#yellow-number-pin2</styleUrl>
			<Point>
				<coordinates>-70.8435305125987,-34.4763556827217,-113.997</coordinates>
			</Point>
		</Placemark>
		<Placemark>
			<name>10</name>
			<styleUrl>#yellow-number-pin2</styleUrl>
			<Point>
				<coordinates>-70.8454585802364,-34.4755947892438,-113.997</coordinates>
			</Point>
		</Placemark>
		<Placemark>
			<name>11</name>
			<styleUrl>#yellow-number-pin2</styleUrl>
			<Point>
				<coordinates>-70.8446251688314,-34.4755667763247,-113.997</coordinates>
			</Point>
		</Placemark>
		<Placemark>
			<name>9</name>
			<styleUrl>#yellow-number-pin2</styleUrl>
			<Point>
				<coordinates>-70.8455708065211,-34.4761412987388,-113.997</coordinates>
			</Point>
		</Placemark>
		<Placemark>
			<name>16</name>
			<styleUrl>#yellow-number-pin2</styleUrl>
			<Point>
				<coordinates>-70.84453371051529,-34.4761790649574,-113.997</coordinates>
			</Point>
		</Placemark>
		<Placemark>
			<name>8</name>
			<styleUrl>#yellow-number-pin2</styleUrl>
			<Point>
				<coordinates>-70.84573433174489,-34.4766454934464,-113.997</coordinates>
			</Point>
		</Placemark>
		<Placemark>
			<name>17</name>
			<styleUrl>#yellow-number-pin2</styleUrl>
			<Point>
				<coordinates>-70.8447168664952,-34.4766856602519,-113.997</coordinates>
			</Point>
		</Placemark>
		<Placemark>
			<name>7</name>
			<styleUrl>#yellow-number-pin2</styleUrl>
			<Point>
				<coordinates>-70.8458827535749,-34.4770944837539,-113.997</coordinates>
			</Point>
		</Placemark>
		<Placemark>
			<name>18</name>
			<styleUrl>#yellow-number-pin2</styleUrl>
			<Point>
				<coordinates>-70.844876846411,-34.4771344374858,-113.997</coordinates>
			</Point>
		</Placemark>
		<Placemark>
			<name>6</name>
			<styleUrl>#yellow-number-pin2</styleUrl>
			<Point>
				<coordinates>-70.8460282461694,-34.477582308849,-113.997</coordinates>
			</Point>
		</Placemark>
		<Placemark>
			<name>19</name>
			<styleUrl>#yellow-number-pin2</styleUrl>
			<Point>
				<coordinates>-70.8450259321352,-34.4776060062487,-113.997</coordinates>
			</Point>
		</Placemark>
		<Placemark>
			<name>5</name>
			<styleUrl>#yellow-number-pin2</styleUrl>
			<Point>
				<coordinates>-70.84619231962969,-34.4780656875033,-113.997</coordinates>
			</Point>
		</Placemark>
		<Placemark>
			<name>20</name>
			<styleUrl>#yellow-number-pin2</styleUrl>
			<Point>
				<coordinates>-70.84521331249449,-34.4780924808215,-113.997</coordinates>
			</Point>
		</Placemark>
		<Placemark>
			<name>4</name>
			<styleUrl>#yellow-number-pin2</styleUrl>
			<Point>
				<coordinates>-70.84631902669381,-34.4785180516605,-113.997</coordinates>
			</Point>
		</Placemark>
		<Placemark>
			<name>21</name>
			<styleUrl>#yellow-number-pin2</styleUrl>
			<Point>
				<coordinates>-70.8450896697273,-34.4785474914583,-113.997</coordinates>
			</Point>
		</Placemark>
		<Placemark>
			<name>24</name>
			<styleUrl>#yellow-number-pin2</styleUrl>
			<Point>
				<coordinates>-70.84581633546181,-34.4800036356206,-113.997</coordinates>
			</Point>
		</Placemark>
		<Placemark>
			<name>1</name>
			<styleUrl>#yellow-number-pin2</styleUrl>
			<Point>
				<coordinates>-70.8467690299549,-34.4799752006531,-113.997</coordinates>
			</Point>
		</Placemark>
		<Placemark>
			<name>2</name>
			<styleUrl>#yellow-number-pin2</styleUrl>
			<Point>
				<coordinates>-70.8466012096568,-34.4794977118233,-113.997</coordinates>
			</Point>
		</Placemark>
		<Placemark>
			<name>23</name>
			<styleUrl>#yellow-number-pin2</styleUrl>
			<Point>
				<coordinates>-70.8456361973422,-34.4795351901923,-113.997</coordinates>
			</Point>
		</Placemark>
		<Placemark>
			<name>22</name>
			<styleUrl>#yellow-number-pin2</styleUrl>
			<Point>
				<coordinates>-70.8454883867433,-34.4790276913782,-113.997</coordinates>
			</Point>
		</Placemark>
		<Placemark>
			<name>3</name>
			<styleUrl>#yellow-number-pin2</styleUrl>
			<Point>
				<coordinates>-70.8464597705194,-34.4789916063223,-113.997</coordinates>
			</Point>
		</Placemark>
		<Placemark>
			<name>3</name>
			<styleUrl>#yellow-number-pin2</styleUrl>
			<Point>
				<coordinates>-70.8443445299221,-34.4791211082099,-113.997</coordinates>
			</Point>
		</Placemark>
		<Placemark>
			<name>4</name>
			<styleUrl>#yellow-number-pin2</styleUrl>
			<Point>
				<coordinates>-70.84420764442009,-34.4787326836136,-113.997</coordinates>
			</Point>
		</Placemark>
		<Placemark>
			<name>5</name>
			<styleUrl>#yellow-number-pin2</styleUrl>
			<Point>
				<coordinates>-70.84406604065521,-34.4782484781287,-113.997</coordinates>
			</Point>
		</Placemark>
		<Placemark>
			<name>6</name>
			<styleUrl>#yellow-number-pin2</styleUrl>
			<Point>
				<coordinates>-70.8439338500519,-34.4778150860956,-113.997</coordinates>
			</Point>
		</Placemark>
		<Placemark>
			<name>7</name>
			<styleUrl>#yellow-number-pin2</styleUrl>
			<Point>
				<coordinates>-70.8439800353928,-34.477359939427,-113.997</coordinates>
			</Point>
		</Placemark>
		<Placemark>
			<name>8</name>
			<styleUrl>#yellow-number-pin2</styleUrl>
			<Point>
				<coordinates>-70.8436499711058,-34.47688045217,-113.997</coordinates>
			</Point>
		</Placemark>
		<Placemark>
			<name>13</name>
			<styleUrl>#yellow-number-pin2</styleUrl>
			<Point>
				<coordinates>-70.84335710015409,-34.4755878913292,-113.997</coordinates>
			</Point>
		</Placemark>
		<Placemark>
			<name>12</name>
			<styleUrl>#yellow-number-pin2</styleUrl>
			<Point>
				<coordinates>-70.8439537147549,-34.475570641953,-113.997</coordinates>
			</Point>
		</Placemark>
		<Placemark>
			<name>6</name>
			<styleUrl>#yellow-number-pin2</styleUrl>
			<Point>
				<coordinates>-70.8503353694332,-34.4807638233391,-113.997</coordinates>
			</Point>
		</Placemark>
		<Placemark>
			<name>1</name>
			<styleUrl>#yellow-number-pin2</styleUrl>
			<Point>
				<coordinates>-70.8471094992955,-34.4808546491585,-113.997</coordinates>
			</Point>
		</Placemark>
		<Placemark>
			<name>10</name>
			<styleUrl>#yellow-number-pin2</styleUrl>
			<Point>
				<coordinates>-70.848023509142,-34.4808360612662,-113.997</coordinates>
			</Point>
		</Placemark>
		<Placemark>
			<name>7</name>
			<styleUrl>#yellow-number-pin2</styleUrl>
			<Point>
				<coordinates>-70.8435312777865,-34.4810158603058,-113.997</coordinates>
			</Point>
		</Placemark>
		<Placemark>
			<name>18</name>
			<styleUrl>#yellow-number-pin2</styleUrl>
			<Point>
				<coordinates>-70.8437617675052,-34.4801072609263,-113.997</coordinates>
			</Point>
		</Placemark>
		<Placemark>
			<name>17</name>
			<styleUrl>#yellow-number-pin2</styleUrl>
			<Point>
				<coordinates>-70.84330484125179,-34.4795625389601,-113.997</coordinates>
			</Point>
		</Placemark>
		<Placemark>
			<name>16</name>
			<styleUrl>#yellow-number-pin2</styleUrl>
			<Point>
				<coordinates>-70.8432122768572,-34.4791546302359,-113.997</coordinates>
			</Point>
		</Placemark>
		<Placemark>
			<name>19</name>
			<styleUrl>#yellow-number-pin2</styleUrl>
			<Point>
				<coordinates>-70.8430649414022,-34.4801781650048,-113.997</coordinates>
			</Point>
		</Placemark>
		<Placemark>
			<name>15</name>
			<styleUrl>#yellow-number-pin2</styleUrl>
			<Point>
				<coordinates>-70.84308655404659,-34.478724516197,-113.997</coordinates>
			</Point>
		</Placemark>
		<Placemark>
			<name>14</name>
			<styleUrl>#yellow-number-pin2</styleUrl>
			<Point>
				<coordinates>-70.842949653193,-34.478267362068,-113.997</coordinates>
			</Point>
		</Placemark>
		<Placemark>
			<name>13</name>
			<styleUrl>#yellow-number-pin2</styleUrl>
			<Point>
				<coordinates>-70.84286972042089,-34.4777866041119,-113.997</coordinates>
			</Point>
		</Placemark>
		<Placemark>
			<name>12</name>
			<styleUrl>#yellow-number-pin2</styleUrl>
			<Point>
				<coordinates>-70.84275391834809,-34.4773094305375,-113.997</coordinates>
			</Point>
		</Placemark>
		<Placemark>
			<name>11</name>
			<styleUrl>#yellow-number-pin2</styleUrl>
			<Point>
				<coordinates>-70.842652640181,-34.4768631444024,-113.997</coordinates>
			</Point>
		</Placemark>
		<Placemark>
			<name>10</name>
			<styleUrl>#yellow-number-pin2</styleUrl>
			<Point>
				<coordinates>-70.8425622909071,-34.4764075104839,-113.997</coordinates>
			</Point>
		</Placemark>
		<Placemark>
			<name>15</name>
			<styleUrl>#yellow-number-pin2</styleUrl>
			<Point>
				<coordinates>-70.84256672448009,-34.4758729886602,-113.997</coordinates>
			</Point>
		</Placemark>
		<Placemark>
			<name>14</name>
			<styleUrl>#yellow-number-pin2</styleUrl>
			<Point>
				<coordinates>-70.8424894280943,-34.4754513096923,-113.997</coordinates>
			</Point>
		</Placemark>
		<Placemark>
			<name>7</name>
			<styleUrl>#yellow-number-pin2</styleUrl>
			<Point>
				<coordinates>-70.84140910367699,-34.4755487959118,-113.997</coordinates>
			</Point>
		</Placemark>
		<Placemark>
			<name>8</name>
			<styleUrl>#yellow-number-pin2</styleUrl>
			<Point>
				<coordinates>-70.84068634971889,-34.4756432311645,-113.997</coordinates>
			</Point>
		</Placemark>
		<Placemark>
			<name>6</name>
			<styleUrl>#yellow-number-pin2</styleUrl>
			<Point>
				<coordinates>-70.83990298488099,-34.475718857928,-113.997</coordinates>
			</Point>
		</Placemark>
		<Placemark>
			<name>1</name>
			<styleUrl>#yellow-number-pin2</styleUrl>
			<Point>
				<coordinates>-70.8408329969166,-34.4804370954347,-113.997</coordinates>
			</Point>
		</Placemark>
		<Placemark>
			<name>10</name>
			<styleUrl>#yellow-number-pin2</styleUrl>
			<Point>
				<coordinates>-70.8394344685199,-34.4773896757286,-113.997</coordinates>
			</Point>
		</Placemark>
		<Placemark>
			<name>8</name>
			<styleUrl>#yellow-number-pin2</styleUrl>
			<Point>
				<coordinates>-70.8392391772996,-34.476214781851,-113.997</coordinates>
			</Point>
		</Placemark>
		<Placemark>
			<name>7</name>
			<styleUrl>#yellow-number-pin2</styleUrl>
			<Point>
				<coordinates>-70.83912030664879,-34.4756806821714,-113.997</coordinates>
			</Point>
		</Placemark>
		<Placemark>
			<name>4</name>
			<styleUrl>#yellow-number-pin2</styleUrl>
			<Point>
				<coordinates>-70.83870650150619,-34.4819720410655,-113.997</coordinates>
			</Point>
		</Placemark>
		<Placemark>
			<name>7</name>
			<styleUrl>#yellow-number-pin2</styleUrl>
			<Point>
				<coordinates>-70.8378190660608,-34.4802324194207,-113.997</coordinates>
			</Point>
		</Placemark>
		<Placemark>
			<name>6</name>
			<styleUrl>#yellow-number-pin2</styleUrl>
			<Point>
				<coordinates>-70.8379364334925,-34.4807659735746,-113.997</coordinates>
			</Point>
		</Placemark>
		<Placemark>
			<name>5</name>
			<styleUrl>#yellow-number-pin2</styleUrl>
			<Point>
				<coordinates>-70.8381783919221,-34.4813761627489,-113.997</coordinates>
			</Point>
		</Placemark>
		<Placemark>
			<name>3</name>
			<styleUrl>#yellow-number-pin2</styleUrl>
			<Point>
				<coordinates>-70.83876855997271,-34.4813699830526,-113.997</coordinates>
			</Point>
		</Placemark>
		<Placemark>
			<name>2</name>
			<styleUrl>#yellow-number-pin2</styleUrl>
			<Point>
				<coordinates>-70.8389964933744,-34.4808105974212,-113.997</coordinates>
			</Point>
		</Placemark>
		<Placemark>
			<name>1</name>
			<styleUrl>#yellow-number-pin2</styleUrl>
			<Point>
				<coordinates>-70.83898546610649,-34.4803082246314,-113.997</coordinates>
			</Point>
		</Placemark>
		<Placemark>
			<name>2</name>
			<styleUrl>#yellow-number-pin2</styleUrl>
			<Point>
				<coordinates>-70.8385285539995,-34.4794798436228,-113.997</coordinates>
			</Point>
		</Placemark>
		<Placemark>
			<name>3</name>
			<styleUrl>#yellow-number-pin2</styleUrl>
			<Point>
				<coordinates>-70.8384748320841,-34.4790011327213,-113.997</coordinates>
			</Point>
		</Placemark>
		<Placemark>
			<name>4</name>
			<styleUrl>#yellow-number-pin2</styleUrl>
			<Point>
				<coordinates>-70.83822049849221,-34.4785837080949,-113.997</coordinates>
			</Point>
		</Placemark>
		<Placemark>
			<name>5</name>
			<styleUrl>#yellow-number-pin2</styleUrl>
			<Point>
				<coordinates>-70.83829569454861,-34.4781279978029,-113.997</coordinates>
			</Point>
		</Placemark>
		<Placemark>
			<name>2</name>
			<styleUrl>#yellow-number-pin2</styleUrl>
			<Point>
				<coordinates>-70.8531123707838,-34.4807596276801,-113.997</coordinates>
			</Point>
		</Placemark>
		<Placemark>
			<name>3</name>
			<styleUrl>#yellow-number-pin2</styleUrl>
			<Point>
				<coordinates>-70.8525352840166,-34.4807632479848,-113.997</coordinates>
			</Point>
		</Placemark>
		<Placemark>
			<name>4</name>
			<styleUrl>#yellow-number-pin2</styleUrl>
			<Point>
				<coordinates>-70.8519408565448,-34.4807773914934,-113.997</coordinates>
			</Point>
		</Placemark>
		<Placemark>
			<name>5</name>
			<styleUrl>#yellow-number-pin2</styleUrl>
			<Point>
				<coordinates>-70.85117927126019,-34.4807807242706,-113.997</coordinates>
			</Point>
		</Placemark>
		<Placemark>
			<name>7</name>
			<styleUrl>#yellow-number-pin2</styleUrl>
			<Point>
				<coordinates>-70.8520457239252,-34.4797494330195,-113.997</coordinates>
			</Point>
		</Placemark>
		<Placemark>
			<name>8</name>
			<styleUrl>#yellow-number-pin2</styleUrl>
			<Point>
				<coordinates>-70.8512070754292,-34.479741664532,-113.997</coordinates>
			</Point>
		</Placemark>
		<Placemark>
			<name>11</name>
			<styleUrl>#yellow-number-pin2</styleUrl>
			<Point>
				<coordinates>-70.8512062050045,-34.4792038743888,-113.997</coordinates>
			</Point>
		</Placemark>
		<Placemark>
			<name>12</name>
			<styleUrl>#yellow-number-pin2</styleUrl>
			<Point>
				<coordinates>-70.85105067260341,-34.4787455669505,-113.997</coordinates>
			</Point>
		</Placemark>
		<Placemark>
			<name>1</name>
			<styleUrl>#yellow-number-pin2</styleUrl>
			<Point>
				<coordinates>-70.8548776671898,-34.4810669096444,-113.997</coordinates>
			</Point>
		</Placemark>
		<Placemark>
			<name>2</name>
			<styleUrl>#yellow-number-pin2</styleUrl>
			<Point>
				<coordinates>-70.85556203536611,-34.4809766176124,-113.997</coordinates>
			</Point>
		</Placemark>
		<Placemark>
			<name>1</name>
			<styleUrl>#yellow-number-pin2</styleUrl>
			<Point>
				<coordinates>-70.8543617929474,-34.4805016236929,-113.997</coordinates>
			</Point>
		</Placemark>
		<Placemark>
			<name>2</name>
			<styleUrl>#yellow-number-pin2</styleUrl>
			<Point>
				<coordinates>-70.85383748183619,-34.4798387386526,-113.997</coordinates>
			</Point>
		</Placemark>
		<Placemark>
			<name>6</name>
			<styleUrl>#yellow-number-pin2</styleUrl>
			<Point>
				<coordinates>-70.85276660138619,-34.4796274459833,-113.997</coordinates>
			</Point>
		</Placemark>
		<Placemark>
			<name>3</name>
			<styleUrl>#yellow-number-pin2</styleUrl>
			<Point>
				<coordinates>-70.8534030552607,-34.4793142745268,-113.997</coordinates>
			</Point>
		</Placemark>
		<Placemark>
			<name>4</name>
			<styleUrl>#yellow-number-pin2</styleUrl>
			<Point>
				<coordinates>-70.85313917257299,-34.4787559973613,-113.997</coordinates>
			</Point>
		</Placemark>
		<Placemark>
			<name>5</name>
			<styleUrl>#yellow-number-pin2</styleUrl>
			<Point>
				<coordinates>-70.8524130240387,-34.4790345767782,-113.997</coordinates>
			</Point>
		</Placemark>
		<Placemark>
			<name>26</name>
			<styleUrl>#yellow-number-pin2</styleUrl>
			<Point>
				<coordinates>-70.8526629172342,-34.4780704548941,-113.997</coordinates>
			</Point>
		</Placemark>
		<Placemark>
			<name>25</name>
			<styleUrl>#yellow-number-pin2</styleUrl>
			<Point>
				<coordinates>-70.85210754038231,-34.4782063974154,-113.997</coordinates>
			</Point>
		</Placemark>
		<Placemark>
			<name>24</name>
			<styleUrl>#yellow-number-pin2</styleUrl>
			<Point>
				<coordinates>-70.8515188997971,-34.4782154103626,-113.997</coordinates>
			</Point>
		</Placemark>
		<Placemark>
			<name>22</name>
			<styleUrl>#yellow-number-pin2</styleUrl>
			<Point>
				<coordinates>-70.8522508786923,-34.4774297539018,-113.997</coordinates>
			</Point>
		</Placemark>
		<Placemark>
			<name>23</name>
			<styleUrl>#yellow-number-pin2</styleUrl>
			<Point>
				<coordinates>-70.8513013763138,-34.4776181076058,-113.997</coordinates>
			</Point>
		</Placemark>
		<Placemark>
			<name>21</name>
			<styleUrl>#yellow-number-pin2</styleUrl>
			<Point>
				<coordinates>-70.85209654345481,-34.4769960671164,-113.997</coordinates>
			</Point>
		</Placemark>
		<Placemark>
			<name>20</name>
			<styleUrl>#yellow-number-pin2</styleUrl>
			<Point>
				<coordinates>-70.8519897108177,-34.4765119944895,-113.997</coordinates>
			</Point>
		</Placemark>
		<Placemark>
			<name>14</name>
			<styleUrl>#yellow-number-pin2</styleUrl>
			<Point>
				<coordinates>-70.85180796007251,-34.4759021577623,-113.997</coordinates>
			</Point>
		</Placemark>
		<Placemark>
			<name>15</name>
			<styleUrl>#yellow-number-pin2</styleUrl>
			<Point>
				<coordinates>-70.8509371850749,-34.476133498718,-113.997</coordinates>
			</Point>
		</Placemark>
		<Placemark>
			<name>13</name>
			<styleUrl>#yellow-number-pin2</styleUrl>
			<Point>
				<coordinates>-70.85132539774879,-34.4755207133731,-113.997</coordinates>
			</Point>
		</Placemark>
		<Placemark>
			<name>11</name>
			<styleUrl>#yellow-number-pin2</styleUrl>
			<Point>
				<coordinates>-70.8511088576999,-34.4747658889793,-113.997</coordinates>
			</Point>
		</Placemark>
		<Placemark>
			<name>12</name>
			<styleUrl>#yellow-number-pin2</styleUrl>
			<Point>
				<coordinates>-70.8512360878222,-34.4751618801558,-113.997</coordinates>
			</Point>
		</Placemark>
		<Placemark>
			<name>10</name>
			<styleUrl>#yellow-number-pin2</styleUrl>
			<Point>
				<coordinates>-70.8510437695555,-34.4743282971877,-113.997</coordinates>
			</Point>
		</Placemark>
		<Placemark>
			<name>1</name>
			<styleUrl>#yellow-number-pin2</styleUrl>
			<Point>
				<coordinates>-70.85207738055961,-34.4734792020273,-113.997</coordinates>
			</Point>
		</Placemark>
		<Placemark>
			<name>7</name>
			<styleUrl>#yellow-number-pin2</styleUrl>
			<Point>
				<coordinates>-70.85079585445619,-34.4737557191165,-113.997</coordinates>
			</Point>
		</Placemark>
		<Placemark>
			<name>2</name>
			<styleUrl>#yellow-number-pin2</styleUrl>
			<Point>
				<coordinates>-70.8517804525242,-34.4729226210572,-113.997</coordinates>
			</Point>
		</Placemark>
		<Placemark>
			<name>6</name>
			<styleUrl>#yellow-number-pin2</styleUrl>
			<Point>
				<coordinates>-70.8506913698851,-34.4731396389503,-113.997</coordinates>
			</Point>
		</Placemark>
		<Placemark>
			<name>3</name>
			<styleUrl>#yellow-number-pin2</styleUrl>
			<Point>
				<coordinates>-70.85129892465611,-34.4721535782586,-113.997</coordinates>
			</Point>
		</Placemark>
		<Placemark>
			<name>5</name>
			<styleUrl>#yellow-number-pin2</styleUrl>
			<Point>
				<coordinates>-70.8505237551185,-34.4723634616268,-113.997</coordinates>
			</Point>
		</Placemark>
		<Placemark>
			<name>19</name>
			<styleUrl>#yellow-number-pin2</styleUrl>
			<Point>
				<coordinates>-70.8509761500753,-34.4768561564483,-113.997</coordinates>
			</Point>
		</Placemark>
		<Placemark>
			<name>1</name>
			<styleUrl>#yellow-number-pin2</styleUrl>
			<Point>
				<coordinates>-70.8505450169102,-34.4711377725355,-113.997</coordinates>
			</Point>
		</Placemark>
		<Placemark>
			<name>1</name>
			<styleUrl>#yellow-number-pin2</styleUrl>
			<Point>
				<coordinates>-70.85540953949,-34.4752288209799,-113.997</coordinates>
			</Point>
		</Placemark>
		<Placemark>
			<name>2</name>
			<styleUrl>#yellow-number-pin2</styleUrl>
			<Point>
				<coordinates>-70.8554351549918,-34.4744902501629,-113.997</coordinates>
			</Point>
		</Placemark>
		<Placemark>
			<name>10</name>
			<styleUrl>#yellow-number-pin2</styleUrl>
			<Point>
				<coordinates>-70.8544707784624,-34.475010993328,-113.997</coordinates>
			</Point>
		</Placemark>
		<Placemark>
			<name>9</name>
			<styleUrl>#yellow-number-pin2</styleUrl>
			<Point>
				<coordinates>-70.854292914075,-34.4745087734805,-113.997</coordinates>
			</Point>
		</Placemark>
		<Placemark>
			<name>3</name>
			<styleUrl>#yellow-number-pin2</styleUrl>
			<Point>
				<coordinates>-70.85530383532431,-34.4739052647855,-113.997</coordinates>
			</Point>
		</Placemark>
		<Placemark>
			<name>4</name>
			<styleUrl>#yellow-number-pin2</styleUrl>
			<Point>
				<coordinates>-70.8551300173506,-34.4734696147019,-113.997</coordinates>
			</Point>
		</Placemark>
		<Placemark>
			<name>5</name>
			<styleUrl>#yellow-number-pin2</styleUrl>
			<Point>
				<coordinates>-70.8548659984655,-34.4730434268894,-113.997</coordinates>
			</Point>
		</Placemark>
		<Placemark>
			<name>8</name>
			<styleUrl>#yellow-number-pin2</styleUrl>
			<Point>
				<coordinates>-70.8540866504314,-34.4740755807556,-113.997</coordinates>
			</Point>
		</Placemark>
		<Placemark>
			<name>7</name>
			<styleUrl>#yellow-number-pin2</styleUrl>
			<Point>
				<coordinates>-70.85392174886979,-34.473645728676,-113.997</coordinates>
			</Point>
		</Placemark>
		<Placemark>
			<name>6</name>
			<styleUrl>#yellow-number-pin2</styleUrl>
			<Point>
				<coordinates>-70.85366055270801,-34.473241060614,-113.997</coordinates>
			</Point>
		</Placemark>
		<Placemark>
			<name>6</name>
			<styleUrl>#yellow-number-pin2</styleUrl>
			<Point>
				<coordinates>-70.85456993755569,-34.4726987534972,-113.997</coordinates>
			</Point>
		</Placemark>
		<Placemark>
			<name>7</name>
			<styleUrl>#yellow-number-pin2</styleUrl>
			<Point>
				<coordinates>-70.8546544671804,-34.472169652088,-113.997</coordinates>
			</Point>
		</Placemark>
		<Placemark>
			<name>7</name>
			<styleUrl>#yellow-number-pin2</styleUrl>
			<Point>
				<coordinates>-70.85326264137861,-34.4728563939137,-113.997</coordinates>
			</Point>
		</Placemark>
		<Placemark>
			<name>8</name>
			<styleUrl>#yellow-number-pin2</styleUrl>
			<Point>
				<coordinates>-70.85396482773599,-34.4719151522417,-113.997</coordinates>
			</Point>
		</Placemark>
		<Placemark>
			<name>9</name>
			<styleUrl>#yellow-number-pin2</styleUrl>
			<Point>
				<coordinates>-70.8534423587401,-34.4716703497792,-113.997</coordinates>
			</Point>
		</Placemark>
		<Placemark>
			<name>10</name>
			<styleUrl>#yellow-number-pin2</styleUrl>
			<Point>
				<coordinates>-70.85313809215781,-34.4712878347918,-113.997</coordinates>
			</Point>
		</Placemark>
		<Placemark>
			<name>6</name>
			<styleUrl>#yellow-number-pin2</styleUrl>
			<Point>
				<coordinates>-70.85299897349491,-34.4724954675466,-113.997</coordinates>
			</Point>
		</Placemark>
		<Placemark>
			<name>5</name>
			<styleUrl>#yellow-number-pin2</styleUrl>
			<Point>
				<coordinates>-70.85257949701629,-34.472127132172,-113.997</coordinates>
			</Point>
		</Placemark>
		<Placemark>
			<name>4</name>
			<styleUrl>#yellow-number-pin2</styleUrl>
			<Point>
				<coordinates>-70.8518937788718,-34.4715715341485,-113.997</coordinates>
			</Point>
		</Placemark>
		<Placemark>
			<name>11</name>
			<styleUrl>#yellow-number-pin2</styleUrl>
			<Point>
				<coordinates>-70.85269112799421,-34.4709818324613,-113.997</coordinates>
			</Point>
		</Placemark>
		<Placemark>
			<name>12</name>
			<styleUrl>#yellow-number-pin2</styleUrl>
			<Point>
				<coordinates>-70.8522241323375,-34.4706850486293,-113.997</coordinates>
			</Point>
		</Placemark>
		<Placemark>
			<name>13</name>
			<styleUrl>#yellow-number-pin2</styleUrl>
			<Point>
				<coordinates>-70.8516200312458,-34.4704702043169,-113.997</coordinates>
			</Point>
		</Placemark>
		<Placemark>
			<name>10</name>
			<styleUrl>#yellow-number-pin2</styleUrl>
			<Point>
				<coordinates>-70.8380142272796,-34.4758363454813,-113.997</coordinates>
			</Point>
		</Placemark>
		<Placemark>
			<name>16</name>
			<styleUrl>#yellow-number-pin2</styleUrl>
			<Point>
				<coordinates>-70.8367404288349,-34.4734826515834,-113.997</coordinates>
			</Point>
		</Placemark>
		<Placemark>
			<name>17</name>
			<styleUrl>#yellow-number-pin2</styleUrl>
			<Point>
				<coordinates>-70.8365620684186,-34.47316609941,-113.997</coordinates>
			</Point>
		</Placemark>
		<Placemark>
			<name>18</name>
			<styleUrl>#yellow-number-pin2</styleUrl>
			<Point>
				<coordinates>-70.8365224763505,-34.472818599463,-113.997</coordinates>
			</Point>
		</Placemark>
		<Placemark>
			<name>12</name>
			<styleUrl>#yellow-number-pin2</styleUrl>
			<Point>
				<coordinates>-70.8383176704496,-34.4730082743153,-113.997</coordinates>
			</Point>
		</Placemark>
		<Placemark>
			<name>13</name>
			<styleUrl>#yellow-number-pin2</styleUrl>
			<Point>
				<coordinates>-70.83836979370329,-34.4733474762076,-113.997</coordinates>
			</Point>
		</Placemark>
		<Placemark>
			<name>14</name>
			<styleUrl>#yellow-number-pin2</styleUrl>
			<Point>
				<coordinates>-70.8384472055296,-34.4736736216794,-113.997</coordinates>
			</Point>
		</Placemark>
		<Placemark>
			<name>15</name>
			<styleUrl>#yellow-number-pin2</styleUrl>
			<Point>
				<coordinates>-70.83860667024371,-34.4740570613438,-113.997</coordinates>
			</Point>
		</Placemark>
		<Placemark>
			<name>16</name>
			<styleUrl>#yellow-number-pin2</styleUrl>
			<Point>
				<coordinates>-70.83869508146709,-34.4744325135632,-113.997</coordinates>
			</Point>
		</Placemark>
		<Placemark>
			<name>17</name>
			<styleUrl>#yellow-number-pin2</styleUrl>
			<Point>
				<coordinates>-70.83883007315301,-34.4749584862558,-113.997</coordinates>
			</Point>
		</Placemark>
		<Placemark>
			<name>1</name>
			<styleUrl>#yellow-number-pin2</styleUrl>
			<Point>
				<coordinates>-70.8398441034841,-34.4750713630559,-113.997</coordinates>
			</Point>
		</Placemark>
		<Placemark>
			<name>2</name>
			<styleUrl>#yellow-number-pin2</styleUrl>
			<Point>
				<coordinates>-70.8397979066981,-34.4745918123823,-113.997</coordinates>
			</Point>
		</Placemark>
		<Placemark>
			<name>3</name>
			<styleUrl>#yellow-number-pin2</styleUrl>
			<Point>
				<coordinates>-70.839660547416,-34.4741964606144,-113.997</coordinates>
			</Point>
		</Placemark>
		<Placemark>
			<name>4</name>
			<styleUrl>#yellow-number-pin2</styleUrl>
			<Point>
				<coordinates>-70.8397416078473,-34.4737206980617,-113.997</coordinates>
			</Point>
		</Placemark>
		<Placemark>
			<name>5</name>
			<styleUrl>#yellow-number-pin2</styleUrl>
			<Point>
				<coordinates>-70.8394713433111,-34.4732789357372,-113.997</coordinates>
			</Point>
		</Placemark>
		<Placemark>
			<name>6</name>
			<styleUrl>#yellow-number-pin2</styleUrl>
			<Point>
				<coordinates>-70.8394031603831,-34.4728471291508,-113.997</coordinates>
			</Point>
		</Placemark>
		<Placemark>
			<name>7</name>
			<styleUrl>#yellow-number-pin2</styleUrl>
			<Point>
				<coordinates>-70.83954733138501,-34.4722733082433,-113.997</coordinates>
			</Point>
		</Placemark>
		<Placemark>
			<name>11</name>
			<styleUrl>#yellow-number-pin2</styleUrl>
			<Point>
				<coordinates>-70.8386266512174,-34.472494105601,-113.997</coordinates>
			</Point>
		</Placemark>
		<Placemark>
			<name>9</name>
			<styleUrl>#yellow-number-pin2</styleUrl>
			<Point>
				<coordinates>-70.8385100626011,-34.4719267089447,-113.997</coordinates>
			</Point>
		</Placemark>
		<Placemark>
			<name>8</name>
			<styleUrl>#yellow-number-pin2</styleUrl>
			<Point>
				<coordinates>-70.83955896231519,-34.4717765134917,-113.997</coordinates>
			</Point>
		</Placemark>
		<Placemark>
			<name>8</name>
			<styleUrl>#yellow-number-pin2</styleUrl>
			<Point>
				<coordinates>-70.8419791395031,-34.4716270883257,-113.997</coordinates>
			</Point>
		</Placemark>
		<Placemark>
			<name>9</name>
			<styleUrl>#yellow-number-pin2</styleUrl>
			<Point>
				<coordinates>-70.8413374494711,-34.4716961196149,-113.997</coordinates>
			</Point>
		</Placemark>
		<Placemark>
			<name>10</name>
			<styleUrl>#yellow-number-pin2</styleUrl>
			<Point>
				<coordinates>-70.8405713884177,-34.4717755583869,-113.997</coordinates>
			</Point>
		</Placemark>
		<Placemark>
			<name>7</name>
			<styleUrl>#yellow-number-pin2</styleUrl>
			<Point>
				<coordinates>-70.8418010824158,-34.4722765240185,-113.997</coordinates>
			</Point>
		</Placemark>
		<Placemark>
			<name>6</name>
			<styleUrl>#yellow-number-pin2</styleUrl>
			<Point>
				<coordinates>-70.84188801932559,-34.4726461446853,-113.997</coordinates>
			</Point>
		</Placemark>
		<Placemark>
			<name>5</name>
			<styleUrl>#yellow-number-pin2</styleUrl>
			<Point>
				<coordinates>-70.8419949390177,-34.4731031037762,-113.997</coordinates>
			</Point>
		</Placemark>
		<Placemark>
			<name>4</name>
			<styleUrl>#yellow-number-pin2</styleUrl>
			<Point>
				<coordinates>-70.8420801432701,-34.4735514860047,-113.997</coordinates>
			</Point>
		</Placemark>
		<Placemark>
			<name>11</name>
			<styleUrl>#yellow-number-pin2</styleUrl>
			<Point>
				<coordinates>-70.8406787099435,-34.4723453133075,-113.997</coordinates>
			</Point>
		</Placemark>
		<Placemark>
			<name>12</name>
			<styleUrl>#yellow-number-pin2</styleUrl>
			<Point>
				<coordinates>-70.84069160474721,-34.472745969877,-113.997</coordinates>
			</Point>
		</Placemark>
		<Placemark>
			<name>13</name>
			<styleUrl>#yellow-number-pin2</styleUrl>
			<Point>
				<coordinates>-70.84076594336091,-34.4731900646414,-113.997</coordinates>
			</Point>
		</Placemark>
		<Placemark>
			<name>14</name>
			<styleUrl>#yellow-number-pin2</styleUrl>
			<Point>
				<coordinates>-70.84087276004109,-34.4736425741067,-113.997</coordinates>
			</Point>
		</Placemark>
		<Placemark>
			<name>3</name>
			<styleUrl>#yellow-number-pin2</styleUrl>
			<Point>
				<coordinates>-70.8421698428342,-34.4739839453777,-113.997</coordinates>
			</Point>
		</Placemark>
		<Placemark>
			<name>15</name>
			<styleUrl>#yellow-number-pin2</styleUrl>
			<Point>
				<coordinates>-70.84096540069901,-34.4740889816896,-113.997</coordinates>
			</Point>
		</Placemark>
		<Placemark>
			<name>16</name>
			<styleUrl>#yellow-number-pin2</styleUrl>
			<Point>
				<coordinates>-70.84102350725161,-34.4745528188487,-113.997</coordinates>
			</Point>
		</Placemark>
		<Placemark>
			<name>2</name>
			<styleUrl>#yellow-number-pin2</styleUrl>
			<Point>
				<coordinates>-70.8422524492718,-34.4744704819584,-113.997</coordinates>
			</Point>
		</Placemark>
		<Placemark>
			<name>1</name>
			<styleUrl>#yellow-number-pin2</styleUrl>
			<Point>
				<coordinates>-70.84233155486361,-34.4749013210083,-113.997</coordinates>
			</Point>
		</Placemark>
		<Placemark>
			<name>17</name>
			<styleUrl>#yellow-number-pin2</styleUrl>
			<Point>
				<coordinates>-70.8411026053586,-34.4749670629117,-113.997</coordinates>
			</Point>
		</Placemark>
		<Placemark>
			<name>13</name>
			<styleUrl>#yellow-number-pin2</styleUrl>
			<Point>
				<coordinates>-70.844215665644,-34.4713200198126,-113.997</coordinates>
			</Point>
		</Placemark>
		<Placemark>
			<name>14</name>
			<styleUrl>#yellow-number-pin2</styleUrl>
			<Point>
				<coordinates>-70.8443368084493,-34.4717552467644,-113.997</coordinates>
			</Point>
		</Placemark>
		<Placemark>
			<name>15</name>
			<styleUrl>#yellow-number-pin2</styleUrl>
			<Point>
				<coordinates>-70.8442752851556,-34.47223309792,-113.997</coordinates>
			</Point>
		</Placemark>
		<Placemark>
			<name>16</name>
			<styleUrl>#yellow-number-pin2</styleUrl>
			<Point>
				<coordinates>-70.84450869344801,-34.4726313757607,-113.997</coordinates>
			</Point>
		</Placemark>
		<Placemark>
			<name>17</name>
			<styleUrl>#yellow-number-pin2</styleUrl>
			<Point>
				<coordinates>-70.84460233173731,-34.4730345655332,-113.997</coordinates>
			</Point>
		</Placemark>
		<Placemark>
			<name>10</name>
			<styleUrl>#yellow-number-pin2</styleUrl>
			<Point>
				<coordinates>-70.843191197434,-34.4722781618925,-113.997</coordinates>
			</Point>
		</Placemark>
		<Placemark>
			<name>11</name>
			<styleUrl>#yellow-number-pin2</styleUrl>
			<Point>
				<coordinates>-70.8457292791531,-34.4724522900553,-113.997</coordinates>
			</Point>
		</Placemark>
		<Placemark>
			<name>12</name>
			<styleUrl>#yellow-number-pin2</styleUrl>
			<Point>
				<coordinates>-70.8468756655509,-34.4723499620131,-113.997</coordinates>
			</Point>
		</Placemark>
		<Placemark>
			<name>13</name>
			<styleUrl>#yellow-number-pin2</styleUrl>
			<Point>
				<coordinates>-70.8468393942636,-34.4719390180632,-113.997</coordinates>
			</Point>
		</Placemark>
		<Placemark>
			<name>10</name>
			<styleUrl>#yellow-number-pin2</styleUrl>
			<Point>
				<coordinates>-70.8458423015897,-34.4729253006005,-113.997</coordinates>
			</Point>
		</Placemark>
		<Placemark>
			<name>9</name>
			<styleUrl>#yellow-number-pin2</styleUrl>
			<Point>
				<coordinates>-70.84701433232949,-34.4728457324309,-113.997</coordinates>
			</Point>
		</Placemark>
		<Placemark>
			<name>14</name>
			<styleUrl>#yellow-number-pin2</styleUrl>
			<Point>
				<coordinates>-70.8456278460164,-34.4720215063515,-113.997</coordinates>
			</Point>
		</Placemark>
		<Placemark>
			<name>8</name>
			<styleUrl>#yellow-number-pin2</styleUrl>
			<Point>
				<coordinates>-70.8471106870394,-34.4733085389565,-113.997</coordinates>
			</Point>
		</Placemark>
		<Placemark>
			<name>21</name>
			<styleUrl>#yellow-number-pin2</styleUrl>
			<Point>
				<coordinates>-70.8476090752864,-34.470613142206,-113.997</coordinates>
			</Point>
		</Placemark>
		<Placemark>
			<name>15</name>
			<styleUrl>#yellow-number-pin2</styleUrl>
			<Point>
				<coordinates>-70.84515253579011,-34.4712961710623,-113.997</coordinates>
			</Point>
		</Placemark>
		<Placemark>
			<name>16</name>
			<styleUrl>#yellow-number-pin2</styleUrl>
			<Point>
				<coordinates>-70.8462470283161,-34.471453362065,-113.997</coordinates>
			</Point>
		</Placemark>
		<Placemark>
			<name>7</name>
			<styleUrl>#yellow-number-pin2</styleUrl>
			<Point>
				<coordinates>-70.845900932795,-34.4733447839993,-113.997</coordinates>
			</Point>
		</Placemark>
		<Placemark>
			<name>6</name>
			<styleUrl>#yellow-number-pin2</styleUrl>
			<Point>
				<coordinates>-70.84602318207369,-34.4738525333422,-113.997</coordinates>
			</Point>
		</Placemark>
		<Placemark>
			<name>5</name>
			<styleUrl>#yellow-number-pin2</styleUrl>
			<Point>
				<coordinates>-70.84725091353999,-34.4737281709068,-113.997</coordinates>
			</Point>
		</Placemark>
		<Placemark>
			<name>4</name>
			<styleUrl>#yellow-number-pin2</styleUrl>
			<Point>
				<coordinates>-70.84793532228601,-34.4742049069722,-113.997</coordinates>
			</Point>
		</Placemark>
		<Placemark>
			<name>17</name>
			<styleUrl>#yellow-number-pin2</styleUrl>
			<Point>
				<coordinates>-70.84611489606139,-34.4710653239795,-113.997</coordinates>
			</Point>
		</Placemark>
		<Placemark>
			<name>2</name>
			<styleUrl>#yellow-number-pin2</styleUrl>
			<Point>
				<coordinates>-70.846459447187,-34.4753165816907,-113.997</coordinates>
			</Point>
		</Placemark>
		<Placemark>
			<name>3</name>
			<styleUrl>#yellow-number-pin2</styleUrl>
			<Point>
				<coordinates>-70.8472904178625,-34.4748229938467,-113.997</coordinates>
			</Point>
		</Placemark>
		<Placemark>
			<name>5</name>
			<styleUrl>#yellow-number-pin2</styleUrl>
			<Point>
				<coordinates>-70.8478040551074,-34.4755464941638,-113.997</coordinates>
			</Point>
		</Placemark>
		<Placemark>
			<name>4</name>
			<styleUrl>#yellow-number-pin2</styleUrl>
			<Point>
				<coordinates>-70.8473759243674,-34.4752015462832,-113.997</coordinates>
			</Point>
		</Placemark>
		<Placemark>
			<name>6</name>
			<styleUrl>#yellow-number-pin2</styleUrl>
			<Point>
				<coordinates>-70.84838332533749,-34.4748830237808,-113.997</coordinates>
			</Point>
		</Placemark>
		<Placemark>
			<name>7</name>
			<styleUrl>#yellow-number-pin2</styleUrl>
			<Point>
				<coordinates>-70.84883785477911,-34.4754919433964,-113.997</coordinates>
			</Point>
		</Placemark>
		<Placemark>
			<name>3</name>
			<styleUrl>#yellow-number-pin2</styleUrl>
			<Point>
				<coordinates>-70.8471935786409,-34.474250554254,-113.997</coordinates>
			</Point>
		</Placemark>
		<Placemark>
			<name>2</name>
			<styleUrl>#yellow-number-pin2</styleUrl>
			<Point>
				<coordinates>-70.8463611558518,-34.4742898721969,-113.997</coordinates>
			</Point>
		</Placemark>
		<Placemark>
			<name>1</name>
			<styleUrl>#yellow-number-pin2</styleUrl>
			<Point>
				<coordinates>-70.84601922441909,-34.4747604114474,-113.997</coordinates>
			</Point>
		</Placemark>
		<Placemark>
			<name>8</name>
			<styleUrl>#yellow-number-pin2</styleUrl>
			<Point>
				<coordinates>-70.84901473277711,-34.4746971250455,-113.997</coordinates>
			</Point>
		</Placemark>
		<Placemark>
			<name>15</name>
			<styleUrl>#yellow-number-pin2</styleUrl>
			<Point>
				<coordinates>-70.8461722205854,-34.4659544719567,-113.997</coordinates>
			</Point>
		</Placemark>
		<Placemark>
			<name>14</name>
			<styleUrl>#yellow-number-pin2</styleUrl>
			<Point>
				<coordinates>-70.8464338762696,-34.4663779430319,-113.997</coordinates>
			</Point>
		</Placemark>
		<Placemark>
			<name>13</name>
			<styleUrl>#yellow-number-pin2</styleUrl>
			<Point>
				<coordinates>-70.8466969774705,-34.4667704233625,-113.997</coordinates>
			</Point>
		</Placemark>
		<Placemark>
			<name>12</name>
			<styleUrl>#yellow-number-pin2</styleUrl>
			<Point>
				<coordinates>-70.84693743860289,-34.4671873152331,-113.997</coordinates>
			</Point>
		</Placemark>
		<Placemark>
			<name>11</name>
			<styleUrl>#yellow-number-pin2</styleUrl>
			<Point>
				<coordinates>-70.8472187029985,-34.4676161033195,-113.997</coordinates>
			</Point>
		</Placemark>
		<Placemark>
			<name>10</name>
			<styleUrl>#yellow-number-pin2</styleUrl>
			<Point>
				<coordinates>-70.8475778625761,-34.4680366319681,-113.997</coordinates>
			</Point>
		</Placemark>
		<Placemark>
			<name>9</name>
			<styleUrl>#yellow-number-pin2</styleUrl>
			<Point>
				<coordinates>-70.8497910057696,-34.4746280870698,-113.997</coordinates>
			</Point>
		</Placemark>
		<Placemark>
			<name>16</name>
			<styleUrl>#yellow-number-pin2</styleUrl>
			<Point>
				<coordinates>-70.8499247657019,-34.4757708548877,-113.997</coordinates>
			</Point>
		</Placemark>
		<Placemark>
			<name>9</name>
			<styleUrl>#yellow-number-pin2</styleUrl>
			<Point>
				<coordinates>-70.8478410104311,-34.4685614051076,-113.997</coordinates>
			</Point>
		</Placemark>
		<Placemark>
			<name>8</name>
			<styleUrl>#yellow-number-pin2</styleUrl>
			<Point>
				<coordinates>-70.8480665034695,-34.4690051649391,-113.997</coordinates>
			</Point>
		</Placemark>
		<Placemark>
			<name>7</name>
			<styleUrl>#yellow-number-pin2</styleUrl>
			<Point>
				<coordinates>-70.8483626319114,-34.4693704231052,-113.997</coordinates>
			</Point>
		</Placemark>
		<Placemark>
			<name>6</name>
			<styleUrl>#yellow-number-pin2</styleUrl>
			<Point>
				<coordinates>-70.8487029709361,-34.4697897379402,-113.997</coordinates>
			</Point>
		</Placemark>
		<Placemark>
			<name>20</name>
			<styleUrl>#yellow-number-pin2</styleUrl>
			<Point>
				<coordinates>-70.84749113708379,-34.4701630630736,-113.997</coordinates>
			</Point>
		</Placemark>
		<Placemark>
			<name>5</name>
			<styleUrl>#yellow-number-pin2</styleUrl>
			<Point>
				<coordinates>-70.8489540119504,-34.4701714278529,-113.997</coordinates>
			</Point>
		</Placemark>
		<Placemark>
			<name>4</name>
			<styleUrl>#yellow-number-pin2</styleUrl>
			<Point>
				<coordinates>-70.8491854283258,-34.4706507880553,-113.997</coordinates>
			</Point>
		</Placemark>
		<Placemark>
			<name>3</name>
			<styleUrl>#yellow-number-pin2</styleUrl>
			<Point>
				<coordinates>-70.8493229657368,-34.4710959680396,-113.997</coordinates>
			</Point>
		</Placemark>
		<Placemark>
			<name>2</name>
			<styleUrl>#yellow-number-pin2</styleUrl>
			<Point>
				<coordinates>-70.8494497565963,-34.471563691449,-113.997</coordinates>
			</Point>
		</Placemark>
		<Placemark>
			<name>22</name>
			<styleUrl>#yellow-number-pin2</styleUrl>
			<Point>
				<coordinates>-70.84773085711279,-34.4708921512318,-113.997</coordinates>
			</Point>
		</Placemark>
		<Placemark>
			<name>23</name>
			<styleUrl>#yellow-number-pin2</styleUrl>
			<Point>
				<coordinates>-70.8478438209237,-34.4711673631593,-113.997</coordinates>
			</Point>
		</Placemark>
		<Placemark>
			<name>24</name>
			<styleUrl>#yellow-number-pin2</styleUrl>
			<Point>
				<coordinates>-70.8481187913499,-34.4714735153733,-113.997</coordinates>
			</Point>
		</Placemark>
		<Placemark>
			<name>25</name>
			<styleUrl>#yellow-number-pin2</styleUrl>
			<Point>
				<coordinates>-70.84819911536979,-34.4718467970488,-113.997</coordinates>
			</Point>
		</Placemark>
		<Placemark>
			<name>26</name>
			<styleUrl>#yellow-number-pin2</styleUrl>
			<Point>
				<coordinates>-70.8482838372929,-34.4722326908797,-113.997</coordinates>
			</Point>
		</Placemark>
		<Placemark>
			<name>4</name>
			<styleUrl>#yellow-number-pin2</styleUrl>
			<Point>
				<coordinates>-70.8495130193654,-34.4721414446341,-113.997</coordinates>
			</Point>
		</Placemark>
		<Placemark>
			<name>27</name>
			<styleUrl>#yellow-number-pin2</styleUrl>
			<Point>
				<coordinates>-70.84839746762481,-34.4726709834667,-113.997</coordinates>
			</Point>
		</Placemark>
		<Placemark>
			<name>28</name>
			<styleUrl>#yellow-number-pin2</styleUrl>
			<Point>
				<coordinates>-70.8484456239383,-34.4730927446612,-113.997</coordinates>
			</Point>
		</Placemark>
		<Placemark>
			<name>29</name>
			<styleUrl>#yellow-number-pin2</styleUrl>
			<Point>
				<coordinates>-70.8485983198904,-34.4734974683719,-113.997</coordinates>
			</Point>
		</Placemark>
		<Placemark>
			<name>30</name>
			<styleUrl>#yellow-number-pin2</styleUrl>
			<Point>
				<coordinates>-70.8488316573012,-34.4740500761243,-113.997</coordinates>
			</Point>
		</Placemark>
		<Placemark>
			<name>1</name>
			<styleUrl>#yellow-number-pin2</styleUrl>
			<Point>
				<coordinates>-70.8496878639304,-34.4739741373413,-113.997</coordinates>
			</Point>
		</Placemark>
		<Placemark>
			<name>2</name>
			<styleUrl>#yellow-number-pin2</styleUrl>
			<Point>
				<coordinates>-70.84941513891729,-34.4732286797234,-113.997</coordinates>
			</Point>
		</Placemark>
		<Placemark>
			<name>3</name>
			<styleUrl>#yellow-number-pin2</styleUrl>
			<Point>
				<coordinates>-70.849607212932,-34.4726504923168,-113.997</coordinates>
			</Point>
		</Placemark>
		<Placemark>
			<name>19</name>
			<styleUrl>#yellow-number-pin2</styleUrl>
			<Point>
				<coordinates>-70.8366408321013,-34.4724275924672,-113.997</coordinates>
			</Point>
		</Placemark>
		<Placemark>
			<name>20</name>
			<styleUrl>#yellow-number-pin2</styleUrl>
			<Point>
				<coordinates>-70.8367084614208,-34.4720896908841,-113.997</coordinates>
			</Point>
		</Placemark>
		<Placemark>
			<name>6</name>
			<styleUrl>#yellow-number-pin2</styleUrl>
			<Point>
				<coordinates>-70.8382327840342,-34.4776233199869,-113.997</coordinates>
			</Point>
		</Placemark>
		<Placemark>
			<name>7</name>
			<styleUrl>#yellow-number-pin2</styleUrl>
			<Point>
				<coordinates>-70.83827863742169,-34.4771557873972,-113.997</coordinates>
			</Point>
		</Placemark>
		<Placemark>
			<name>8</name>
			<styleUrl>#yellow-number-pin2</styleUrl>
			<Point>
				<coordinates>-70.8382266023015,-34.4767315637822,-113.997</coordinates>
			</Point>
		</Placemark>
		<Placemark>
			<name>9</name>
			<styleUrl>#yellow-number-pin2</styleUrl>
			<Point>
				<coordinates>-70.83812343296221,-34.476283225292,-113.997</coordinates>
			</Point>
		</Placemark>
		<Placemark>
			<name>11</name>
			<styleUrl>#yellow-number-pin2</styleUrl>
			<Point>
				<coordinates>-70.8379081489422,-34.4754258021202,-113.997</coordinates>
			</Point>
		</Placemark>
		<Placemark>
			<name>13</name>
			<styleUrl>#yellow-number-pin2</styleUrl>
			<Point>
				<coordinates>-70.83747203377111,-34.4745691895381,-113.997</coordinates>
			</Point>
		</Placemark>
		<Placemark>
			<name>12</name>
			<styleUrl>#yellow-number-pin2</styleUrl>
			<Point>
				<coordinates>-70.8377217703371,-34.4749696042054,-113.997</coordinates>
			</Point>
		</Placemark>
		<Placemark>
			<name>14</name>
			<styleUrl>#yellow-number-pin2</styleUrl>
			<Point>
				<coordinates>-70.8371883021764,-34.4741942317845,-113.997</coordinates>
			</Point>
		</Placemark>
		<Placemark>
			<name>15</name>
			<styleUrl>#yellow-number-pin2</styleUrl>
			<Point>
				<coordinates>-70.8369405627911,-34.4738134070974,-113.997</coordinates>
			</Point>
		</Placemark>
		<Placemark>
			<name>10</name>
			<styleUrl>#yellow-number-pin2</styleUrl>
			<Point>
				<coordinates>-70.83748723763139,-34.4724305814452,-113.997</coordinates>
			</Point>
		</Placemark>
		<Placemark>
			<name>1</name>
			<styleUrl>#yellow-number-pin2</styleUrl>
			<Point>
				<coordinates>-70.8452123611949,-34.4703859122792,-113.997</coordinates>
			</Point>
		</Placemark>
		<Placemark>
			<name>2</name>
			<styleUrl>#yellow-number-pin2</styleUrl>
			<Point>
				<coordinates>-70.8446805579495,-34.4704332128896,-113.997</coordinates>
			</Point>
		</Placemark>
		<Placemark>
			<name>3</name>
			<styleUrl>#yellow-number-pin2</styleUrl>
			<Point>
				<coordinates>-70.84417499727449,-34.4704807853809,-113.997</coordinates>
			</Point>
		</Placemark>
		<Placemark>
			<name>4</name>
			<styleUrl>#yellow-number-pin2</styleUrl>
			<Point>
				<coordinates>-70.8436689598596,-34.470511300138,-113.997</coordinates>
			</Point>
		</Placemark>
		<Placemark>
			<name>5</name>
			<styleUrl>#yellow-number-pin2</styleUrl>
			<Point>
				<coordinates>-70.84315308449651,-34.4705770064941,-113.997</coordinates>
			</Point>
		</Placemark>
		<Placemark>
			<name>6</name>
			<styleUrl>#yellow-number-pin2</styleUrl>
			<Point>
				<coordinates>-70.84265222825439,-34.4706371681935,-113.997</coordinates>
			</Point>
		</Placemark>
		<Placemark>
			<name>7</name>
			<styleUrl>#yellow-number-pin2</styleUrl>
			<Point>
				<coordinates>-70.8421430792874,-34.4706731679009,-113.997</coordinates>
			</Point>
		</Placemark>
		<Placemark>
			<name>8</name>
			<styleUrl>#yellow-number-pin2</styleUrl>
			<Point>
				<coordinates>-70.8416688757011,-34.4707229175796,-113.997</coordinates>
			</Point>
		</Placemark>
		<Placemark>
			<name>9</name>
			<styleUrl>#yellow-number-pin2</styleUrl>
			<Point>
				<coordinates>-70.8411715286416,-34.4707576182972,-113.997</coordinates>
			</Point>
		</Placemark>
		<Placemark>
			<name>10</name>
			<styleUrl>#yellow-number-pin2</styleUrl>
			<Point>
				<coordinates>-70.8407242628605,-34.4708280168559,-113.997</coordinates>
			</Point>
		</Placemark>
		<Placemark>
			<name>11</name>
			<styleUrl>#yellow-number-pin2</styleUrl>
			<Point>
				<coordinates>-70.8402492594044,-34.4708621062495,-113.997</coordinates>
			</Point>
		</Placemark>
		<Placemark>
			<name>12</name>
			<styleUrl>#yellow-number-pin2</styleUrl>
			<Point>
				<coordinates>-70.8397506648798,-34.4709019740385,-113.997</coordinates>
			</Point>
		</Placemark>
		<Placemark>
			<name>13</name>
			<styleUrl>#yellow-number-pin2</styleUrl>
			<Point>
				<coordinates>-70.8392788162143,-34.4709640584376,-113.997</coordinates>
			</Point>
		</Placemark>
		<Placemark>
			<name>14</name>
			<styleUrl>#yellow-number-pin2</styleUrl>
			<Point>
				<coordinates>-70.8387841856966,-34.4710263189684,-113.997</coordinates>
			</Point>
		</Placemark>
		<Placemark>
			<name>25</name>
			<styleUrl>#yellow-number-pin2</styleUrl>
			<Point>
				<coordinates>-70.8432223055961,-34.4696555557403,-113.997</coordinates>
			</Point>
		</Placemark>
		<Placemark>
			<name>24</name>
			<styleUrl>#yellow-number-pin2</styleUrl>
			<Point>
				<coordinates>-70.8427029703185,-34.4696974318043,-113.997</coordinates>
			</Point>
		</Placemark>
		<Placemark>
			<name>23</name>
			<styleUrl>#yellow-number-pin2</styleUrl>
			<Point>
				<coordinates>-70.8421455209761,-34.4695737952167,-113.997</coordinates>
			</Point>
		</Placemark>
		<Placemark>
			<name>22</name>
			<styleUrl>#yellow-number-pin2</styleUrl>
			<Point>
				<coordinates>-70.84160274125961,-34.4697996058652,-113.997</coordinates>
			</Point>
		</Placemark>
		<Placemark>
			<name>21</name>
			<styleUrl>#yellow-number-pin2</styleUrl>
			<Point>
				<coordinates>-70.8410572257972,-34.4698653159501,-113.997</coordinates>
			</Point>
		</Placemark>
		<Placemark>
			<name>20</name>
			<styleUrl>#yellow-number-pin2</styleUrl>
			<Point>
				<coordinates>-70.84053127122471,-34.4699355455596,-113.997</coordinates>
			</Point>
		</Placemark>
		<Placemark>
			<name>19</name>
			<styleUrl>#yellow-number-pin2</styleUrl>
			<Point>
				<coordinates>-70.8400007988312,-34.4699907622342,-113.997</coordinates>
			</Point>
		</Placemark>
		<Placemark>
			<name>17</name>
			<styleUrl>#yellow-number-pin2</styleUrl>
			<Point>
				<coordinates>-70.842762497078,-34.4689592667698,-113.997</coordinates>
			</Point>
		</Placemark>
		<Placemark>
			<name>18</name>
			<styleUrl>#yellow-number-pin2</styleUrl>
			<Point>
				<coordinates>-70.8394356919804,-34.4700384066335,-113.997</coordinates>
			</Point>
		</Placemark>
		<Placemark>
			<name>17</name>
			<styleUrl>#yellow-number-pin2</styleUrl>
			<Point>
				<coordinates>-70.83889308247539,-34.4700971581409,-113.997</coordinates>
			</Point>
		</Placemark>
		<Placemark>
			<name>16</name>
			<styleUrl>#yellow-number-pin2</styleUrl>
			<Point>
				<coordinates>-70.8383641903915,-34.4701335708128,-113.997</coordinates>
			</Point>
		</Placemark>
		<Placemark>
			<name>16</name>
			<styleUrl>#yellow-number-pin2</styleUrl>
			<Point>
				<coordinates>-70.8424163101444,-34.4685415316837,-113.997</coordinates>
			</Point>
		</Placemark>
		<Placemark>
			<name>15</name>
			<styleUrl>#yellow-number-pin2</styleUrl>
			<Point>
				<coordinates>-70.8383160350738,-34.4710839047839,-113.997</coordinates>
			</Point>
		</Placemark>
		<Placemark>
			<name>18</name>
			<styleUrl>#yellow-number-pin2</styleUrl>
			<Point>
				<coordinates>-70.8418251182277,-34.4688360867348,-113.997</coordinates>
			</Point>
		</Placemark>
		<Placemark>
			<name>19</name>
			<styleUrl>#yellow-number-pin2</styleUrl>
			<Point>
				<coordinates>-70.84126633244161,-34.4689304935362,-113.997</coordinates>
			</Point>
		</Placemark>
		<Placemark>
			<name>20</name>
			<styleUrl>#yellow-number-pin2</styleUrl>
			<Point>
				<coordinates>-70.84067471175641,-34.4689650547494,-113.997</coordinates>
			</Point>
		</Placemark>
		<Placemark>
			<name>1</name>
			<styleUrl>#yellow-number-pin2</styleUrl>
			<Point>
				<coordinates>-70.8390119852146,-34.4693497777969,-113.997</coordinates>
			</Point>
		</Placemark>
		<Placemark>
			<name>15</name>
			<styleUrl>#yellow-number-pin2</styleUrl>
			<Point>
				<coordinates>-70.84172194112649,-34.4679863565533,-113.997</coordinates>
			</Point>
		</Placemark>
		<Placemark>
			<name>14</name>
			<styleUrl>#yellow-number-pin2</styleUrl>
			<Point>
				<coordinates>-70.841180797882,-34.4680577089252,-113.997</coordinates>
			</Point>
		</Placemark>
		<Placemark>
			<name>13</name>
			<styleUrl>#yellow-number-pin2</styleUrl>
			<Point>
				<coordinates>-70.840638871259,-34.4680902891628,-113.997</coordinates>
			</Point>
		</Placemark>
		<Placemark>
			<name>12</name>
			<styleUrl>#yellow-number-pin2</styleUrl>
			<Point>
				<coordinates>-70.84112665735481,-34.4673120108315,-113.997</coordinates>
			</Point>
		</Placemark>
		<Placemark>
			<name>11</name>
			<styleUrl>#yellow-number-pin2</styleUrl>
			<Point>
				<coordinates>-70.841033795846,-34.466899044863,-113.997</coordinates>
			</Point>
		</Placemark>
		<Placemark>
			<name>10</name>
			<styleUrl>#yellow-number-pin2</styleUrl>
			<Point>
				<coordinates>-70.8408394769682,-34.4663917268236,-113.997</coordinates>
			</Point>
		</Placemark>
		<Placemark>
			<name>6</name>
			<styleUrl>#yellow-number-pin2</styleUrl>
			<Point>
				<coordinates>-70.840092834359,-34.4666818639108,-113.997</coordinates>
			</Point>
		</Placemark>
		<Placemark>
			<name>12</name>
			<styleUrl>#yellow-number-pin2</styleUrl>
			<Point>
				<coordinates>-70.83916924584869,-34.4664705353679,-113.997</coordinates>
			</Point>
		</Placemark>
		<Placemark>
			<name>10</name>
			<styleUrl>#yellow-number-pin2</styleUrl>
			<Point>
				<coordinates>-70.83912452456519,-34.4669339866699,-113.997</coordinates>
			</Point>
		</Placemark>
		<Placemark>
			<name>8</name>
			<styleUrl>#yellow-number-pin2</styleUrl>
			<Point>
				<coordinates>-70.8389074109663,-34.4675467752894,-113.997</coordinates>
			</Point>
		</Placemark>
		<Placemark>
			<name>6</name>
			<styleUrl>#yellow-number-pin2</styleUrl>
			<Point>
				<coordinates>-70.83864665961249,-34.4681101334041,-113.997</coordinates>
			</Point>
		</Placemark>
		<Placemark>
			<name>4</name>
			<styleUrl>#yellow-number-pin2</styleUrl>
			<Point>
				<coordinates>-70.8383663082378,-34.468593418085,-113.997</coordinates>
			</Point>
		</Placemark>
		<Placemark>
			<name>2</name>
			<styleUrl>#yellow-number-pin2</styleUrl>
			<Point>
				<coordinates>-70.837820185987,-34.4691384643861,-113.997</coordinates>
			</Point>
		</Placemark>
		<Placemark>
			<name>3</name>
			<styleUrl>#yellow-number-pin2</styleUrl>
			<Point>
				<coordinates>-70.83729636969839,-34.4689960390161,-113.997</coordinates>
			</Point>
		</Placemark>
		<Placemark>
			<name>5</name>
			<styleUrl>#yellow-number-pin2</styleUrl>
			<Point>
				<coordinates>-70.83781656106849,-34.4681394887452,-113.997</coordinates>
			</Point>
		</Placemark>
		<Placemark>
			<name>7</name>
			<styleUrl>#yellow-number-pin2</styleUrl>
			<Point>
				<coordinates>-70.8380058475767,-34.4675282574752,-113.997</coordinates>
			</Point>
		</Placemark>
		<Placemark>
			<name>9</name>
			<styleUrl>#yellow-number-pin2</styleUrl>
			<Point>
				<coordinates>-70.8380273219733,-34.46701360599,-113.997</coordinates>
			</Point>
		</Placemark>
		<Placemark>
			<name>11</name>
			<styleUrl>#yellow-number-pin2</styleUrl>
			<Point>
				<coordinates>-70.8381799185096,-34.4664187724182,-113.997</coordinates>
			</Point>
		</Placemark>
		<Placemark>
			<name>9</name>
			<styleUrl>#yellow-number-pin2</styleUrl>
			<Point>
				<coordinates>-70.8405262743225,-34.4657297910746,-113.997</coordinates>
			</Point>
		</Placemark>
		<Placemark>
			<name>7</name>
			<styleUrl>#yellow-number-pin2</styleUrl>
			<Point>
				<coordinates>-70.8398872017104,-34.4657196113966,-113.997</coordinates>
			</Point>
		</Placemark>
		<Placemark>
			<name>8</name>
			<styleUrl>#yellow-number-pin2</styleUrl>
			<Point>
				<coordinates>-70.8400493473418,-34.4651285067737,-113.997</coordinates>
			</Point>
		</Placemark>
		<Placemark>
			<name>14</name>
			<styleUrl>#yellow-number-pin2</styleUrl>
			<Point>
				<coordinates>-70.8391472478324,-34.4659640249722,-113.997</coordinates>
			</Point>
		</Placemark>
		<Placemark>
			<name>16</name>
			<styleUrl>#yellow-number-pin2</styleUrl>
			<Point>
				<coordinates>-70.839149408384,-34.4652986509727,-113.997</coordinates>
			</Point>
		</Placemark>
		<Placemark>
			<name>15</name>
			<styleUrl>#yellow-number-pin2</styleUrl>
			<Point>
				<coordinates>-70.838346247532,-34.4652108979907,-113.997</coordinates>
			</Point>
		</Placemark>
		<Placemark>
			<name>13</name>
			<styleUrl>#yellow-number-pin2</styleUrl>
			<Point>
				<coordinates>-70.8383172115396,-34.4658434239467,-113.997</coordinates>
			</Point>
		</Placemark>
		<Placemark>
			<name>17</name>
			<styleUrl>#yellow-number-pin2</styleUrl>
			<Point>
				<coordinates>-70.83837941803981,-34.4646907542433,-113.997</coordinates>
			</Point>
		</Placemark>
		<Placemark>
			<name>18</name>
			<styleUrl>#yellow-number-pin2</styleUrl>
			<Point>
				<coordinates>-70.8393086878862,-34.4647086243271,-113.997</coordinates>
			</Point>
		</Placemark>
		<Placemark>
			<name>19</name>
			<styleUrl>#yellow-number-pin2</styleUrl>
			<Point>
				<coordinates>-70.8383547517403,-34.464182283247,-113.997</coordinates>
			</Point>
		</Placemark>
		<Placemark>
			<name>24</name>
			<styleUrl>#yellow-number-pin2</styleUrl>
			<Point>
				<coordinates>-70.8371586815516,-34.4702601959098,-113.997</coordinates>
			</Point>
		</Placemark>
		<Placemark>
			<name>23</name>
			<styleUrl>#yellow-number-pin2</styleUrl>
			<Point>
				<coordinates>-70.8369439007913,-34.4707512257475,-113.997</coordinates>
			</Point>
		</Placemark>
		<Placemark>
			<name>22</name>
			<styleUrl>#yellow-number-pin2</styleUrl>
			<Point>
				<coordinates>-70.83725081928181,-34.4711871680524,-113.997</coordinates>
			</Point>
		</Placemark>
		<Placemark>
			<name>21</name>
			<styleUrl>#yellow-number-pin2</styleUrl>
			<Point>
				<coordinates>-70.8370575389888,-34.4716321732134,-113.997</coordinates>
			</Point>
		</Placemark>
		<Placemark>
			<name>21</name>
			<styleUrl>#yellow-number-pin2</styleUrl>
			<Point>
				<coordinates>-70.8385834345724,-34.4637256822808,-113.997</coordinates>
			</Point>
		</Placemark>
		<Placemark>
			<name>10</name>
			<styleUrl>#yellow-number-pin2</styleUrl>
			<Point>
				<coordinates>-70.83740160921791,-34.4639387720475,-113.997</coordinates>
			</Point>
		</Placemark>
		<Placemark>
			<name>11</name>
			<styleUrl>#yellow-number-pin2</styleUrl>
			<Point>
				<coordinates>-70.8374986808342,-34.4634871416826,-113.997</coordinates>
			</Point>
		</Placemark>
		<Placemark>
			<name>12</name>
			<styleUrl>#yellow-number-pin2</styleUrl>
			<Point>
				<coordinates>-70.8375852426484,-34.4629356968567,-113.997</coordinates>
			</Point>
		</Placemark>
		<Placemark>
			<name>13</name>
			<styleUrl>#yellow-number-pin2</styleUrl>
			<Point>
				<coordinates>-70.8376921177026,-34.4626046122177,-113.997</coordinates>
			</Point>
		</Placemark>
		<Placemark>
			<name>14</name>
			<styleUrl>#yellow-number-pin2</styleUrl>
			<Point>
				<coordinates>-70.8377788009262,-34.4622145249418,-113.997</coordinates>
			</Point>
		</Placemark>
		<Placemark>
			<name>15</name>
			<styleUrl>#yellow-number-pin2</styleUrl>
			<Point>
				<coordinates>-70.8379580534081,-34.4619116530596,-113.997</coordinates>
			</Point>
		</Placemark>
		<Placemark>
			<name>16</name>
			<styleUrl>#yellow-number-pin2</styleUrl>
			<Point>
				<coordinates>-70.8459218447841,-34.4655971059537,-113.997</coordinates>
			</Point>
		</Placemark>
		<Placemark>
			<name>17</name>
			<styleUrl>#yellow-number-pin2</styleUrl>
			<Point>
				<coordinates>-70.845651962715,-34.4651976503638,-113.997</coordinates>
			</Point>
		</Placemark>
		<Placemark>
			<name>18</name>
			<styleUrl>#yellow-number-pin2</styleUrl>
			<Point>
				<coordinates>-70.84526644023001,-34.4648700308478,-113.997</coordinates>
			</Point>
		</Placemark>
		<Placemark>
			<name>19</name>
			<styleUrl>#yellow-number-pin2</styleUrl>
			<Point>
				<coordinates>-70.8448523779213,-34.4645210835108,-113.997</coordinates>
			</Point>
		</Placemark>
		<Placemark>
			<name>20</name>
			<styleUrl>#yellow-number-pin2</styleUrl>
			<Point>
				<coordinates>-70.84459265406861,-34.4641309849261,-113.997</coordinates>
			</Point>
		</Placemark>
		<Placemark>
			<name>21</name>
			<styleUrl>#yellow-number-pin2</styleUrl>
			<Point>
				<coordinates>-70.84433751854959,-34.4637515465585,-113.997</coordinates>
			</Point>
		</Placemark>
		<Placemark>
			<name>22</name>
			<styleUrl>#yellow-number-pin2</styleUrl>
			<Point>
				<coordinates>-70.8440842904715,-34.4633568993556,-113.997</coordinates>
			</Point>
		</Placemark>
		<Placemark>
			<name>23</name>
			<styleUrl>#yellow-number-pin2</styleUrl>
			<Point>
				<coordinates>-70.84326642911731,-34.4631894904914,-113.997</coordinates>
			</Point>
		</Placemark>
		<Placemark>
			<name>24</name>
			<styleUrl>#yellow-number-pin2</styleUrl>
			<Point>
				<coordinates>-70.8428289862795,-34.4628849504701,-113.997</coordinates>
			</Point>
		</Placemark>
		<Placemark>
			<name>25</name>
			<styleUrl>#yellow-number-pin2</styleUrl>
			<Point>
				<coordinates>-70.8423680360368,-34.4626139948597,-113.997</coordinates>
			</Point>
		</Placemark>
		<Placemark>
			<name>27</name>
			<styleUrl>#yellow-number-pin2</styleUrl>
			<Point>
				<coordinates>-70.84132082314579,-34.462052230499,-113.997</coordinates>
			</Point>
		</Placemark>
		<Placemark>
			<name>28</name>
			<styleUrl>#yellow-number-pin2</styleUrl>
			<Point>
				<coordinates>-70.8409239511229,-34.4617202749506,-113.997</coordinates>
			</Point>
		</Placemark>
		<Placemark>
			<name>29</name>
			<styleUrl>#yellow-number-pin2</styleUrl>
			<Point>
				<coordinates>-70.84074611892579,-34.4613202186321,-113.997</coordinates>
			</Point>
		</Placemark>
		<Placemark>
			<name>30</name>
			<styleUrl>#yellow-number-pin2</styleUrl>
			<Point>
				<coordinates>-70.8406409853536,-34.4607962682354,-113.997</coordinates>
			</Point>
		</Placemark>
		<Placemark>
			<name>31</name>
			<styleUrl>#yellow-number-pin2</styleUrl>
			<Point>
				<coordinates>-70.84037493057509,-34.4604762966539,-113.997</coordinates>
			</Point>
		</Placemark>
		<Placemark>
			<name>32</name>
			<styleUrl>#yellow-number-pin2</styleUrl>
			<Point>
				<coordinates>-70.84006844082271,-34.4600260251528,-113.997</coordinates>
			</Point>
		</Placemark>
		<Placemark>
			<name>33</name>
			<styleUrl>#yellow-number-pin2</styleUrl>
			<Point>
				<coordinates>-70.8388857199932,-34.4600009707864,-113.997</coordinates>
			</Point>
		</Placemark>
		<Placemark>
			<name>32</name>
			<styleUrl>#yellow-number-pin2</styleUrl>
			<Point>
				<coordinates>-70.8391225369659,-34.4606633815154,-113.997</coordinates>
			</Point>
		</Placemark>
		<Placemark>
			<name>31</name>
			<styleUrl>#yellow-number-pin2</styleUrl>
			<Point>
				<coordinates>-70.8395196796276,-34.4611059627846,-113.997</coordinates>
			</Point>
		</Placemark>
		<Placemark>
			<name>30</name>
			<styleUrl>#yellow-number-pin2</styleUrl>
			<Point>
				<coordinates>-70.8395822637909,-34.4615295300874,-113.997</coordinates>
			</Point>
		</Placemark>
		<Placemark>
			<name>29</name>
			<styleUrl>#yellow-number-pin2</styleUrl>
			<Point>
				<coordinates>-70.8395796542769,-34.46191973068,-113.997</coordinates>
			</Point>
		</Placemark>
		<Placemark>
			<name>28</name>
			<styleUrl>#yellow-number-pin2</styleUrl>
			<Point>
				<coordinates>-70.8395888558685,-34.4622984049287,-113.997</coordinates>
			</Point>
		</Placemark>
		<Placemark>
			<name>27</name>
			<styleUrl>#yellow-number-pin2</styleUrl>
			<Point>
				<coordinates>-70.8399968364206,-34.4627807093167,-113.997</coordinates>
			</Point>
		</Placemark>
		<Placemark>
			<name>26</name>
			<styleUrl>#yellow-number-pin2</styleUrl>
			<Point>
				<coordinates>-70.8418501574276,-34.4623473077941,-113.997</coordinates>
			</Point>
		</Placemark>
		<Placemark>
			<name>12</name>
			<styleUrl>#yellow-number-pin2</styleUrl>
			<Point>
				<coordinates>-70.84082146807749,-34.4628773881306,-113.997</coordinates>
			</Point>
		</Placemark>
		<Placemark>
			<name>13</name>
			<styleUrl>#yellow-number-pin2</styleUrl>
			<Point>
				<coordinates>-70.8411417529813,-34.4632380829886,-113.997</coordinates>
			</Point>
		</Placemark>
		<Placemark>
			<name>14</name>
			<styleUrl>#yellow-number-pin2</styleUrl>
			<Point>
				<coordinates>-70.8418368014139,-34.4635661096893,-113.997</coordinates>
			</Point>
		</Placemark>
		<Placemark>
			<name>15</name>
			<styleUrl>#yellow-number-pin2</styleUrl>
			<Point>
				<coordinates>-70.8423549622822,-34.4638701560896,-113.997</coordinates>
			</Point>
		</Placemark>
		<Placemark>
			<name>10</name>
			<styleUrl>#yellow-number-pin2</styleUrl>
			<Point>
				<coordinates>-70.8413813383083,-34.4643651876647,-113.997</coordinates>
			</Point>
		</Placemark>
		<Placemark>
			<name>18</name>
			<styleUrl>#yellow-number-pin2</styleUrl>
			<Point>
				<coordinates>-70.84312092120599,-34.4642347439213,-113.997</coordinates>
			</Point>
		</Placemark>
		<Placemark>
			<name>17</name>
			<styleUrl>#yellow-number-pin2</styleUrl>
			<Point>
				<coordinates>-70.84269672114389,-34.464676444416,-113.997</coordinates>
			</Point>
		</Placemark>
		<Placemark>
			<name>19</name>
			<styleUrl>#yellow-number-pin2</styleUrl>
			<Point>
				<coordinates>-70.84343991699861,-34.4645118226951,-113.997</coordinates>
			</Point>
		</Placemark>
		<Placemark>
			<name>20</name>
			<styleUrl>#yellow-number-pin2</styleUrl>
			<Point>
				<coordinates>-70.84365505316821,-34.4653337592914,-113.997</coordinates>
			</Point>
		</Placemark>
		<Placemark>
			<name>21</name>
			<styleUrl>#yellow-number-pin2</styleUrl>
			<Point>
				<coordinates>-70.8441467306117,-34.4656333565279,-113.997</coordinates>
			</Point>
		</Placemark>
		<Placemark>
			<name>22</name>
			<styleUrl>#yellow-number-pin2</styleUrl>
			<Point>
				<coordinates>-70.84468370076,-34.4659432329841,-113.997</coordinates>
			</Point>
		</Placemark>
		<Placemark>
			<name>23</name>
			<styleUrl>#yellow-number-pin2</styleUrl>
			<Point>
				<coordinates>-70.8450268142405,-34.4662800830756,-113.997</coordinates>
			</Point>
		</Placemark>
		<Placemark>
			<name>9</name>
			<styleUrl>#yellow-number-pin2</styleUrl>
			<Point>
				<coordinates>-70.8417270392813,-34.4648447810642,-113.997</coordinates>
			</Point>
		</Placemark>
		<Placemark>
			<name>16</name>
			<styleUrl>#yellow-number-pin2</styleUrl>
			<Point>
				<coordinates>-70.8423021047662,-34.4647664408817,-113.997</coordinates>
			</Point>
		</Placemark>
		<Placemark>
			<name>24</name>
			<styleUrl>#yellow-number-pin2</styleUrl>
			<Point>
				<coordinates>-70.8452630404143,-34.4666462852811,-113.997</coordinates>
			</Point>
		</Placemark>
		<Placemark>
			<name>25</name>
			<styleUrl>#yellow-number-pin2</styleUrl>
			<Point>
				<coordinates>-70.845448032272,-34.4670483599234,-113.997</coordinates>
			</Point>
		</Placemark>
		<Placemark>
			<name>26</name>
			<styleUrl>#yellow-number-pin2</styleUrl>
			<Point>
				<coordinates>-70.84566881152951,-34.4673839380432,-113.997</coordinates>
			</Point>
		</Placemark>
		<Placemark>
			<name>27</name>
			<styleUrl>#yellow-number-pin2</styleUrl>
			<Point>
				<coordinates>-70.8459566275576,-34.4676993834096,-113.997</coordinates>
			</Point>
		</Placemark>
		<Placemark>
			<name>28</name>
			<styleUrl>#yellow-number-pin2</styleUrl>
			<Point>
				<coordinates>-70.8462708948869,-34.4680702358812,-113.997</coordinates>
			</Point>
		</Placemark>
		<Placemark>
			<name>29</name>
			<styleUrl>#yellow-number-pin2</styleUrl>
			<Point>
				<coordinates>-70.84673542201389,-34.4684013958646,-113.997</coordinates>
			</Point>
		</Placemark>
		<Placemark>
			<name>37</name>
			<styleUrl>#yellow-number-pin2</styleUrl>
			<Point>
				<coordinates>-70.844442934941,-34.4675688716769,-113.997</coordinates>
			</Point>
		</Placemark>
		<Placemark>
			<name>36</name>
			<styleUrl>#yellow-number-pin2</styleUrl>
			<Point>
				<coordinates>-70.84482643154389,-34.4680142743072,-113.997</coordinates>
			</Point>
		</Placemark>
		<Placemark>
			<name>35</name>
			<styleUrl>#yellow-number-pin2</styleUrl>
			<Point>
				<coordinates>-70.8450936288137,-34.4683995932355,-113.997</coordinates>
			</Point>
		</Placemark>
		<Placemark>
			<name>34</name>
			<styleUrl>#yellow-number-pin2</styleUrl>
			<Point>
				<coordinates>-70.84527912438909,-34.4687223967369,-113.997</coordinates>
			</Point>
		</Placemark>
		<Placemark>
			<name>31</name>
			<styleUrl>#yellow-number-pin2</styleUrl>
			<Point>
				<coordinates>-70.846169536677,-34.4689419229023,-113.997</coordinates>
			</Point>
		</Placemark>
		<Placemark>
			<name>33</name>
			<styleUrl>#yellow-number-pin2</styleUrl>
			<Point>
				<coordinates>-70.845406368258,-34.4691714315376,-113.997</coordinates>
			</Point>
		</Placemark>
		<Placemark>
			<name>32</name>
			<styleUrl>#yellow-number-pin2</styleUrl>
			<Point>
				<coordinates>-70.846051885488,-34.469335378378,-113.997</coordinates>
			</Point>
		</Placemark>
		<Placemark>
			<name>30</name>
			<styleUrl>#yellow-number-pin2</styleUrl>
			<Point>
				<coordinates>-70.84699758493851,-34.4688281073851,-113.997</coordinates>
			</Point>
		</Placemark>
		<Placemark>
			<name>11</name>
			<styleUrl>#yellow-number-pin2</styleUrl>
			<Point>
				<coordinates>-70.8411176431183,-34.463904932442,-113.997</coordinates>
			</Point>
		</Placemark>
		<Placemark>
			<name>20</name>
			<styleUrl>#yellow-number-pin2</styleUrl>
			<Point>
				<coordinates>-70.83975784277951,-34.4642957488029,-113.997</coordinates>
			</Point>
		</Placemark>
		<Placemark>
			<name>22</name>
			<styleUrl>#yellow-number-pin2</styleUrl>
			<Point>
				<coordinates>-70.8398569486255,-34.4639595195215,-113.997</coordinates>
			</Point>
		</Placemark>
		<Placemark>
			<name>23</name>
			<styleUrl>#yellow-number-pin2</styleUrl>
			<Point>
				<coordinates>-70.8398208566874,-34.4636151109242,-113.997</coordinates>
			</Point>
		</Placemark>
		<Placemark>
			<name>25</name>
			<styleUrl>#yellow-number-pin2</styleUrl>
			<Point>
				<coordinates>-70.8397799686818,-34.4632733029421,-113.997</coordinates>
			</Point>
		</Placemark>
		<Placemark>
			<name>9</name>
			<styleUrl>#yellow-number-pin2</styleUrl>
			<Point>
				<coordinates>-70.8373154565036,-34.4645108350813,-113.997</coordinates>
			</Point>
		</Placemark>
		<Placemark>
			<name>8</name>
			<styleUrl>#yellow-number-pin2</styleUrl>
			<Point>
				<coordinates>-70.83727635070331,-34.4649926421028,-113.997</coordinates>
			</Point>
		</Placemark>
		<Placemark>
			<name>7</name>
			<styleUrl>#yellow-number-pin2</styleUrl>
			<Point>
				<coordinates>-70.8372709372929,-34.4654279413144,-113.997</coordinates>
			</Point>
		</Placemark>
		<Placemark>
			<name>6</name>
			<styleUrl>#yellow-number-pin2</styleUrl>
			<Point>
				<coordinates>-70.8373034622005,-34.4658774755996,-113.997</coordinates>
			</Point>
		</Placemark>
		<Placemark>
			<name>5</name>
			<styleUrl>#yellow-number-pin2</styleUrl>
			<Point>
				<coordinates>-70.837281387343,-34.4664000172667,-113.997</coordinates>
			</Point>
		</Placemark>
		<Placemark>
			<name>4</name>
			<styleUrl>#yellow-number-pin2</styleUrl>
			<Point>
				<coordinates>-70.8371985386523,-34.4671115229783,-113.997</coordinates>
			</Point>
		</Placemark>
		<Placemark>
			<name>1</name>
			<styleUrl>#yellow-number-pin2</styleUrl>
			<Point>
				<coordinates>-70.8374617779854,-34.4697342394652,-113.997</coordinates>
			</Point>
		</Placemark>
		<Placemark>
			<name>1</name>
			<styleUrl>#yellow-number-pin2</styleUrl>
			<Point>
				<coordinates>-70.8382263005976,-34.479855315412,-113.997</coordinates>
			</Point>
		</Placemark>
		<Placemark>
			<name>3</name>
			<styleUrl>#yellow-number-pin2</styleUrl>
			<Point>
				<coordinates>-70.8437913655611,-34.468083400667,-113.997</coordinates>
			</Point>
		</Placemark>
		<Placemark>
			<name>8</name>
			<styleUrl>#yellow-number-pin2</styleUrl>
			<Point>
				<coordinates>-70.8410737026333,-34.4651557487724,-113.997</coordinates>
			</Point>
		</Placemark>
		<Placemark>
			<name>19</name>
			<styleUrl>#yellow-number-pin2</styleUrl>
			<Point>
				<coordinates>-70.8471075367911,-34.4696159561979,-113.997</coordinates>
			</Point>
		</Placemark>
		<Placemark>
			<name>18</name>
			<styleUrl>#yellow-number-pin2</styleUrl>
			<Point>
				<coordinates>-70.8462404075951,-34.4702124042402,-113.997</coordinates>
			</Point>
		</Placemark>
		<Placemark>
			<name>2</name>
			<styleUrl>#yellow-number-pin2</styleUrl>
			<Point>
				<coordinates>-70.8434454097485,-34.4684704181536,-113.997</coordinates>
			</Point>
		</Placemark>
		<Placemark>
			<name>1</name>
			<styleUrl>#yellow-number-pin2</styleUrl>
			<Point>
				<coordinates>-70.84421697689559,-34.4689741609199,-113.997</coordinates>
			</Point>
		</Placemark>
		<Placemark>
			<name>3</name>
			<styleUrl>#yellow-number-pin2</styleUrl>
			<Point>
				<coordinates>-70.8370829323534,-34.4678763985795,-113.997</coordinates>
			</Point>
		</Placemark>
		<Placemark>
			<name>2</name>
			<styleUrl>#yellow-number-pin2</styleUrl>
			<Point>
				<coordinates>-70.8366938145617,-34.4687263042365,-113.997</coordinates>
			</Point>
		</Placemark>
		<Placemark>
			<name>1</name>
			<styleUrl>#yellow-number-pin2</styleUrl>
			<Point>
				<coordinates>-70.8365792948503,-34.469533073175,-113.997</coordinates>
			</Point>
		</Placemark>
		<Placemark>
			<name>1</name>
			<styleUrl>#yellow-number-pin2</styleUrl>
			<Point>
				<coordinates>-70.8537248233873,-34.4807612889751,-113.997</coordinates>
			</Point>
		</Placemark>
		<Placemark>
			<name>1</name>
			<styleUrl>#yellow-number-pin2</styleUrl>
			<Point>
				<coordinates>-70.84718328985571,-34.4758474734018,-113.997</coordinates>
			</Point>
		</Placemark>
		<Placemark>
			<name>25</name>
			<styleUrl>#yellow-number-pin2</styleUrl>
			<Point>
				<coordinates>-70.8423680360368,-34.4626139948597,-113.997</coordinates>
			</Point>
		</Placemark>
		<Placemark>
			<name>24</name>
			<styleUrl>#yellow-number-pin2</styleUrl>
			<Point>
				<coordinates>-70.8386738521837,-34.4632472478375,-113.997</coordinates>
			</Point>
		</Placemark>
		<Placemark>
			<name>24</name>
			<styleUrl>#yellow-number-pin2</styleUrl>
			<Point>
				<coordinates>-70.8428289862795,-34.4628849504701,-113.997</coordinates>
			</Point>
		</Placemark>
		<Placemark>
			<name>11</name>
			<styleUrl>#yellow-number-pin2</styleUrl>
			<Point>
				<coordinates>-70.8374986808342,-34.4634871416826,-113.997</coordinates>
			</Point>
		</Placemark>
		<Placemark>
			<name>12</name>
			<styleUrl>#yellow-number-pin2</styleUrl>
			<Point>
				<coordinates>-70.8375852426484,-34.4629356968567,-113.997</coordinates>
			</Point>
		</Placemark>
		<Placemark>
			<name>26</name>
			<styleUrl>#yellow-number-pin2</styleUrl>
			<Point>
				<coordinates>-70.8418501574276,-34.4623473077941,-113.997</coordinates>
			</Point>
		</Placemark>
		<Placemark>
			<name>26</name>
			<styleUrl>#yellow-number-pin2</styleUrl>
			<Point>
				<coordinates>-70.83896768563559,-34.4627692046761,-113.997</coordinates>
			</Point>
		</Placemark>
		<Placemark>
			<name>12</name>
			<styleUrl>#yellow-number-pin2</styleUrl>
			<Point>
				<coordinates>-70.84082146807749,-34.4628773881306,-113.997</coordinates>
			</Point>
		</Placemark>
		<Placemark>
			<name>13</name>
			<styleUrl>#yellow-number-pin2</styleUrl>
			<Point>
				<coordinates>-70.8411417529813,-34.4632380829886,-113.997</coordinates>
			</Point>
		</Placemark>
		<Placemark>
			<name>33</name>
			<styleUrl>#yellow-number-pin2</styleUrl>
			<Point>
				<coordinates>-70.839844683479,-34.4596391749145,-113.997</coordinates>
			</Point>
		</Placemark>
		<Placemark>
			<name>34</name>
			<styleUrl>#yellow-number-pin2</styleUrl>
			<Point>
				<coordinates>-70.839014257599,-34.4590068100645,-113.997</coordinates>
			</Point>
		</Placemark>
		<Placemark>
			<name>35</name>
			<styleUrl>#yellow-number-pin2</styleUrl>
			<Point>
				<coordinates>-70.83954412830219,-34.458850556746,-113.997</coordinates>
			</Point>
		</Placemark>
		<Placemark>
			<name>36</name>
			<styleUrl>#yellow-number-pin2</styleUrl>
			<Point>
				<coordinates>-70.83977797705499,-34.4585604805199,-113.997</coordinates>
			</Point>
		</Placemark>
		<Placemark>
			<name>34</name>
			<styleUrl>#yellow-number-pin2</styleUrl>
			<Point>
				<coordinates>-70.83862416875751,-34.4593076883498,-113.997</coordinates>
			</Point>
		</Placemark>
		<Placemark>
			<name>16</name>
			<styleUrl>#yellow-number-pin2</styleUrl>
			<Point>
				<coordinates>-70.8380602443408,-34.4615337553874,-113.997</coordinates>
			</Point>
		</Placemark>
		<Placemark>
			<name>17</name>
			<styleUrl>#yellow-number-pin2</styleUrl>
			<Point>
				<coordinates>-70.8381009067075,-34.4612100767017,-113.997</coordinates>
			</Point>
		</Placemark>
		<Placemark>
			<name>18</name>
			<styleUrl>#yellow-number-pin2</styleUrl>
			<Point>
				<coordinates>-70.8382151773399,-34.4608374367204,-113.997</coordinates>
			</Point>
		</Placemark>
		<Placemark>
			<name>19</name>
			<styleUrl>#yellow-number-pin2</styleUrl>
			<Point>
				<coordinates>-70.8380721080957,-34.4604001875484,-113.997</coordinates>
			</Point>
		</Placemark>
		<Placemark>
			<name>20</name>
			<styleUrl>#yellow-number-pin2</styleUrl>
			<Point>
				<coordinates>-70.83803452710001,-34.46004106361,-113.997</coordinates>
			</Point>
		</Placemark>
		<Placemark>
			<name>21</name>
			<styleUrl>#yellow-number-pin2</styleUrl>
			<Point>
				<coordinates>-70.8380069569736,-34.4596208824299,-113.997</coordinates>
			</Point>
		</Placemark>
		<Placemark>
			<name>22</name>
			<styleUrl>#yellow-number-pin2</styleUrl>
			<Point>
				<coordinates>-70.83777233468911,-34.4591502591692,-113.997</coordinates>
			</Point>
		</Placemark>
		<Placemark>
			<name>24</name>
			<styleUrl>#yellow-number-pin2</styleUrl>
			<Point>
				<coordinates>-70.83749607653471,-34.4584001028483,-113.997</coordinates>
			</Point>
		</Placemark>
		<Placemark>
			<name>25</name>
			<styleUrl>#yellow-number-pin2</styleUrl>
			<Point>
				<coordinates>-70.8373742755165,-34.4580612824983,-113.997</coordinates>
			</Point>
		</Placemark>
		<Placemark>
			<name>26</name>
			<styleUrl>#yellow-number-pin2</styleUrl>
			<Point>
				<coordinates>-70.837174815202,-34.4577039844934,-113.997</coordinates>
			</Point>
		</Placemark>
		<Placemark>
			<name>27</name>
			<styleUrl>#yellow-number-pin2</styleUrl>
			<Point>
				<coordinates>-70.8369996075175,-34.4573623952436,-113.997</coordinates>
			</Point>
		</Placemark>
		<Placemark>
			<name>28</name>
			<styleUrl>#yellow-number-pin2</styleUrl>
			<Point>
				<coordinates>-70.8367535483157,-34.4570382776062,-113.997</coordinates>
			</Point>
		</Placemark>
		<Placemark>
			<name>29</name>
			<styleUrl>#yellow-number-pin2</styleUrl>
			<Point>
				<coordinates>-70.8366041544876,-34.4567023170652,-113.997</coordinates>
			</Point>
		</Placemark>
		<Placemark>
			<name>30</name>
			<styleUrl>#yellow-number-pin2</styleUrl>
			<Point>
				<coordinates>-70.8363963903406,-34.4563681512544,-113.997</coordinates>
			</Point>
		</Placemark>
		<Placemark>
			<name>23</name>
			<styleUrl>#yellow-number-pin2</styleUrl>
			<Point>
				<coordinates>-70.8376275323795,-34.4587271472155,-113.997</coordinates>
			</Point>
		</Placemark>
		<Placemark>
			<name>35</name>
			<styleUrl>#yellow-number-pin2</styleUrl>
			<Point>
				<coordinates>-70.8383739808579,-34.45828144415,-113.997</coordinates>
			</Point>
		</Placemark>
		<Placemark>
			<name>26</name>
			<styleUrl>#yellow-number-pin2</styleUrl>
			<Point>
				<coordinates>-70.8437760999781,-34.469586043514,-113.997</coordinates>
			</Point>
		</Placemark>
		<Placemark>
			<name>27</name>
			<styleUrl>#yellow-number-pin2</styleUrl>
			<Point>
				<coordinates>-70.8444215504322,-34.4696546616109,-113.997</coordinates>
			</Point>
		</Placemark>
		<Placemark>
			<name>25</name>
			<styleUrl>#yellow-number-pin2</styleUrl>
			<Point>
				<coordinates>-70.837998966258,-34.4705736660865,-113.997</coordinates>
			</Point>
		</Placemark>
		<atom:link rel="app" href="https://www.google.com/earth/about/versions/#earth-pro" title="Google Earth Pro 7.3.7.1155"></atom:link>
	</Folder>
  <Folder>
		<name>Letras</name>
		<Placemark>
			<name>A</name>
			<styleUrl>#blue-letter-pin0</styleUrl>
			<Point>
				<coordinates>-70.85133579619399,-34.4806862966542,-113.997</coordinates>
			</Point>
		</Placemark>
		<Placemark>
			<name>A-A</name>
			<styleUrl>#blue-letter-pin0</styleUrl>
			<Point>
				<coordinates>-70.83794004604739,-34.4632134418065,-113.997</coordinates>
			</Point>
		</Placemark>
		<Placemark>
			<name>Z</name>
			<styleUrl>#blue-letter-pin0</styleUrl>
			<Point>
				<coordinates>-70.83848592214591,-34.4672625297627,-113.997</coordinates>
			</Point>
		</Placemark>
		<Placemark>
			<name>Y</name>
			<styleUrl>#blue-letter-pin0</styleUrl>
			<Point>
				<coordinates>-70.8423712987981,-34.4701443034776,-113.997</coordinates>
			</Point>
		</Placemark>
		<Placemark>
			<name>V</name>
			<styleUrl>#blue-letter-pin0</styleUrl>
			<Point>
				<coordinates>-70.8494843598278,-34.4704041634583,-113.997</coordinates>
			</Point>
		</Placemark>
		<Placemark>
			<name>O</name>
			<styleUrl>#blue-letter-pin0</styleUrl>
			<Point>
				<coordinates>-70.844883019677,-34.4724128017831,-113.997</coordinates>
			</Point>
		</Placemark>
		<Placemark>
			<name>Ñ</name>
			<styleUrl>#blue-letter-pin0</styleUrl>
			<Point>
				<coordinates>-70.8427553786555,-34.4742057645909,-113.997</coordinates>
			</Point>
		</Placemark>
		<Placemark>
			<name>N</name>
			<styleUrl>#blue-letter-pin0</styleUrl>
			<Point>
				<coordinates>-70.83962099666979,-34.4739905072509,-113.997</coordinates>
			</Point>
		</Placemark>
		<Placemark>
			<name>M</name>
			<styleUrl>#blue-letter-pin0</styleUrl>
			<Point>
				<coordinates>-70.8377265651061,-34.4709676887304,-113.997</coordinates>
			</Point>
		</Placemark>
		<Placemark>
			<name>I</name>
			<styleUrl>#blue-letter-pin0</styleUrl>
			<Point>
				<coordinates>-70.8415702458687,-34.477634030449,-113.997</coordinates>
			</Point>
		</Placemark>
		<Placemark>
			<name>L</name>
			<styleUrl>#blue-letter-pin0</styleUrl>
			<Point>
				<coordinates>-70.8391103717224,-34.481642017715,-113.997</coordinates>
			</Point>
		</Placemark>
		<Placemark>
			<name>J</name>
			<styleUrl>#blue-letter-pin0</styleUrl>
			<Point>
				<coordinates>-70.84041303929109,-34.4780865457097,-113.997</coordinates>
			</Point>
		</Placemark>
		<Placemark>
			<name>M</name>
			<styleUrl>#blue-letter-pin0</styleUrl>
			<Point>
				<coordinates>-70.8389008852506,-34.4787450962312,-113.997</coordinates>
			</Point>
		</Placemark>
		<Placemark>
			<name>B</name>
			<styleUrl>#blue-letter-pin0</styleUrl>
			<Point>
				<coordinates>-70.8454903448107,-34.4808944957093,-113.997</coordinates>
			</Point>
		</Placemark>
		<Placemark>
			<name>E</name>
			<styleUrl>#blue-letter-pin0</styleUrl>
			<Point>
				<coordinates>-70.85445336081921,-34.4765305748716,-113.997</coordinates>
			</Point>
		</Placemark>
		<Placemark>
			<name>C</name>
			<styleUrl>#blue-letter-pin0</styleUrl>
			<Point>
				<coordinates>-70.85490373468279,-34.4793118151153,-113.997</coordinates>
			</Point>
		</Placemark>
		<Placemark>
			<name>D</name>
			<styleUrl>#blue-letter-pin0</styleUrl>
			<Point>
				<coordinates>-70.85112538841911,-34.47795981206,-113.997</coordinates>
			</Point>
		</Placemark>
		<Placemark>
			<name>G</name>
			<styleUrl>#blue-letter-pin0</styleUrl>
			<Point>
				<coordinates>-70.8457629754439,-34.478763007516,-113.997</coordinates>
			</Point>
		</Placemark>
		<Placemark>
			<name>T</name>
			<styleUrl>#blue-letter-pin0</styleUrl>
			<Point>
				<coordinates>-70.8524891527814,-34.4725511420946,-113.997</coordinates>
			</Point>
		</Placemark>
		<Placemark>
			<name>R</name>
			<styleUrl>#blue-letter-pin0</styleUrl>
			<Point>
				<coordinates>-70.85008413245551,-34.473542675873,-113.997</coordinates>
			</Point>
		</Placemark>
		<Placemark>
			<name>P</name>
			<styleUrl>#blue-letter-pin0</styleUrl>
			<Point>
				<coordinates>-70.84761965919451,-34.4730396944473,-113.997</coordinates>
			</Point>
		</Placemark>
		<Placemark>
			<name>Q</name>
			<styleUrl>#blue-letter-pin0</styleUrl>
			<Point>
				<coordinates>-70.8501667918418,-34.4752601871905,-113.997</coordinates>
			</Point>
		</Placemark>
		<Placemark>
			<name>S</name>
			<styleUrl>#blue-letter-pin0</styleUrl>
			<Point>
				<coordinates>-70.8537642328168,-34.4740816908785,-113.997</coordinates>
			</Point>
		</Placemark>
		<Placemark>
			<name>W</name>
			<styleUrl>#blue-letter-pin0</styleUrl>
			<Point>
				<coordinates>-70.8460967148615,-34.4698296518616,-113.997</coordinates>
			</Point>
		</Placemark>
		<Placemark>
			<name>P</name>
			<styleUrl>#blue-letter-pin0</styleUrl>
			<Point>
				<coordinates>-70.840212782609,-34.4623100468264,-113.997</coordinates>
			</Point>
		</Placemark>
		<Placemark>
			<name>P</name>
			<styleUrl>#blue-letter-pin0</styleUrl>
			<Point>
				<coordinates>-70.8548735777442,-34.4749173643402,-113.997</coordinates>
			</Point>
		</Placemark>
		<Placemark>
			<name>P</name>
			<styleUrl>#blue-letter-pin0</styleUrl>
			<Point>
				<coordinates>-70.8454761532537,-34.4801747568149,-113.997</coordinates>
			</Point>
		</Placemark>
		<Placemark>
			<name>P</name>
			<styleUrl>#blue-letter-pin0</styleUrl>
			<Point>
				<coordinates>-70.8529035374018,-34.4774617413442,-113.997</coordinates>
			</Point>
		</Placemark>
		<Placemark>
			<name>U</name>
			<styleUrl>#blue-letter-pin0</styleUrl>
			<Point>
				<coordinates>-70.85449284003521,-34.4725261780571,-113.997</coordinates>
			</Point>
		</Placemark>
		<Placemark>
			<name>P</name>
			<styleUrl>#blue-letter-pin0</styleUrl>
			<Point>
				<coordinates>-70.8432000163027,-34.4639872144151,-113.997</coordinates>
			</Point>
		</Placemark>
		<Placemark>
			<name>P</name>
			<styleUrl>#blue-letter-pin0</styleUrl>
			<Point>
				<coordinates>-70.8367658398286,-34.4700024893878,-113.997</coordinates>
			</Point>
		</Placemark>
		<Placemark>
			<name>P</name>
			<styleUrl>#blue-letter-pin0</styleUrl>
			<Point>
				<coordinates>-70.8429466732721,-34.4684627427604,-113.997</coordinates>
			</Point>
		</Placemark>
		<Placemark>
			<name>P</name>
			<styleUrl>#blue-letter-pin0</styleUrl>
			<Point>
				<coordinates>-70.8489620366467,-34.471959974062,-113.997</coordinates>
			</Point>
		</Placemark>
		<Placemark>
			<name>P</name>
			<styleUrl>#blue-letter-pin0</styleUrl>
			<Point>
				<coordinates>-70.8525345305827,-34.4717216922983,-113.997</coordinates>
			</Point>
		</Placemark>
		<Placemark>
			<name>P</name>
			<styleUrl>#blue-letter-pin0</styleUrl>
			<Point>
				<coordinates>-70.8416269901635,-34.467670923677,-113.997</coordinates>
			</Point>
		</Placemark>
		<Placemark>
			<name>K</name>
			<styleUrl>#blue-letter-pin0</styleUrl>
			<Point>
				<coordinates>-70.8410599712678,-34.4803006432942,-113.997</coordinates>
			</Point>
		</Placemark>
		<Placemark>
			<name>F</name>
			<styleUrl>#blue-letter-pin0</styleUrl>
			<Point>
				<coordinates>-70.847772617844,-34.478423369219,-113.997</coordinates>
			</Point>
		</Placemark>
		<Placemark>
			<name>H</name>
			<styleUrl>#blue-letter-pin0</styleUrl>
			<Point>
				<coordinates>-70.8438473839858,-34.4776454791506,-113.997</coordinates>
			</Point>
		</Placemark>
		<Placemark>
			<name>Z</name>
			<styleUrl>#blue-letter-pin0</styleUrl>
			<Point>
				<coordinates>-70.8398714637777,-34.4630255023599,-113.143</coordinates>
			</Point>
		</Placemark>
		<Placemark>
			<name>V</name>
			<styleUrl>#blue-letter-pin0</styleUrl>
			<Point>
				<coordinates>-70.8450697630132,-34.4653157958449,-113.997</coordinates>
			</Point>
		</Placemark>
		<Placemark>
			<name>V</name>
			<styleUrl>#blue-letter-pin0</styleUrl>
			<Point>
				<coordinates>-70.8396060327736,-34.4596111834266,-113.997</coordinates>
			</Point>
		</Placemark>
		<Placemark>
			<name>W</name>
			<styleUrl>#blue-letter-pin0</styleUrl>
			<Point>
				<coordinates>-70.8436913283237,-34.4650928162727,-113.997</coordinates>
			</Point>
		</Placemark>
		<Placemark>
			<name>W</name>
			<styleUrl>#blue-letter-pin0</styleUrl>
			<Point>
				<coordinates>-70.8423763507725,-34.4672875648774,-113.997</coordinates>
			</Point>
		</Placemark>
		<Placemark>
			<name>X</name>
			<styleUrl>#blue-letter-pin0</styleUrl>
			<Point>
				<coordinates>-70.8401826949036,-34.4677028857323,-113.997</coordinates>
			</Point>
		</Placemark>
		<Placemark>
			<name>P</name>
			<styleUrl>#blue-letter-pin0</styleUrl>
			<Point>
				<coordinates>-70.8388400004942,-34.4799876655913,-113.997</coordinates>
			</Point>
		</Placemark>
		<Placemark>
			<name>P</name>
			<styleUrl>#blue-letter-pin0</styleUrl>
			<Point>
				<coordinates>-70.840117778199,-34.4754984150637,-113.997</coordinates>
			</Point>
		</Placemark>
		<Placemark>
			<name>P</name>
			<styleUrl>#blue-letter-pin0</styleUrl>
			<Point>
				<coordinates>-70.8431083227034,-34.4750123674322,-113.997</coordinates>
			</Point>
		</Placemark>
		<Placemark>
			<name>P</name>
			<styleUrl>#blue-letter-pin0</styleUrl>
			<Point>
				<coordinates>-70.84522356263319,-34.4726059345969,-113.997</coordinates>
			</Point>
		</Placemark>
		<Placemark>
			<name>P</name>
			<styleUrl>#blue-letter-pin0</styleUrl>
			<Point>
				<coordinates>-70.8480324954305,-34.4745611108393,-113.997</coordinates>
			</Point>
		</Placemark>
		<Placemark>
			<name>A-A</name>
			<styleUrl>#blue-letter-pin0</styleUrl>
			<Point>
				<coordinates>-70.83705656034959,-34.4582311013801,-113.997</coordinates>
			</Point>
		</Placemark>
		<atom:link rel="app" href="https://www.google.com/earth/about/versions/#earth-pro" title="Google Earth Pro 7.3.7.1155"></atom:link>
	</Folder>
  <Folder>
		<name>OTROS</name>
		<Placemark>
			<name>5</name>
			<styleUrl>#msn_ltblu-circle</styleUrl>
			<Point>
				<coordinates>-70.8438394290072,-34.4667417673591,-113.997</coordinates>
			</Point>
		</Placemark>
		<Placemark>
			<name>4</name>
			<styleUrl>#msn_ltblu-circle</styleUrl>
			<Point>
				<coordinates>-70.84291826485079,-34.4673300000244,-113.997</coordinates>
			</Point>
		</Placemark>
		<Placemark>
			<name>6</name>
			<styleUrl>#msn_ltblu-circle</styleUrl>
			<Point>
				<coordinates>-70.8428312982622,-34.4660203817755,-113.997</coordinates>
			</Point>
		</Placemark>
		<Placemark>
			<name>7</name>
			<styleUrl>#msn_ltblu-circle</styleUrl>
			<Point>
				<coordinates>-70.8419922737319,-34.4665965801263,-113.997</coordinates>
			</Point>
		</Placemark>
		<Placemark>
			<name>3</name>
			<styleUrl>#msn_ltblu-circle</styleUrl>
			<Point>
				<coordinates>-70.8400440058784,-34.4686468863186,-113.997</coordinates>
			</Point>
		</Placemark>
		<Placemark>
			<name>4</name>
			<styleUrl>#msn_ltblu-circle</styleUrl>
			<Point>
				<coordinates>-70.83945290520251,-34.4684167360728,-113.997</coordinates>
			</Point>
		</Placemark>
		<Placemark>
			<name>5</name>
			<styleUrl>#msn_ltblu-circle</styleUrl>
			<Point>
				<coordinates>-70.84002674699499,-34.4678857806797,-113.997</coordinates>
			</Point>
		</Placemark>
		<Placemark>
			<name>2</name>
			<styleUrl>#msn_ltblu-circle</styleUrl>
			<Point>
				<coordinates>-70.83928936454321,-34.4690051194219,-113.997</coordinates>
			</Point>
		</Placemark>
		<atom:link rel="app" href="https://www.google.com/earth/about/versions/#earth-pro" title="Google Earth Pro 7.3.7.1155"></atom:link>
	</Folder>
</Document>
</kml>