<?xml version="1.0" encoding="UTF-8"?>
<kml xmlns="http://www.opengis.net/kml/2.2" xmlns:gx="http://www.google.com/kml/ext/2.2" xmlns:kml="http://www.opengis.net/kml/2.2" xmlns:atom="http://www.w3.org/2005/Atom">
<Placemark>
	<name>Block Reference [F95F]:0</name>
	<Style>
		<LineStyle>
			<color>ff0000fe</color>
			<width>1</width>
		</LineStyle>
	</Style>
	<MultiGeometry>
		<LineString>
			<coordinates>
				-70.84384345414399,-34.4675687351473,-113.997 -70.843772348185,-34.4676289014921,-113.997 
			</coordinates>
		</LineString>
		<LineString>
			<coordinates>
				-70.84377234818599,-34.4676289014931,-113.997 -70.84369618297031,-34.467689876314,-113.997 
			</coordinates>
		</LineString>
		<LineString>
			<coordinates>
				-70.8436961829713,-34.467689876315,-113.997 -70.8436446261405,-34.4677341977659,-113.997 
			</coordinates>
		</LineString>
		<LineString>
			<coordinates>
				-70.8436446261415,-34.4677341977669,-113.997 -70.8435912032047,-34.4677726416446,-113.997 
			</coordinates>
		</LineString>
		<LineString>
			<coordinates>
				-70.8435912032057,-34.4677726416456,-113.997 -70.8435181749806,-34.4678324240602,-113.997 
			</coordinates>
		</LineString>
		<LineString>
			<coordinates>
				-70.8435181749816,-34.4678324240612,-113.997 -70.84345665355789,-34.4678781719697,-113.997 
			</coordinates>
		</LineString>
		<LineString>
			<coordinates>
				-70.8434566535589,-34.4678781719707,-113.997 -70.84338619333811,-34.4679333496338,-113.997 
			</coordinates>
		</LineString>
		<LineString>
			<coordinates>
				-70.8433861933391,-34.4679333496348,-113.997 -70.84333119984839,-34.4679796025761,-113.997 
			</coordinates>
		</LineString>
		<LineString>
			<coordinates>
				-70.8433311998494,-34.4679796025771,-113.997 -70.8432735691718,-34.4680255730275,-113.997 
			</coordinates>
		</LineString>
		<LineString>
			<coordinates>
				-70.84327356917279,-34.4680255730285,-113.997 -70.8431989123422,-34.4680830662771,-113.997 
			</coordinates>
		</LineString>
		<LineString>
			<coordinates>
				-70.8431989123432,-34.4680830662781,-113.997 -70.84314413686459,-34.4681262064241,-113.997 
			</coordinates>
		</LineString>
		<LineString>
			<coordinates>
				-70.8431441368656,-34.4681262064251,-113.997 -70.8426991078653,-34.4684462213785,-113.997 
			</coordinates>
		</LineString>
		<LineString>
			<coordinates>
				-70.8556518559035,-34.480590323102,-113.997 -70.856180957455,-34.4813664541319,-113.997 
			</coordinates>
		</LineString>
		<LineString>
			<coordinates>
				-70.8555765631901,-34.48061048258,-113.997 -70.8550767206053,-34.4807443130534,-113.997 
			</coordinates>
		</LineString>
		<LineString>
			<coordinates>
				-70.8548114056443,-34.4808153488791,-113.997 -70.85423610432051,-34.4809693785456,-113.997 
			</coordinates>
		</LineString>
		<LineString>
			<coordinates>
				-70.8428233687472,-34.4668812336315,-113.997 -70.8426134902507,-34.4667252722544,-113.997 
			</coordinates>
		</LineString>
		<LineString>
			<coordinates>
				-70.84261349025169,-34.4667252722554,-113.997 -70.842488909818,-34.4666279633687,-113.997 
			</coordinates>
		</LineString>
		<LineString>
			<coordinates>
				-70.842488909819,-34.4666279633697,-113.997 -70.8423861177113,-34.4665497664137,-113.997 
			</coordinates>
		</LineString>
		<LineString>
			<coordinates>
				-70.84238611771229,-34.4665497664147,-113.997 -70.8422672884678,-34.4664518331924,-113.997 
			</coordinates>
		</LineString>
		<LineString>
			<coordinates>
				-70.8422672884688,-34.4664518331934,-113.997 -70.8421655300229,-34.4663696288347,-113.997 
			</coordinates>
		</LineString>
		<LineString>
			<coordinates>
				-70.84216553002391,-34.4663696288357,-113.997 -70.842077001352,-34.4662822397073,-113.997 
			</coordinates>
		</LineString>
		<LineString>
			<coordinates>
				-70.8439166861035,-34.4659738907201,-113.997 -70.84301269511769,-34.466724113938,-113.997 
			</coordinates>
		</LineString>
		<LineString>
			<coordinates>
				-70.8429095288415,-34.4668097305062,-113.997 -70.8418733225067,-34.467669652607,-113.997 
			</coordinates>
		</LineString>
		<LineString>
			<coordinates>
				-70.8370063204793,-34.4592650361511,-113.997 -70.8383316601013,-34.4595444031252,-113.997 
			</coordinates>
		</LineString>
		<LineString>
			<coordinates>
				-70.83746525216699,-34.4690434457743,-113.997 -70.8373680747581,-34.4693758825158,-113.997 
			</coordinates>
		</LineString>
		<LineString>
			<coordinates>
				-70.83751394111179,-34.4689855694231,-113.997 -70.837465252166,-34.4690434457733,-113.997 
			</coordinates>
		</LineString>
		<LineString>
			<coordinates>
				-70.8376657397198,-34.4688355594664,-113.997 -70.8375139411108,-34.4689855694221,-113.997 
			</coordinates>
		</LineString>
		<LineString>
			<coordinates>
				-70.841820010647,-34.4631761912005,-113.997 -70.84124816096229,-34.4634465602304,-113.997 
			</coordinates>
		</LineString>
		<LineString>
			<coordinates>
				-70.84725303774989,-34.4684571391896,-113.997 -70.846416275246,-34.4688528245262,-113.997 
			</coordinates>
		</LineString>
		<LineString>
			<coordinates>
				-70.8380259670041,-34.4716923381631,-113.997 -70.8378877374201,-34.4717104177344,-113.997 
			</coordinates>
		</LineString>
		<LineString>
			<coordinates>
				-70.8374857244084,-34.471854258931,-113.997 -70.8374093095449,-34.4718933543562,-113.997 
			</coordinates>
		</LineString>
		<LineString>
			<coordinates>
				-70.8492259903152,-34.4758243991158,-113.997 -70.849116495518,-34.4757405364017,-113.997 
			</coordinates>
		</LineString>
		<LineString>
			<coordinates>
				-70.849116495519,-34.4757405364027,-113.997 -70.8489761210237,-34.4756130870808,-113.997 
			</coordinates>
		</LineString>
		<LineString>
			<coordinates>
				-70.84897612102471,-34.4756130870818,-113.997 -70.8489794044098,-34.4754685981626,-113.997 
			</coordinates>
		</LineString>
		<LineString>
			<coordinates>
				-70.85161274611809,-34.4739495482106,-113.997 -70.8525059231273,-34.4737375282911,-113.997 
			</coordinates>
		</LineString>
		<LineString>
			<coordinates>
				-70.84868299710971,-34.4768253641614,-113.997 -70.8500003005702,-34.47677184369,-113.997 
			</coordinates>
		</LineString>
		<LineString>
			<coordinates>
				-70.8486470003197,-34.4767065981493,-113.997 -70.84883359603739,-34.4762309571456,-113.997 
			</coordinates>
		</LineString>
		<LineString>
			<coordinates>
				-70.8503580239566,-34.4765545585543,-113.997 -70.8507196099239,-34.4765757734518,-113.997 
			</coordinates>
		</LineString>
		<LineString>
			<coordinates>
				-70.8527162546158,-34.4776114309275,-113.997 -70.85157252248131,-34.4778774967706,-113.997 
			</coordinates>
		</LineString>
		<LineString>
			<coordinates>
				-70.83897888412911,-34.4579194122021,-113.997 -70.8385986591732,-34.4588103370912,-113.997 
			</coordinates>
		</LineString>
		<LineString>
			<coordinates>
				-70.8385986591742,-34.4588103370922,-113.997 -70.83859253890419,-34.4589073639778,-113.997 
			</coordinates>
		</LineString>
		<LineString>
			<coordinates>
				-70.8385925389052,-34.4589073639788,-113.997 -70.83863879322099,-34.4589527240239,-113.997 
			</coordinates>
		</LineString>
		<LineString>
			<coordinates>
				-70.838638793222,-34.4589527240249,-113.997 -70.83872758353181,-34.4591170572675,-113.997 
			</coordinates>
		</LineString>
		<LineString>
			<coordinates>
				-70.8387275835328,-34.4591170572685,-113.997 -70.83896242206499,-34.4592956400895,-113.997 
			</coordinates>
		</LineString>
		<LineString>
			<coordinates>
				-70.838962422066,-34.4592956400905,-113.997 -70.8389924954774,-34.4593280173415,-113.997 
			</coordinates>
		</LineString>
		<LineString>
			<coordinates>
				-70.83899249547839,-34.4593280173425,-113.997 -70.8390352255488,-34.4593583335635,-113.997 
			</coordinates>
		</LineString>
		<LineString>
			<coordinates>
				-70.83903522554979,-34.4593583335645,-113.997 -70.8391424533371,-34.4594029308723,-113.997 
			</coordinates>
		</LineString>
		<LineString>
			<coordinates>
				-70.8391424533381,-34.4594029308733,-113.997 -70.8392148805228,-34.4595473827036,-113.997 
			</coordinates>
		</LineString>
		<LineString>
			<coordinates>
				-70.8392148805238,-34.4595473827046,-113.997 -70.83924947490981,-34.4597977790859,-113.997 
			</coordinates>
		</LineString>
		<LineString>
			<coordinates>
				-70.8392494749108,-34.4597977790869,-113.997 -70.8392221440984,-34.4598850896931,-113.997 
			</coordinates>
		</LineString>
		<LineString>
			<coordinates>
				-70.83922214409939,-34.4598850896941,-113.997 -70.8392027303028,-34.460035600635,-113.997 
			</coordinates>
		</LineString>
		<LineString>
			<coordinates>
				-70.8392027303038,-34.460035600636,-113.997 -70.8392625597081,-34.4602709450674,-113.997 
			</coordinates>
		</LineString>
		<LineString>
			<coordinates>
				-70.8392625597091,-34.4602709450685,-113.997 -70.83939684930171,-34.4605490229216,-113.997 
			</coordinates>
		</LineString>
		<LineString>
			<coordinates>
				-70.8393968493027,-34.4605490229226,-113.997 -70.8396191648322,-34.4606733368645,-113.997 
			</coordinates>
		</LineString>
		<LineString>
			<coordinates>
				-70.83961916483319,-34.4606733368655,-113.997 -70.8400996562977,-34.4610196662221,-113.997 
			</coordinates>
		</LineString>
		<LineString>
			<coordinates>
				-70.8400996562987,-34.4610196662231,-113.997 -70.840153508529,-34.4610360707839,-113.997 
			</coordinates>
		</LineString>
		<LineString>
			<coordinates>
				-70.84015350852999,-34.4610360707849,-113.997 -70.8402956281322,-34.4610647550809,-113.997 
			</coordinates>
		</LineString>
		<LineString>
			<coordinates>
				-70.84029562813321,-34.4610647550819,-113.997 -70.84024346047239,-34.4611838973055,-113.997 
			</coordinates>
		</LineString>
		<LineString>
			<coordinates>
				-70.8402434604734,-34.4611838973065,-113.997 -70.84020257187331,-34.4612456910215,-113.997 
			</coordinates>
		</LineString>
		<LineString>
			<coordinates>
				-70.8402025718743,-34.4612456910225,-113.997 -70.84019309215179,-34.4612558015432,-113.997 
			</coordinates>
		</LineString>
		<LineString>
			<coordinates>
				-70.83656382955721,-34.4589873451412,-113.997 -70.8381223969848,-34.4589081006052,-113.997 
			</coordinates>
		</LineString>
		<LineString>
			<coordinates>
				-70.84003428100949,-34.4693728786305,-113.997 -70.83865197546859,-34.4690560006243,-113.997 
			</coordinates>
		</LineString>
		<LineString>
			<coordinates>
				-70.8396480033926,-34.4660329152484,-113.997 -70.8396892376184,-34.4661440090697,-113.997 
			</coordinates>
		</LineString>
		<LineString>
			<coordinates>
				-70.841077743049,-34.4662035513254,-113.997 -70.8410324999753,-34.4662664949244,-113.997 
			</coordinates>
		</LineString>
		<LineString>
			<coordinates>
				-70.8422663958318,-34.4680312870594,-113.997 -70.84219257886581,-34.4679475290342,-113.997 
			</coordinates>
		</LineString>
		<LineString>
			<coordinates>
				-70.8421925788668,-34.4679475290352,-113.997 -70.8421554561431,-34.4679088775493,-113.997 
			</coordinates>
		</LineString>
		<LineString>
			<coordinates>
				-70.8421554561441,-34.4679088775503,-113.997 -70.8419678369233,-34.4677768147939,-113.997 
			</coordinates>
		</LineString>
		<LineString>
			<coordinates>
				-70.8419678369243,-34.4677768147949,-113.997 -70.84182767742089,-34.4676178992387,-113.997 
			</coordinates>
		</LineString>
		<LineString>
			<coordinates>
				-70.8418276774219,-34.4676178992397,-113.997 -70.8417311144906,-34.4675061330435,-113.997 
			</coordinates>
		</LineString>
		<LineString>
			<coordinates>
				-70.84173111449159,-34.4675061330445,-113.997 -70.841658467805,-34.4673396798375,-113.997 
			</coordinates>
		</LineString>
		<LineString>
			<coordinates>
				-70.841658467806,-34.4673396798385,-113.997 -70.84158562775509,-34.4671333925985,-113.997 
			</coordinates>
		</LineString>
		<LineString>
			<coordinates>
				-70.841585627756,-34.4671333925995,-113.997 -70.84154873373529,-34.4670847056597,-113.997 
			</coordinates>
		</LineString>
		<LineString>
			<coordinates>
				-70.8415487337363,-34.4670847056607,-113.997 -70.8415263451773,-34.467023341949,-113.997 
			</coordinates>
		</LineString>
		<LineString>
			<coordinates>
				-70.84152634517829,-34.46702334195,-113.997 -70.8414963804306,-34.4669425400299,-113.997 
			</coordinates>
		</LineString>
		<LineString>
			<coordinates>
				-70.84149638043159,-34.4669425400309,-113.997 -70.8413399214553,-34.4666885546879,-113.997 
			</coordinates>
		</LineString>
		<LineString>
			<coordinates>
				-70.8413399214563,-34.4666885546889,-113.997 -70.8413206767919,-34.4666337148155,-113.997 
			</coordinates>
		</LineString>
		<LineString>
			<coordinates>
				-70.8413206767929,-34.4666337148165,-113.997 -70.84130007419191,-34.4665491200632,-113.997 
			</coordinates>
		</LineString>
		<LineString>
			<coordinates>
				-70.8413000741929,-34.4665491200642,-113.997 -70.8412830096306,-34.466462587536,-113.997 
			</coordinates>
		</LineString>
		<LineString>
			<coordinates>
				-70.8412830096316,-34.466462587537,-113.997 -70.841221724763,-34.466372605255,-113.997 
			</coordinates>
		</LineString>
		<LineString>
			<coordinates>
				-70.841221724764,-34.466372605256,-113.997 -70.841134641704,-34.4663319065671,-113.997 
			</coordinates>
		</LineString>
		<LineString>
			<coordinates>
				-70.841134641705,-34.4663319065681,-113.997 -70.8410324999753,-34.4662664949244,-113.997 
			</coordinates>
		</LineString>
		<LineString>
			<coordinates>
				-70.84103249997629,-34.4662664949254,-113.997 -70.841077743048,-34.4662035513244,-113.997 
			</coordinates>
		</LineString>
		<LineString>
			<coordinates>
				-70.841077743049,-34.4662035513254,-113.997 -70.8410180581224,-34.4661026284925,-113.997 
			</coordinates>
		</LineString>
		<LineString>
			<coordinates>
				-70.8410180581234,-34.4661026284935,-113.997 -70.84093540536141,-34.4660619404502,-113.997 
			</coordinates>
		</LineString>
		<LineString>
			<coordinates>
				-70.8409354053624,-34.4660619404512,-113.997 -70.8409114608411,-34.4659741572193,-113.997 
			</coordinates>
		</LineString>
		<LineString>
			<coordinates>
				-70.84091146084209,-34.4659741572203,-113.997 -70.8408990105611,-34.4658862404954,-113.997 
			</coordinates>
		</LineString>
		<LineString>
			<coordinates>
				-70.8408990105621,-34.4658862404964,-113.997 -70.84088660250259,-34.4658012859701,-113.997 
			</coordinates>
		</LineString>
		<LineString>
			<coordinates>
				-70.8408866025036,-34.4658012859711,-113.997 -70.84085326293631,-34.4657024862786,-113.997 
			</coordinates>
		</LineString>
		<LineString>
			<coordinates>
				-70.8408532629373,-34.4657024862796,-113.997 -70.8408431452736,-34.4656085014323,-113.997 
			</coordinates>
		</LineString>
		<LineString>
			<coordinates>
				-70.8408431452746,-34.4656085014333,-113.997 -70.84080931146801,-34.4655038457083,-113.997 
			</coordinates>
		</LineString>
		<LineString>
			<coordinates>
				-70.840809311469,-34.4655038457093,-113.997 -70.84077509268261,-34.4654134815896,-113.997 
			</coordinates>
		</LineString>
		<LineString>
			<coordinates>
				-70.8407750926836,-34.4654134815906,-113.997 -70.8406896140943,-34.4653204146217,-113.997 
			</coordinates>
		</LineString>
		<LineString>
			<coordinates>
				-70.8406896140953,-34.4653204146227,-113.997 -70.8407083267663,-34.4652481888107,-113.997 
			</coordinates>
		</LineString>
		<LineString>
			<coordinates>
				-70.8407083267673,-34.4652481888117,-113.997 -70.840640288941,-34.4651780081737,-113.997 
			</coordinates>
		</LineString>
		<LineString>
			<coordinates>
				-70.840640288942,-34.4651780081747,-113.997 -70.84054100728071,-34.4651477770469,-113.997 
			</coordinates>
		</LineString>
		<LineString>
			<coordinates>
				-70.8405410072817,-34.4651477770479,-113.997 -70.84042407424759,-34.4650916934468,-113.997 
			</coordinates>
		</LineString>
		<LineString>
			<coordinates>
				-70.8404240742486,-34.4650916934478,-113.997 -70.8403359272416,-34.4650535771877,-113.997 
			</coordinates>
		</LineString>
		<LineString>
			<coordinates>
				-70.84033592724251,-34.4650535771887,-113.997 -70.8402928321338,-34.4649467327001,-113.997 
			</coordinates>
		</LineString>
		<LineString>
			<coordinates>
				-70.84029283213481,-34.4649467327011,-113.997 -70.84025686307881,-34.4648648721338,-113.997 
			</coordinates>
		</LineString>
		<LineString>
			<coordinates>
				-70.8402568630798,-34.4648648721348,-113.997 -70.84017943948611,-34.4648229930562,-113.997 
			</coordinates>
		</LineString>
		<LineString>
			<coordinates>
				-70.8401794394871,-34.4648229930572,-113.997 -70.8401119113305,-34.4647939478508,-113.997 
			</coordinates>
		</LineString>
		<LineString>
			<coordinates>
				-70.84370186074911,-34.4689728173389,-113.997 -70.8443237673073,-34.4684497529183,-113.997 
			</coordinates>
		</LineString>
		<LineString>
			<coordinates>
				-70.8444003518445,-34.4744325423265,-113.997 -70.8445374080018,-34.4751835972194,-113.997 
			</coordinates>
		</LineString>
		<LineString>
			<coordinates>
				-70.8441778578696,-34.4803661526357,-113.997 -70.8442419344692,-34.4803617742482,-113.997 
			</coordinates>
		</LineString>
		<LineString>
			<coordinates>
				-70.84424193447011,-34.4803617742492,-113.997 -70.84482100881149,-34.4803094262914,-113.997 
			</coordinates>
		</LineString>
		<LineString>
			<coordinates>
				-70.8448210088125,-34.4803094262925,-113.997 -70.8448898381742,-34.4803048103527,-113.997 
			</coordinates>
		</LineString>
		<LineString>
			<coordinates>
				-70.84488983817521,-34.4803048103537,-113.997 -70.8451838589471,-34.4802927793133,-113.997 
			</coordinates>
		</LineString>
		<LineString>
			<coordinates>
				-70.8452237962718,-34.4802475062993,-113.997 -70.84451847333629,-34.4780484285809,-113.997 
			</coordinates>
		</LineString>
		<LineString>
			<coordinates>
				-70.8445184733373,-34.4780484285819,-113.997 -70.8440990948487,-34.4767408160139,-113.997 
			</coordinates>
		</LineString>
		<LineString>
			<coordinates>
				-70.84416240900261,-34.4767275138123,-113.997 -70.8445816015719,-34.4780345436479,-113.997 
			</coordinates>
		</LineString>
		<LineString>
			<coordinates>
				-70.8445816015729,-34.4780345436489,-113.997 -70.8452952761758,-34.4802596545173,-113.997 
			</coordinates>
		</LineString>
		<LineString>
			<coordinates>
				-70.845339509929,-34.4802864138168,-113.997 -70.8454540019208,-34.4802817329313,-113.997 
			</coordinates>
		</LineString>
		<LineString>
			<coordinates>
				-70.84967810866701,-34.4801438272128,-113.997 -70.84914986883859,-34.4801688731729,-113.997 
			</coordinates>
		</LineString>
		<LineString>
			<coordinates>
				-70.8491498688396,-34.4801688731739,-113.997 -70.84821023807891,-34.480203555806,-113.997 
			</coordinates>
		</LineString>
		<LineString>
			<coordinates>
				-70.8482102380799,-34.4802035558071,-113.997 -70.847517326047,-34.4802296942444,-113.997 
			</coordinates>
		</LineString>
		<LineString>
			<coordinates>
				-70.83806819950119,-34.4698479917955,-113.997 -70.8381383606449,-34.4697263460137,-113.997 
			</coordinates>
		</LineString>
		<LineString>
			<coordinates>
				-70.8381383606459,-34.4697263460147,-113.997 -70.8382228046159,-34.4696297002456,-113.997 
			</coordinates>
		</LineString>
		<LineString>
			<coordinates>
				-70.8382228046169,-34.4696297002466,-113.997 -70.838237859842,-34.4696139365465,-113.997 
			</coordinates>
		</LineString>
		<LineString>
			<coordinates>
				-70.8382871486115,-34.4695623282812,-113.997 -70.8383048504693,-34.4695437933633,-113.997 
			</coordinates>
		</LineString>
		<LineString>
			<coordinates>
				-70.83830485047029,-34.4695437933644,-113.997 -70.83837385231401,-34.4694655901419,-113.997 
			</coordinates>
		</LineString>
		<LineString>
			<coordinates>
				-70.838373852315,-34.4694655901429,-113.997 -70.8384327739812,-34.4693870266354,-113.997 
			</coordinates>
		</LineString>
		<LineString>
			<coordinates>
				-70.83843277398221,-34.4693870266364,-113.997 -70.8384840783208,-34.4693111308765,-113.997 
			</coordinates>
		</LineString>
		<LineString>
			<coordinates>
				-70.8384840783218,-34.4693111308775,-113.997 -70.8385304149608,-34.4692270928818,-113.997 
			</coordinates>
		</LineString>
		<LineString>
			<coordinates>
				-70.8385304149618,-34.4692270928828,-113.997 -70.8385604706999,-34.4691579349745,-113.997 
			</coordinates>
		</LineString>
		<LineString>
			<coordinates>
				-70.8385604707009,-34.4691579349755,-113.997 -70.8385707502907,-34.4691426944293,-113.997 
			</coordinates>
		</LineString>
		<LineString>
			<coordinates>
				-70.83857075029169,-34.4691426944303,-113.997 -70.83885319834771,-34.4688412290836,-113.997 
			</coordinates>
		</LineString>
		<LineString>
			<coordinates>
				-70.8388531983487,-34.4688412290846,-113.997 -70.8388695401818,-34.4688149058231,-113.997 
			</coordinates>
		</LineString>
		<LineString>
			<coordinates>
				-70.8388695401828,-34.4688149058241,-113.997 -70.8389282858319,-34.4687216038316,-113.997 
			</coordinates>
		</LineString>
		<LineString>
			<coordinates>
				-70.83892828583291,-34.4687216038326,-113.997 -70.838998850943,-34.4686113707974,-113.997 
			</coordinates>
		</LineString>
		<LineString>
			<coordinates>
				-70.83899885094399,-34.4686113707984,-113.997 -70.839046623831,-34.4685165080971,-113.997 
			</coordinates>
		</LineString>
		<LineString>
			<coordinates>
				-70.839046623832,-34.4685165080981,-113.997 -70.83905275806519,-34.4684999616941,-113.997 
			</coordinates>
		</LineString>
		<LineString>
			<coordinates>
				-70.8390527580662,-34.4684999616951,-113.997 -70.8390775156314,-34.4684404307752,-113.997 
			</coordinates>
		</LineString>
		<LineString>
			<coordinates>
				-70.8390775156324,-34.4684404307762,-113.997 -70.8390863204544,-34.4684071999661,-113.997 
			</coordinates>
		</LineString>
		<LineString>
			<coordinates>
				-70.83908632045539,-34.4684071999671,-113.997 -70.8390913996778,-34.4683887972134,-113.997 
			</coordinates>
		</LineString>
		<LineString>
			<coordinates>
				-70.83909139967879,-34.4683887972144,-113.997 -70.83911135158159,-34.4683325239189,-113.997 
			</coordinates>
		</LineString>
		<LineString>
			<coordinates>
				-70.8391113515826,-34.4683325239199,-113.997 -70.8391337051949,-34.468280869603,-113.997 
			</coordinates>
		</LineString>
		<LineString>
			<coordinates>
				-70.83913370519591,-34.468280869604,-113.997 -70.8391611678979,-34.4682273996379,-113.997 
			</coordinates>
		</LineString>
		<LineString>
			<coordinates>
				-70.83916116789889,-34.4682273996389,-113.997 -70.8391703503746,-34.4682022866195,-113.997 
			</coordinates>
		</LineString>
		<LineString>
			<coordinates>
				-70.8391703503756,-34.4682022866205,-113.997 -70.8391916534982,-34.4681540628702,-113.997 
			</coordinates>
		</LineString>
		<LineString>
			<coordinates>
				-70.8391916534992,-34.4681540628712,-113.997 -70.83922429382061,-34.4680681254185,-113.997 
			</coordinates>
		</LineString>
		<LineString>
			<coordinates>
				-70.8392242938216,-34.4680681254195,-113.997 -70.8392603359701,-34.4679762669572,-113.997 
			</coordinates>
		</LineString>
		<LineString>
			<coordinates>
				-70.848755709456,-34.4717448994631,-113.997 -70.8490870500695,-34.4737101176585,-113.997 
			</coordinates>
		</LineString>
		<LineString>
			<coordinates>
				-70.84908695508921,-34.4737095543305,-113.997 -70.84913379505841,-34.4743614384817,-113.997 
			</coordinates>
		</LineString>
		<LineString>
			<coordinates>
				-70.8491337950594,-34.4743614384827,-113.997 -70.8491338546511,-34.4743625642315,-113.997 
			</coordinates>
		</LineString>
		<LineString>
			<coordinates>
				-70.8491338546521,-34.4743625642325,-113.997 -70.8491338717421,-34.4743636909737,-113.997 
			</coordinates>
		</LineString>
		<LineString>
			<coordinates>
				-70.84913387174311,-34.4743636909747,-113.997 -70.8491338463144,-34.474364817608,-113.997 
			</coordinates>
		</LineString>
		<LineString>
			<coordinates>
				-70.8491338463154,-34.474364817609,-113.997 -70.84913377839339,-34.4743659430343,-113.997 
			</coordinates>
		</LineString>
		<LineString>
			<coordinates>
				-70.8491337783943,-34.4743659430353,-113.997 -70.8491336680449,-34.4743670661535,-113.997 
			</coordinates>
		</LineString>
		<LineString>
			<coordinates>
				-70.84913366804589,-34.4743670661545,-113.997 -70.84913351537691,-34.4743681858691,-113.997 
			</coordinates>
		</LineString>
		<LineString>
			<coordinates>
				-70.8491335153779,-34.4743681858701,-113.997 -70.8491333205385,-34.4743693010877,-113.997 
			</coordinates>
		</LineString>
		<LineString>
			<coordinates>
				-70.84913332053949,-34.4743693010887,-113.997 -70.84913308371991,-34.4743704107202,-113.997 
			</coordinates>
		</LineString>
		<LineString>
			<coordinates>
				-70.8491330837209,-34.4743704107212,-113.997 -70.84913280515219,-34.474371513683,-113.997 
			</coordinates>
		</LineString>
		<LineString>
			<coordinates>
				-70.8491328051532,-34.474371513684,-113.997 -70.8491324851078,-34.4743726088992,-113.997 
			</coordinates>
		</LineString>
		<LineString>
			<coordinates>
				-70.8491324851088,-34.4743726089002,-113.997 -70.8491321238988,-34.4743736952994,-113.997 
			</coordinates>
		</LineString>
		<LineString>
			<coordinates>
				-70.84913212389981,-34.4743736953004,-113.997 -70.84913172187809,-34.4743747718226,-113.997 
			</coordinates>
		</LineString>
		<LineString>
			<coordinates>
				-70.849131721879,-34.4743747718236,-113.997 -70.8491312794383,-34.4743758374177,-113.997 
			</coordinates>
		</LineString>
		<LineString>
			<coordinates>
				-70.84913127943921,-34.4743758374187,-113.997 -70.8491307970113,-34.4743768910441,-113.997 
			</coordinates>
		</LineString>
		<LineString>
			<coordinates>
				-70.84913079701229,-34.4743768910451,-113.997 -70.8491302750683,-34.4743779316729,-113.997 
			</coordinates>
		</LineString>
		<LineString>
			<coordinates>
				-70.8491302750693,-34.4743779316739,-113.997 -70.8491297141189,-34.4743789582881,-113.997 
			</coordinates>
		</LineString>
		<LineString>
			<coordinates>
				-70.8491297141199,-34.4743789582891,-113.997 -70.849129114711,-34.474379969887,-113.997 
			</coordinates>
		</LineString>
		<LineString>
			<coordinates>
				-70.849129114712,-34.474379969888,-113.997 -70.8491284774296,-34.4743809654821,-113.997 
			</coordinates>
		</LineString>
		<LineString>
			<coordinates>
				-70.8491284774306,-34.4743809654831,-113.997 -70.8491278028974,-34.4743819441009,-113.997 
			</coordinates>
		</LineString>
		<LineString>
			<coordinates>
				-70.84912780289839,-34.4743819441019,-113.997 -70.8491270917728,-34.4743829047881,-113.997 
			</coordinates>
		</LineString>
		<LineString>
			<coordinates>
				-70.84912709177379,-34.4743829047891,-113.997 -70.8491263447503,-34.4743838466054,-113.997 
			</coordinates>
		</LineString>
		<LineString>
			<coordinates>
				-70.8491263447513,-34.4743838466064,-113.997 -70.8491255625591,-34.4743847686331,-113.997 
			</coordinates>
		</LineString>
		<LineString>
			<coordinates>
				-70.8491255625601,-34.4743847686341,-113.997 -70.84912474596339,-34.474385669971,-113.997 
			</coordinates>
		</LineString>
		<LineString>
			<coordinates>
				-70.8491247459644,-34.474385669972,-113.997 -70.8491238957604,-34.4743865497388,-113.997 
			</coordinates>
		</LineString>
		<LineString>
			<coordinates>
				-70.84912389576139,-34.4743865497398,-113.997 -70.8491230127803,-34.4743874070776,-113.997 
			</coordinates>
		</LineString>
		<LineString>
			<coordinates>
				-70.84912301278131,-34.4743874070786,-113.997 -70.8491220978852,-34.4743882411501,-113.997 
			</coordinates>
		</LineString>
		<LineString>
			<coordinates>
				-70.84912209788619,-34.4743882411511,-113.997 -70.8491211519688,-34.4743890511419,-113.997 
			</coordinates>
		</LineString>
		<LineString>
			<coordinates>
				-70.8491211519698,-34.4743890511429,-113.997 -70.8491201759544,-34.474389836262,-113.997 
			</coordinates>
		</LineString>
		<LineString>
			<coordinates>
				-70.84912017595541,-34.474389836263,-113.997 -70.8491191707954,-34.4743905957438,-113.997 
			</coordinates>
		</LineString>
		<LineString>
			<coordinates>
				-70.8491191707964,-34.4743905957448,-113.997 -70.849118137473,-34.4743913288457,-113.997 
			</coordinates>
		</LineString>
		<LineString>
			<coordinates>
				-70.84911813747399,-34.4743913288467,-113.997 -70.84911707699639,-34.4743920348517,-113.997 
			</coordinates>
		</LineString>
		<LineString>
			<coordinates>
				-70.8491170769974,-34.4743920348527,-113.997 -70.8491159904013,-34.4743927130725,-113.997 
			</coordinates>
		</LineString>
		<LineString>
			<coordinates>
				-70.8491159904023,-34.4743927130735,-113.997 -70.8491148787484,-34.4743933628458,-113.997 
			</coordinates>
		</LineString>
		<LineString>
			<coordinates>
				-70.8491148787494,-34.4743933628468,-113.997 -70.8491137431234,-34.4743939835371,-113.997 
			</coordinates>
		</LineString>
		<LineString>
			<coordinates>
				-70.84911374312441,-34.4743939835381,-113.997 -70.84911258463509,-34.4743945745405,-113.997 
			</coordinates>
		</LineString>
		<LineString>
			<coordinates>
				-70.8491125846361,-34.4743945745415,-113.997 -70.8491114044149,-34.4743951352785,-113.997 
			</coordinates>
		</LineString>
		<LineString>
			<coordinates>
				-70.84911140441589,-34.4743951352795,-113.997 -70.8491102036152,-34.4743956652039,-113.997 
			</coordinates>
		</LineString>
		<LineString>
			<coordinates>
				-70.84911020361621,-34.4743956652049,-113.997 -70.8491089834087,-34.4743961637991,-113.997 
			</coordinates>
		</LineString>
		<LineString>
			<coordinates>
				-70.84910898340959,-34.4743961638001,-113.997 -70.8491077449866,-34.4743966305772,-113.997 
			</coordinates>
		</LineString>
		<LineString>
			<coordinates>
				-70.84910774498761,-34.4743966305782,-113.997 -70.84910648955839,-34.4743970650824,-113.997 
			</coordinates>
		</LineString>
		<LineString>
			<coordinates>
				-70.8491064895594,-34.4743970650834,-113.997 -70.84910521835,-34.4743974668906,-113.997 
			</coordinates>
		</LineString>
		<LineString>
			<coordinates>
				-70.849105218351,-34.4743974668916,-113.997 -70.8491039326026,-34.4743978356091,-113.997 
			</coordinates>
		</LineString>
		<LineString>
			<coordinates>
				-70.8491039326036,-34.4743978356101,-113.997 -70.849102633572,-34.4743981708781,-113.997 
			</coordinates>
		</LineString>
		<LineString>
			<coordinates>
				-70.849102633573,-34.4743981708791,-113.997 -70.84910132252629,-34.4743984723702,-113.997 
			</coordinates>
		</LineString>
		<LineString>
			<coordinates>
				-70.8491013225273,-34.4743984723712,-113.997 -70.84910000074601,-34.4743987397909,-113.997 
			</coordinates>
		</LineString>
		<LineString>
			<coordinates>
				-70.849100000747,-34.4743987397919,-113.997 -70.84909866952169,-34.4743989728791,-113.997 
			</coordinates>
		</LineString>
		<LineString>
			<coordinates>
				-70.8490986695227,-34.4743989728801,-113.997 -70.8490973301534,-34.4743991714073,-113.997 
			</coordinates>
		</LineString>
		<LineString>
			<coordinates>
				-70.84909733015439,-34.4743991714083,-113.997 -70.8490959839486,-34.4743993351815,-113.997 
			</coordinates>
		</LineString>
		<LineString>
			<coordinates>
				-70.8490959839496,-34.4743993351825,-113.997 -70.84909554619109,-34.4743993807965,-113.997 
			</coordinates>
		</LineString>
		<LineString>
			<coordinates>
				-70.8490955461921,-34.4743993807975,-113.997 -70.8490383100885,-34.474405101061,-113.997 
			</coordinates>
		</LineString>
		<LineString>
			<coordinates>
				-70.8490955461921,-34.4743993807975,-113.997 -70.84832252724451,-34.4744766351839,-113.997 
			</coordinates>
		</LineString>
		<LineString>
			<coordinates>
				-70.8475379357334,-34.4695727329978,-113.997 -70.8475418106958,-34.4695784476924,-113.997 
			</coordinates>
		</LineString>
		<LineString>
			<coordinates>
				-70.8475418106968,-34.4695784476934,-113.997 -70.8478235417704,-34.4699562267252,-113.997 
			</coordinates>
		</LineString>
		<LineString>
			<coordinates>
				-70.8478235417714,-34.4699562267262,-113.997 -70.8478280947717,-34.4699624089009,-113.997 
			</coordinates>
		</LineString>
		<LineString>
			<coordinates>
				-70.84782809477269,-34.4699624089019,-113.997 -70.8479068677966,-34.470077935758,-113.997 
			</coordinates>
		</LineString>
		<LineString>
			<coordinates>
				-70.8479068677976,-34.470077935759,-113.997 -70.84793007971621,-34.4701150226349,-113.997 
			</coordinates>
		</LineString>
		<LineString>
			<coordinates>
				-70.8479300797172,-34.4701150226359,-113.997 -70.8479639047204,-34.4701375791841,-113.997 
			</coordinates>
		</LineString>
		<LineString>
			<coordinates>
				-70.8479639047214,-34.4701375791851,-113.997 -70.8481578068362,-34.4704242202975,-113.997 
			</coordinates>
		</LineString>
		<LineString>
			<coordinates>
				-70.84815780683719,-34.4704242202985,-113.997 -70.8481896025005,-34.4704762160026,-113.997 
			</coordinates>
		</LineString>
		<LineString>
			<coordinates>
				-70.84818960250151,-34.4704762160036,-113.997 -70.8482349700065,-34.4705286525805,-113.997 
			</coordinates>
		</LineString>
		<LineString>
			<coordinates>
				-70.8482349700075,-34.4705286525815,-113.997 -70.84826293111909,-34.4705676848319,-113.997 
			</coordinates>
		</LineString>
		<LineString>
			<coordinates>
				-70.8482629311201,-34.4705676848329,-113.997 -70.8482894379664,-34.4705996872334,-113.997 
			</coordinates>
		</LineString>
		<LineString>
			<coordinates>
				-70.8482894379674,-34.4705996872344,-113.997 -70.8483077749252,-34.4706298517833,-113.997 
			</coordinates>
		</LineString>
		<LineString>
			<coordinates>
				-70.8483077749262,-34.4706298517843,-113.997 -70.84832638324239,-34.4706602211396,-113.997 
			</coordinates>
		</LineString>
		<LineString>
			<coordinates>
				-70.8483263832434,-34.4706602211406,-113.997 -70.84834162113479,-34.4706722558678,-113.997 
			</coordinates>
		</LineString>
		<LineString>
			<coordinates>
				-70.8483416211358,-34.4706722558688,-113.997 -70.84836789497849,-34.4707003959866,-113.997 
			</coordinates>
		</LineString>
		<LineString>
			<coordinates>
				-70.8483678949795,-34.4707003959876,-113.997 -70.8483829498325,-34.4707325857293,-113.997 
			</coordinates>
		</LineString>
		<LineString>
			<coordinates>
				-70.84838294983351,-34.4707325857303,-113.997 -70.84838457690709,-34.470749009096,-113.997 
			</coordinates>
		</LineString>
		<LineString>
			<coordinates>
				-70.8483845769081,-34.470749009097,-113.997 -70.8483998107864,-34.4707846785483,-113.997 
			</coordinates>
		</LineString>
		<LineString>
			<coordinates>
				-70.8483998107874,-34.4707846785493,-113.997 -70.84841376032151,-34.4708131751597,-113.997 
			</coordinates>
		</LineString>
		<LineString>
			<coordinates>
				-70.8484137603225,-34.4708131751607,-113.997 -70.84842298318451,-34.4708553250694,-113.997 
			</coordinates>
		</LineString>
		<LineString>
			<coordinates>
				-70.8484229831855,-34.4708553250704,-113.997 -70.8484267328016,-34.4708863529171,-113.997 
			</coordinates>
		</LineString>
		<LineString>
			<coordinates>
				-70.84842673280259,-34.4708863529181,-113.997 -70.8484464790827,-34.4709355158651,-113.997 
			</coordinates>
		</LineString>
		<LineString>
			<coordinates>
				-70.84844647908371,-34.4709355158661,-113.997 -70.8484456665345,-34.4709395400708,-113.997 
			</coordinates>
		</LineString>
		<LineString>
			<coordinates>
				-70.8484456665355,-34.4709395400718,-113.997 -70.848462374598,-34.4709716394543,-113.997 
			</coordinates>
		</LineString>
		<LineString>
			<coordinates>
				-70.84846237459899,-34.4709716394553,-113.997 -70.84846551700031,-34.4709793030365,-113.997 
			</coordinates>
		</LineString>
		<LineString>
			<coordinates>
				-70.8484655170013,-34.4709793030375,-113.997 -70.84846910318031,-34.4709942143236,-113.997 
			</coordinates>
		</LineString>
		<LineString>
			<coordinates>
				-70.8484691031813,-34.4709942143246,-113.997 -70.8484688640732,-34.4709965817543,-113.997 
			</coordinates>
		</LineString>
		<LineString>
			<coordinates>
				-70.84846886407421,-34.4709965817553,-113.997 -70.8484576852949,-34.4710157383829,-113.997 
			</coordinates>
		</LineString>
		<LineString>
			<coordinates>
				-70.8484576852959,-34.4710157383839,-113.997 -70.8484526854613,-34.4710186174514,-113.997 
			</coordinates>
		</LineString>
		<LineString>
			<coordinates>
				-70.84845268546231,-34.4710186174524,-113.997 -70.8484464265679,-34.4710268969084,-113.997 
			</coordinates>
		</LineString>
		<LineString>
			<coordinates>
				-70.8484464265689,-34.4710268969094,-113.997 -70.8484450726958,-34.4710335923644,-113.997 
			</coordinates>
		</LineString>
		<LineString>
			<coordinates>
				-70.8484450726968,-34.4710335923654,-113.997 -70.8484492253482,-34.4710387541624,-113.997 
			</coordinates>
		</LineString>
		<LineString>
			<coordinates>
				-70.8484492253492,-34.4710387541635,-113.997 -70.84846051154349,-34.4710754507936,-113.997 
			</coordinates>
		</LineString>
		<LineString>
			<coordinates>
				-70.8484605115445,-34.4710754507946,-113.997 -70.8484666591294,-34.4711388799372,-113.997 
			</coordinates>
		</LineString>
		<LineString>
			<coordinates>
				-70.84846665913039,-34.4711388799382,-113.997 -70.84847053988319,-34.47115822012,-113.997 
			</coordinates>
		</LineString>
		<LineString>
			<coordinates>
				-70.8484705398842,-34.471158220121,-113.997 -70.84847448820319,-34.4711919676645,-113.997 
			</coordinates>
		</LineString>
		<LineString>
			<coordinates>
				-70.8484744882042,-34.4711919676655,-113.997 -70.84848319227331,-34.4712412921257,-113.997 
			</coordinates>
		</LineString>
		<LineString>
			<coordinates>
				-70.8484831922743,-34.4712412921267,-113.997 -70.8485022314793,-34.4712974178714,-113.997 
			</coordinates>
		</LineString>
		<LineString>
			<coordinates>
				-70.8485022314803,-34.4712974178724,-113.997 -70.8485341448766,-34.471364489396,-113.997 
			</coordinates>
		</LineString>
		<LineString>
			<coordinates>
				-70.8485341448776,-34.471364489397,-113.997 -70.84855900066989,-34.4714175008912,-113.997 
			</coordinates>
		</LineString>
		<LineString>
			<coordinates>
				-70.8485590006709,-34.4714175008922,-113.997 -70.8485953345856,-34.4714933016059,-113.997 
			</coordinates>
		</LineString>
		<LineString>
			<coordinates>
				-70.84859533458661,-34.4714933016069,-113.997 -70.84862530431739,-34.4715475686094,-113.997 
			</coordinates>
		</LineString>
		<LineString>
			<coordinates>
				-70.8486253043184,-34.4715475686104,-113.997 -70.8486616670229,-34.4716185956972,-113.997 
			</coordinates>
		</LineString>
		<LineString>
			<coordinates>
				-70.8486616670239,-34.4716185956982,-113.997 -70.8486857354759,-34.4716656084078,-113.997 
			</coordinates>
		</LineString>
		<LineString>
			<coordinates>
				-70.8506403900624,-34.4751132509449,-113.997 -70.85180648879211,-34.4748364574864,-113.997 
			</coordinates>
		</LineString>
		<LineString>
			<coordinates>
				-70.8518692747889,-34.4748215537942,-113.997 -70.85303713990029,-34.4745443274933,-113.997 
			</coordinates>
		</LineString>
		<LineString>
			<coordinates>
				-70.84627569443489,-34.4761473397528,-113.997 -70.8462947078675,-34.4761497179767,-113.997 
			</coordinates>
		</LineString>
		<LineString>
			<coordinates>
				-70.84629470786849,-34.4761497179777,-113.997 -70.8475939598883,-34.476005968503,-113.997 
			</coordinates>
		</LineString>
		<LineString>
			<coordinates>
				-70.84759395988929,-34.476005968504,-113.997 -70.84821388256189,-34.4760044332781,-113.997 
			</coordinates>
		</LineString>
		<LineString>
			<coordinates>
				-70.8482138825628,-34.4760044332791,-113.997 -70.848561983138,-34.4761063012357,-113.997 
			</coordinates>
		</LineString>
		<LineString>
			<coordinates>
				-70.8472319426607,-34.4802399379928,-113.997 -70.8472319390778,-34.4802398676579,-113.997 
			</coordinates>
		</LineString>
		<LineString>
			<coordinates>
				-70.84560716187261,-34.4663478211714,-113.997 -70.8455760076846,-34.4663001653535,-113.997 
			</coordinates>
		</LineString>
		<LineString>
			<coordinates>
				-70.8378362229988,-34.4698872080171,-113.997 -70.8378547617011,-34.4698326369852,-113.997 
			</coordinates>
		</LineString>
		<LineString>
			<coordinates>
				-70.84339301887481,-34.4688686705238,-113.997 -70.8433311115069,-34.4688302366192,-113.997 
			</coordinates>
		</LineString>
		<LineString>
			<coordinates>
				-70.8417112051868,-34.4675760397498,-113.997 -70.8416702509339,-34.467525751794,-113.997 
			</coordinates>
		</LineString>
		<LineString>
			<coordinates>
				-70.85352812769391,-34.4741600514131,-113.997 -70.8544809253101,-34.4735857682449,-113.997 
			</coordinates>
		</LineString>
		<LineString>
			<coordinates>
				-70.8545345072738,-34.4735534721484,-113.997 -70.8554630654376,-34.4729937836229,-113.997 
			</coordinates>
		</LineString>
		<LineString>
			<coordinates>
				-70.85405333859831,-34.4749584724663,-113.997 -70.8548603191748,-34.4744728849471,-113.997 
			</coordinates>
		</LineString>
		<LineString>
			<coordinates>
				-70.8549140233646,-34.4744405689385,-113.997 -70.8557544818614,-34.473934824429,-113.997 
			</coordinates>
		</LineString>
		<LineString>
			<coordinates>
				-70.8527403305817,-34.472962414807,-113.997 -70.8536679022515,-34.4724033380687,-113.997 
			</coordinates>
		</LineString>
		<LineString>
			<coordinates>
				-70.8537215234258,-34.4723710184596,-113.997 -70.8546365736063,-34.4718194740438,-113.997 
			</coordinates>
		</LineString>
		<LineString>
			<coordinates>
				-70.85288873589811,-34.4717579949937,-113.997 -70.8537711633081,-34.4712261196968,-113.997 
			</coordinates>
		</LineString>
		<LineString>
			<coordinates>
				-70.8524533770368,-34.471462914547,-113.997 -70.8533358043388,-34.470931042382,-113.997 
			</coordinates>
		</LineString>
		<LineString>
			<coordinates>
				-70.8520180212181,-34.4711678324359,-113.997 -70.8529004484122,-34.4706359634029,-113.997 
			</coordinates>
		</LineString>
		<LineString>
			<coordinates>
				-70.84737691160289,-34.4684988920815,-113.997 -70.84797875617819,-34.4682146100441,-113.997 
			</coordinates>
		</LineString>
		<LineString>
			<coordinates>
				-70.8478839872341,-34.4676154190584,-113.997 -70.8469347028215,-34.4680411315188,-113.997 
			</coordinates>
		</LineString>
		<LineString>
			<coordinates>
				-70.84734599043939,-34.4667594467818,-113.997 -70.8462800427905,-34.4672635172645,-113.997 
			</coordinates>
		</LineString>
		<LineString>
			<coordinates>
				-70.8470962923957,-34.4663584770123,-113.997 -70.84602084567329,-34.4668670387255,-113.997 
			</coordinates>
		</LineString>
		<LineString>
			<coordinates>
				-70.8475210675595,-34.4802836992774,-113.997 -70.8476027343322,-34.4802806187966,-113.997 
			</coordinates>
		</LineString>
		<LineString>
			<coordinates>
				-70.84760273433319,-34.4802806187976,-113.997 -70.84821317852381,-34.4802575910401,-113.997 
			</coordinates>
		</LineString>
		<LineString>
			<coordinates>
				-70.8482131785248,-34.4802575910411,-113.997 -70.84915319022021,-34.4802228943251,-113.997 
			</coordinates>
		</LineString>
		<LineString>
			<coordinates>
				-70.8491531902212,-34.4802228943261,-113.997 -70.85015684616791,-34.4801753050068,-113.997 
			</coordinates>
		</LineString>
		<LineString>
			<coordinates>
				-70.8507449262472,-34.4801039523183,-113.997 -70.8509958807893,-34.4800965726455,-113.997 
			</coordinates>
		</LineString>
		<LineString>
			<coordinates>
				-70.83802949636041,-34.471539514807,-113.997 -70.8380414326399,-34.4713935567008,-113.997 
			</coordinates>
		</LineString>
		<LineString>
			<coordinates>
				-70.83804143264091,-34.4713935567018,-113.997 -70.8380600149526,-34.4712450823451,-113.997 
			</coordinates>
		</LineString>
		<LineString>
			<coordinates>
				-70.8380600149536,-34.4712450823461,-113.997 -70.8380770930026,-34.471081384574,-113.997 
			</coordinates>
		</LineString>
		<LineString>
			<coordinates>
				-70.83807709300361,-34.471081384575,-113.997 -70.83808554614281,-34.4710176971776,-113.997 
			</coordinates>
		</LineString>
		<LineString>
			<coordinates>
				-70.8380855461438,-34.4710176971786,-113.997 -70.8381045654003,-34.4708707281589,-113.997 
			</coordinates>
		</LineString>
		<LineString>
			<coordinates>
				-70.8381045654013,-34.4708707281599,-113.997 -70.83810737322401,-34.4707357989685,-113.997 
			</coordinates>
		</LineString>
		<LineString>
			<coordinates>
				-70.838107373225,-34.4707357989695,-113.997 -70.83810145331159,-34.4706873955495,-113.997 
			</coordinates>
		</LineString>
		<LineString>
			<coordinates>
				-70.8381014533126,-34.4706873955505,-113.997 -70.8380457075198,-34.4704607454646,-113.997 
			</coordinates>
		</LineString>
		<LineString>
			<coordinates>
				-70.83804570752081,-34.4704607454656,-113.997 -70.8380161026942,-34.4703200563915,-113.997 
			</coordinates>
		</LineString>
		<LineString>
			<coordinates>
				-70.83801610269521,-34.4703200563925,-113.997 -70.8379957393948,-34.4702004908913,-113.997 
			</coordinates>
		</LineString>
		<LineString>
			<coordinates>
				-70.83799573939579,-34.4702004908923,-113.997 -70.8379969581089,-34.4700773720208,-113.997 
			</coordinates>
		</LineString>
		<LineString>
			<coordinates>
				-70.8379969581099,-34.4700773720218,-113.997 -70.8380232028304,-34.4699549159197,-113.997 
			</coordinates>
		</LineString>
		<LineString>
			<coordinates>
				-70.83802320283139,-34.4699549159207,-113.997 -70.8380681995002,-34.4698479917945,-113.997 
			</coordinates>
		</LineString>
		<LineString>
			<coordinates>
				-70.83691444006151,-34.4699393486474,-113.997 -70.8369083405894,-34.4700096266241,-113.997 
			</coordinates>
		</LineString>
		<LineString>
			<coordinates>
				-70.8370191882655,-34.4701011718047,-113.997 -70.8378044586069,-34.4700525763398,-113.997 
			</coordinates>
		</LineString>
		<LineString>
			<coordinates>
				-70.8380490402624,-34.4716382209461,-113.997 -70.83827908771291,-34.4716483684866,-113.997 
			</coordinates>
		</LineString>
		<LineString>
			<coordinates>
				-70.8382790877139,-34.4716483684876,-113.997 -70.8384954195116,-34.4716313396859,-113.997 
			</coordinates>
		</LineString>
		<LineString>
			<coordinates>
				-70.8384954195126,-34.4716313396869,-113.997 -70.838714306588,-34.4716076847957,-113.997 
			</coordinates>
		</LineString>
		<LineString>
			<coordinates>
				-70.838714306589,-34.4716076847967,-113.997 -70.8388961643097,-34.4715881471042,-113.997 
			</coordinates>
		</LineString>
		<LineString>
			<coordinates>
				-70.8388961643107,-34.4715881471052,-113.997 -70.8391585653322,-34.4715602500827,-113.997 
			</coordinates>
		</LineString>
		<LineString>
			<coordinates>
				-70.83915856533319,-34.4715602500837,-113.997 -70.8394115822087,-34.4715310320758,-113.997 
			</coordinates>
		</LineString>
		<LineString>
			<coordinates>
				-70.83941158220971,-34.4715310320768,-113.997 -70.83966254257111,-34.4715113508248,-113.997 
			</coordinates>
		</LineString>
		<LineString>
			<coordinates>
				-70.8396625425721,-34.4715113508258,-113.997 -70.8398456682482,-34.4714911265449,-113.997 
			</coordinates>
		</LineString>
		<LineString>
			<coordinates>
				-70.8398456682492,-34.4714911265459,-113.997 -70.8400031608622,-34.4714746185479,-113.997 
			</coordinates>
		</LineString>
		<LineString>
			<coordinates>
				-70.84022813229861,-34.4714498716078,-113.997 -70.84032200228469,-34.4714392956223,-113.997 
			</coordinates>
		</LineString>
		<LineString>
			<coordinates>
				-70.8403220022857,-34.4714392956233,-113.997 -70.8405478856518,-34.4714154053751,-113.997 
			</coordinates>
		</LineString>
		<LineString>
			<coordinates>
				-70.8405478856528,-34.4714154053761,-113.997 -70.8407452555532,-34.471392841939,-113.997 
			</coordinates>
		</LineString>
		<LineString>
			<coordinates>
				-70.8407452555542,-34.47139284194,-113.997 -70.8409225566682,-34.471372201885,-113.997 
			</coordinates>
		</LineString>
		<LineString>
			<coordinates>
				-70.8409225566692,-34.471372201886,-113.997 -70.84115040504911,-34.4713502077944,-113.997 
			</coordinates>
		</LineString>
		<LineString>
			<coordinates>
				-70.8411504050501,-34.4713502077954,-113.997 -70.8413894499277,-34.4713230388723,-113.997 
			</coordinates>
		</LineString>
		<LineString>
			<coordinates>
				-70.8413894499287,-34.4713230388733,-113.997 -70.8416167543416,-34.4713008938054,-113.997 
			</coordinates>
		</LineString>
		<LineString>
			<coordinates>
				-70.8416167543426,-34.4713008938064,-113.997 -70.84183067674969,-34.4712771370948,-113.997 
			</coordinates>
		</LineString>
		<LineString>
			<coordinates>
				-70.8418306767507,-34.4712771370958,-113.997 -70.84194813313169,-34.4712644849255,-113.997 
			</coordinates>
		</LineString>
		<LineString>
			<coordinates>
				-70.8419481331327,-34.4712644849265,-113.997 -70.841950581986,-34.4712639661496,-113.997 
			</coordinates>
		</LineString>
		<LineString>
			<coordinates>
				-70.8451522247839,-34.4699504952476,-113.997 -70.8451504755953,-34.4699480283755,-113.997 
			</coordinates>
		</LineString>
		<LineString>
			<coordinates>
				-70.8451504755963,-34.4699480283765,-113.997 -70.8449639206018,-34.4697816632346,-113.997 
			</coordinates>
		</LineString>
		<LineString>
			<coordinates>
				-70.84496392060279,-34.4697816632356,-113.997 -70.84453852799371,-34.4694804035034,-113.997 
			</coordinates>
		</LineString>
		<LineString>
			<coordinates>
				-70.8445385279947,-34.4694804035044,-113.997 -70.8443785056339,-34.4693982513133,-113.997 
			</coordinates>
		</LineString>
		<LineString>
			<coordinates>
				-70.84437850563489,-34.4693982513143,-113.997 -70.84397229097701,-34.4691727772423,-113.997 
			</coordinates>
		</LineString>
		<LineString>
			<coordinates>
				-70.843972290978,-34.4691727772433,-113.997 -70.843847698283,-34.4691103858591,-113.997 
			</coordinates>
		</LineString>
		<LineString>
			<coordinates>
				-70.8437588566122,-34.4690654094463,-113.997 -70.8436274788465,-34.4689984941487,-113.997 
			</coordinates>
		</LineString>
		<LineString>
			<coordinates>
				-70.84362747884749,-34.4689984941497,-113.997 -70.8433988453107,-34.4688722842424,-113.997 
			</coordinates>
		</LineString>
		<LineString>
			<coordinates>
				-70.8433988453117,-34.4688722842434,-113.997 -70.8433930188738,-34.4688686705228,-113.997 
			</coordinates>
		</LineString>
		<LineString>
			<coordinates>
				-70.84384769828399,-34.4691103858601,-113.997 -70.84087622366179,-34.4694304148873,-113.997 
			</coordinates>
		</LineString>
		<LineString>
			<coordinates>
				-70.8408762236628,-34.4694304148883,-113.997 -70.84063937526039,-34.4694556317621,-113.997 
			</coordinates>
		</LineString>
		<LineString>
			<coordinates>
				-70.8406393752614,-34.4694556317631,-113.997 -70.8403814193093,-34.4694852610053,-113.997 
			</coordinates>
		</LineString>
		<LineString>
			<coordinates>
				-70.84038141931021,-34.4694852610063,-113.997 -70.84003047499429,-34.4695234998081,-113.997 
			</coordinates>
		</LineString>
		<LineString>
			<coordinates>
				-70.8400304749953,-34.4695234998091,-113.997 -70.83975742175851,-34.4695470701531,-113.997 
			</coordinates>
		</LineString>
		<LineString>
			<coordinates>
				-70.8397574217595,-34.4695470701541,-113.997 -70.83939360566529,-34.4695894232869,-113.997 
			</coordinates>
		</LineString>
		<LineString>
			<coordinates>
				-70.8393936056663,-34.4695894232879,-113.997 -70.83926400992149,-34.4696042194502,-113.997 
			</coordinates>
		</LineString>
		<LineString>
			<coordinates>
				-70.8392640099225,-34.4696042194512,-113.997 -70.839149435473,-34.469619919543,-113.997 
			</coordinates>
		</LineString>
		<LineString>
			<coordinates>
				-70.839149435474,-34.469619919544,-113.997 -70.8389522525836,-34.4696514543848,-113.997 
			</coordinates>
		</LineString>
		<LineString>
			<coordinates>
				-70.8389522525846,-34.4696514543858,-113.997 -70.838237859842,-34.4696139365465,-113.997 
			</coordinates>
		</LineString>
		<LineString>
			<coordinates>
				-70.8411066458043,-34.4693510553452,-113.997 -70.8409037761414,-34.469372945957,-113.997 
			</coordinates>
		</LineString>
		<LineString>
			<coordinates>
				-70.8409037761424,-34.469372945958,-113.997 -70.8406307254545,-34.469402017267,-113.997 
			</coordinates>
		</LineString>
		<LineString>
			<coordinates>
				-70.8406307254555,-34.469402017268,-113.997 -70.8403726738029,-34.4694316574976,-113.997 
			</coordinates>
		</LineString>
		<LineString>
			<coordinates>
				-70.8403726738039,-34.4694316574986,-113.997 -70.8400228289358,-34.4694697764983,-113.997 
			</coordinates>
		</LineString>
		<LineString>
			<coordinates>
				-70.8400228289368,-34.4694697764993,-113.997 -70.83974948859699,-34.4694933716185,-113.997 
			</coordinates>
		</LineString>
		<LineString>
			<coordinates>
				-70.839749488598,-34.4694933716195,-113.997 -70.8393846008024,-34.469535849507,-113.997 
			</coordinates>
		</LineString>
		<LineString>
			<coordinates>
				-70.8393846008034,-34.469535849508,-113.997 -70.8392550909622,-34.4695506358598,-113.997 
			</coordinates>
		</LineString>
		<LineString>
			<coordinates>
				-70.83925509096321,-34.4695506358608,-113.997 -70.8391383481181,-34.4695666130967,-113.997 
			</coordinates>
		</LineString>
		<LineString>
			<coordinates>
				-70.83913834811911,-34.4695666130977,-113.997 -70.8389480618183,-34.4695970432609,-113.997 
			</coordinates>
		</LineString>
		<LineString>
			<coordinates>
				-70.83894806181929,-34.4695970432619,-113.997 -70.8382871486105,-34.4695623282802,-113.997 
			</coordinates>
		</LineString>
		<LineString>
			<coordinates>
				-70.8390336611624,-34.4798575861089,-113.997 -70.8390500887561,-34.4796467845593,-113.997 
			</coordinates>
		</LineString>
		<LineString>
			<coordinates>
				-70.83905008875711,-34.4796467845603,-113.997 -70.8390622963977,-34.479490133643,-113.997 
			</coordinates>
		</LineString>
		<LineString>
			<coordinates>
				-70.83906229639869,-34.479490133644,-113.997 -70.8390719767898,-34.4793659126077,-113.997 
			</coordinates>
		</LineString>
		<LineString>
			<coordinates>
				-70.83907197679081,-34.4793659126087,-113.997 -70.8390501662243,-34.4791543842122,-113.997 
			</coordinates>
		</LineString>
		<LineString>
			<coordinates>
				-70.83905016622531,-34.4791543842132,-113.997 -70.83905191756369,-34.4789294138316,-113.997 
			</coordinates>
		</LineString>
		<LineString>
			<coordinates>
				-70.8390519175647,-34.4789294138326,-113.997 -70.83901883653699,-34.4787446440154,-113.997 
			</coordinates>
		</LineString>
		<LineString>
			<coordinates>
				-70.839018836538,-34.4787446440164,-113.997 -70.83897135106859,-34.4784794184043,-113.997 
			</coordinates>
		</LineString>
		<LineString>
			<coordinates>
				-70.8389713510696,-34.4784794184053,-113.997 -70.83898726427461,-34.4782205703246,-113.997 
			</coordinates>
		</LineString>
		<LineString>
			<coordinates>
				-70.8389872642755,-34.4782205703256,-113.997 -70.83896432399401,-34.478090978677,-113.997 
			</coordinates>
		</LineString>
		<LineString>
			<coordinates>
				-70.838964323995,-34.478090978678,-113.997 -70.83895740242571,-34.4778772017984,-113.997 
			</coordinates>
		</LineString>
		<LineString>
			<coordinates>
				-70.8389574024267,-34.4778772017995,-113.997 -70.83890037375021,-34.4772783518177,-113.997 
			</coordinates>
		</LineString>
		<LineString>
			<coordinates>
				-70.8389003737512,-34.4772783518187,-113.997 -70.8389640508905,-34.4768550169343,-113.997 
			</coordinates>
		</LineString>
		<LineString>
			<coordinates>
				-70.83896405089151,-34.4768550169353,-113.997 -70.8387772536304,-34.4762210757575,-113.997 
			</coordinates>
		</LineString>
		<LineString>
			<coordinates>
				-70.83877725363141,-34.4762210757585,-113.997 -70.83857071967159,-34.47552014086,-113.997 
			</coordinates>
		</LineString>
		<LineString>
			<coordinates>
				-70.83853393972311,-34.4753953156991,-113.997 -70.8384011882133,-34.4749447752184,-113.997 
			</coordinates>
		</LineString>
		<LineString>
			<coordinates>
				-70.83840118821421,-34.4749447752194,-113.997 -70.83818498264689,-34.47461942523,-113.997 
			</coordinates>
		</LineString>
		<LineString>
			<coordinates>
				-70.8381849826479,-34.474619425231,-113.997 -70.8379687728751,-34.4742940658709,-113.997 
			</coordinates>
		</LineString>
		<LineString>
			<coordinates>
				-70.8379687728761,-34.4742940658719,-113.997 -70.8378037034818,-34.4740456621361,-113.997 
			</coordinates>
		</LineString>
		<LineString>
			<coordinates>
				-70.83780370348281,-34.4740456621372,-113.997 -70.83757217511599,-34.473697245008,-113.997 
			</coordinates>
		</LineString>
		<LineString>
			<coordinates>
				-70.837572175117,-34.473697245009,-113.997 -70.83751083891011,-34.4734697583194,-113.997 
			</coordinates>
		</LineString>
		<LineString>
			<coordinates>
				-70.8375108389111,-34.4734697583204,-113.997 -70.8374073330333,-34.4732808293246,-113.997 
			</coordinates>
		</LineString>
		<LineString>
			<coordinates>
				-70.83740733303431,-34.4732808293256,-113.997 -70.8373624467053,-34.472918130453,-113.997 
			</coordinates>
		</LineString>
		<LineString>
			<coordinates>
				-70.83736244670629,-34.472918130454,-113.997 -70.8372048619584,-34.472626283889,-113.997 
			</coordinates>
		</LineString>
		<LineString>
			<coordinates>
				-70.83720486195941,-34.47262628389,-113.997 -70.8372838286996,-34.472161290375,-113.997 
			</coordinates>
		</LineString>
		<LineString>
			<coordinates>
				-70.83728382870061,-34.472161290376,-113.997 -70.83733211822791,-34.4720555484872,-113.997 
			</coordinates>
		</LineString>
		<LineString>
			<coordinates>
				-70.83853393972311,-34.4753953156991,-113.997 -70.8384011882133,-34.4749447752184,-113.997 
			</coordinates>
		</LineString>
		<LineString>
			<coordinates>
				-70.83840118821421,-34.4749447752194,-113.997 -70.83818498264689,-34.47461942523,-113.997 
			</coordinates>
		</LineString>
		<LineString>
			<coordinates>
				-70.8381849826479,-34.474619425231,-113.997 -70.8379687728751,-34.4742940658709,-113.997 
			</coordinates>
		</LineString>
		<LineString>
			<coordinates>
				-70.8379687728761,-34.4742940658719,-113.997 -70.8378037034818,-34.4740456621361,-113.997 
			</coordinates>
		</LineString>
		<LineString>
			<coordinates>
				-70.83780370348281,-34.4740456621372,-113.997 -70.83757217511599,-34.473697245008,-113.997 
			</coordinates>
		</LineString>
		<LineString>
			<coordinates>
				-70.837572175117,-34.473697245009,-113.997 -70.83751083891011,-34.4734697583194,-113.997 
			</coordinates>
		</LineString>
		<LineString>
			<coordinates>
				-70.8375108389111,-34.4734697583204,-113.997 -70.8374073330333,-34.4732808293246,-113.997 
			</coordinates>
		</LineString>
		<LineString>
			<coordinates>
				-70.83740733303431,-34.4732808293256,-113.997 -70.8373624467053,-34.472918130453,-113.997 
			</coordinates>
		</LineString>
		<LineString>
			<coordinates>
				-70.83736244670629,-34.472918130454,-113.997 -70.8372048619584,-34.472626283889,-113.997 
			</coordinates>
		</LineString>
		<LineString>
			<coordinates>
				-70.83720486195941,-34.47262628389,-113.997 -70.8372838286996,-34.472161290375,-113.997 
			</coordinates>
		</LineString>
		<LineString>
			<coordinates>
				-70.83728382870061,-34.472161290376,-113.997 -70.83733211822791,-34.4720555484872,-113.997 
			</coordinates>
		</LineString>
		<LineString>
			<coordinates>
				-70.8373321182289,-34.4720555484882,-113.997 -70.8374093095449,-34.4718933543562,-113.997 
			</coordinates>
		</LineString>
		<LineString>
			<coordinates>
				-70.8472319390788,-34.4802398676589,-113.997 -70.8467512728454,-34.4802566528872,-113.997 
			</coordinates>
		</LineString>
		<LineString>
			<coordinates>
				-70.8467512728464,-34.4802566528883,-113.997 -70.8462908158601,-34.4802692060385,-113.997 
			</coordinates>
		</LineString>
		<LineString>
			<coordinates>
				-70.8462908158611,-34.4802692060395,-113.997 -70.84592930298101,-34.4802750111986,-113.997 
			</coordinates>
		</LineString>
		<LineString>
			<coordinates>
				-70.845929302982,-34.4802750111996,-113.997 -70.8454916427618,-34.4802807183679,-113.997 
			</coordinates>
		</LineString>
		<LineString>
			<coordinates>
				-70.8475888809152,-34.4806078123726,-113.997 -70.8475621080093,-34.4805946884389,-113.997 
			</coordinates>
		</LineString>
		<LineString>
			<coordinates>
				-70.8476177845223,-34.4807114437732,-113.997 -70.847602848452,-34.4807323861852,-113.997 
			</coordinates>
		</LineString>
		<LineString>
			<coordinates>
				-70.8476247633259,-34.4808232731187,-113.997 -70.8476016068758,-34.480738970054,-113.997 
			</coordinates>
		</LineString>
		<LineString>
			<coordinates>
				-70.8474887731565,-34.4803404031836,-113.997 -70.84755703821909,-34.4805889302202,-113.997 
			</coordinates>
		</LineString>
		<LineString>
			<coordinates>
				-70.8418771467644,-34.4632114597669,-113.997 -70.8412812687889,-34.4634931894745,-113.997 
			</coordinates>
		</LineString>
		<LineString>
			<coordinates>
				-70.8465724539649,-34.4757467970956,-113.997 -70.8483083345167,-34.4756742222133,-113.997 
			</coordinates>
		</LineString>
		<LineString>
			<coordinates>
				-70.8430980419693,-34.476610136354,-113.997 -70.8420659470375,-34.4767419189372,-113.997 
			</coordinates>
		</LineString>
		<LineString>
			<coordinates>
				-70.843517777892,-34.4643337326868,-113.997 -70.842820033008,-34.4646646542222,-113.997 
			</coordinates>
		</LineString>
		<LineString>
			<coordinates>
				-70.8404212270769,-34.4626948949236,-113.997 -70.8404215060491,-34.4627341505156,-113.997 
			</coordinates>
		</LineString>
		<LineString>
			<coordinates>
				-70.84042150605011,-34.4627341505166,-113.997 -70.8403986357236,-34.4627985329484,-113.997 
			</coordinates>
		</LineString>
		<LineString>
			<coordinates>
				-70.8403986357246,-34.4627985329494,-113.997 -70.8403294074235,-34.4629191072251,-113.997 
			</coordinates>
		</LineString>
		<LineString>
			<coordinates>
				-70.84032940742451,-34.4629191072261,-113.997 -70.8402793949405,-34.4630501459678,-113.997 
			</coordinates>
		</LineString>
		<LineString>
			<coordinates>
				-70.8402793949414,-34.4630501459688,-113.997 -70.84026570187579,-34.4631765211448,-113.997 
			</coordinates>
		</LineString>
		<LineString>
			<coordinates>
				-70.8402657018768,-34.4631765211458,-113.997 -70.8403011526584,-34.4633005574267,-113.997 
			</coordinates>
		</LineString>
		<LineString>
			<coordinates>
				-70.84030115265941,-34.4633005574277,-113.997 -70.8403971033386,-34.4633863048136,-113.997 
			</coordinates>
		</LineString>
		<LineString>
			<coordinates>
				-70.8403971033396,-34.4633863048146,-113.997 -70.8405245621308,-34.4634379698972,-113.997 
			</coordinates>
		</LineString>
		<LineString>
			<coordinates>
				-70.8405245621318,-34.4634379698982,-113.997 -70.8406231259418,-34.4635294769791,-113.997 
			</coordinates>
		</LineString>
		<LineString>
			<coordinates>
				-70.8406231259428,-34.4635294769801,-113.997 -70.8406673968302,-34.4636517268617,-113.997 
			</coordinates>
		</LineString>
		<LineString>
			<coordinates>
				-70.84066739683119,-34.4636517268627,-113.997 -70.8406766090567,-34.4637881619791,-113.997 
			</coordinates>
		</LineString>
		<LineString>
			<coordinates>
				-70.8406766090577,-34.4637881619801,-113.997 -70.840680099894,-34.4639034032266,-113.997 
			</coordinates>
		</LineString>
		<LineString>
			<coordinates>
				-70.840680099895,-34.4639034032276,-113.997 -70.84067343664719,-34.4639864574181,-113.997 
			</coordinates>
		</LineString>
		<LineString>
			<coordinates>
				-70.8406734366482,-34.4639864574191,-113.997 -70.8406470776177,-34.4641143933641,-113.997 
			</coordinates>
		</LineString>
		<LineString>
			<coordinates>
				-70.8406470776187,-34.4641143933651,-113.997 -70.8406276796827,-34.4642130953397,-113.997 
			</coordinates>
		</LineString>
		<LineString>
			<coordinates>
				-70.84062767968361,-34.4642130953407,-113.997 -70.84060182490489,-34.4643111498627,-113.997 
			</coordinates>
		</LineString>
		<LineString>
			<coordinates>
				-70.8406018249059,-34.4643111498637,-113.997 -70.8405610311648,-34.4644124017037,-113.997 
			</coordinates>
		</LineString>
		<LineString>
			<coordinates>
				-70.84056103116581,-34.4644124017047,-113.997 -70.84050852796111,-34.464487264464,-113.997 
			</coordinates>
		</LineString>
		<LineString>
			<coordinates>
				-70.8405085279621,-34.464487264465,-113.997 -70.8404172157843,-34.464549801973,-113.997 
			</coordinates>
		</LineString>
		<LineString>
			<coordinates>
				-70.84041721578529,-34.464549801974,-113.997 -70.84033254525509,-34.4645876479569,-113.997 
			</coordinates>
		</LineString>
		<LineString>
			<coordinates>
				-70.8403325452561,-34.4645876479579,-113.997 -70.8402382931333,-34.4646189829061,-113.997 
			</coordinates>
		</LineString>
		<LineString>
			<coordinates>
				-70.84023829313421,-34.4646189829071,-113.997 -70.8401518314032,-34.4646306032812,-113.997 
			</coordinates>
		</LineString>
		<LineString>
			<coordinates>
				-70.8401518314042,-34.4646306032822,-113.997 -70.8400755707444,-34.4646363217452,-113.997 
			</coordinates>
		</LineString>
		<LineString>
			<coordinates>
				-70.8400755707454,-34.4646363217462,-113.997 -70.8400142766825,-34.4646357957222,-113.997 
			</coordinates>
		</LineString>
		<LineString>
			<coordinates>
				-70.8400142766835,-34.4646357957232,-113.997 -70.8399897291831,-34.4646366825996,-113.997 
			</coordinates>
		</LineString>
		<LineString>
			<coordinates>
				-70.8399897291841,-34.4646366826006,-113.997 -70.8399617041905,-34.4646402947562,-113.997 
			</coordinates>
		</LineString>
		<LineString>
			<coordinates>
				-70.8399617041915,-34.4646402947572,-113.997 -70.8399287747612,-34.4646495042627,-113.997 
			</coordinates>
		</LineString>
		<LineString>
			<coordinates>
				-70.8399287747622,-34.4646495042637,-113.997 -70.8398964550845,-34.4646765866727,-113.997 
			</coordinates>
		</LineString>
		<LineString>
			<coordinates>
				-70.83989645508549,-34.4646765866737,-113.997 -70.83984734982251,-34.464717734586,-113.997 
			</coordinates>
		</LineString>
		<LineString>
			<coordinates>
				-70.8398473498235,-34.464717734587,-113.997 -70.8397899335521,-34.4647658466612,-113.997 
			</coordinates>
		</LineString>
		<LineString>
			<coordinates>
				-70.83978993355311,-34.4647658466622,-113.997 -70.83973635884701,-34.4648150441734,-113.997 
			</coordinates>
		</LineString>
		<LineString>
			<coordinates>
				-70.839736358848,-34.4648150441744,-113.997 -70.8396854448244,-34.4648653394956,-113.997 
			</coordinates>
		</LineString>
		<LineString>
			<coordinates>
				-70.83968544482541,-34.4648653394966,-113.997 -70.8396343905271,-34.4649164384803,-113.997 
			</coordinates>
		</LineString>
		<LineString>
			<coordinates>
				-70.8396343905281,-34.4649164384813,-113.997 -70.83960035413629,-34.4649496043093,-113.997 
			</coordinates>
		</LineString>
		<LineString>
			<coordinates>
				-70.8396003541373,-34.4649496043103,-113.997 -70.8395691754238,-34.4650070312223,-113.997 
			</coordinates>
		</LineString>
		<LineString>
			<coordinates>
				-70.8395691754248,-34.4650070312233,-113.997 -70.8395357678757,-34.4650643915958,-113.997 
			</coordinates>
		</LineString>
		<LineString>
			<coordinates>
				-70.8395357678767,-34.4650643915968,-113.997 -70.8395103025248,-34.4651278853817,-113.997 
			</coordinates>
		</LineString>
		<LineString>
			<coordinates>
				-70.8395103025258,-34.4651278853827,-113.997 -70.8394892500085,-34.4651899205797,-113.997 
			</coordinates>
		</LineString>
		<LineString>
			<coordinates>
				-70.83948925000939,-34.4651899205807,-113.997 -70.8394717387872,-34.4652531467507,-113.997 
			</coordinates>
		</LineString>
		<LineString>
			<coordinates>
				-70.83947173878821,-34.4652531467517,-113.997 -70.8394515907319,-34.4653191446258,-113.997 
			</coordinates>
		</LineString>
		<LineString>
			<coordinates>
				-70.83945159073291,-34.4653191446268,-113.997 -70.839434164919,-34.465360467403,-113.997 
			</coordinates>
		</LineString>
		<LineString>
			<coordinates>
				-70.83943416491999,-34.465360467404,-113.997 -70.83942179194131,-34.4654300919079,-113.997 
			</coordinates>
		</LineString>
		<LineString>
			<coordinates>
				-70.8394217919423,-34.4654300919089,-113.997 -70.8394268867786,-34.4655310032843,-113.997 
			</coordinates>
		</LineString>
		<LineString>
			<coordinates>
				-70.83942688677961,-34.4655310032853,-113.997 -70.8394965849652,-34.465747076242,-113.997 
			</coordinates>
		</LineString>
		<LineString>
			<coordinates>
				-70.8394965849662,-34.465747076243,-113.997 -70.83953953081421,-34.4658194629046,-113.997 
			</coordinates>
		</LineString>
		<LineString>
			<coordinates>
				-70.8395395308152,-34.4658194629056,-113.997 -70.83960524535691,-34.4659150030113,-113.997 
			</coordinates>
		</LineString>
		<LineString>
			<coordinates>
				-70.8396052453579,-34.4659150030123,-113.997 -70.8396391002381,-34.4659891456669,-113.997 
			</coordinates>
		</LineString>
		<LineString>
			<coordinates>
				-70.8413250881752,-34.465642032443,-113.997 -70.8414137353367,-34.465605888292,-113.997 
			</coordinates>
		</LineString>
		<LineString>
			<coordinates>
				-70.8414137353377,-34.465605888293,-113.997 -70.8415785346897,-34.4655724915208,-113.997 
			</coordinates>
		</LineString>
		<LineString>
			<coordinates>
				-70.8415785346907,-34.4655724915218,-113.997 -70.8417041956976,-34.4655854365236,-113.997 
			</coordinates>
		</LineString>
		<LineString>
			<coordinates>
				-70.8417041956986,-34.4655854365246,-113.997 -70.8419267989597,-34.4655625712026,-113.997 
			</coordinates>
		</LineString>
		<LineString>
			<coordinates>
				-70.8413250881752,-34.465642032443,-113.997 -70.8408685266885,-34.4657477194731,-113.997 
			</coordinates>
		</LineString>
		<LineString>
			<coordinates>
				-70.8399581045033,-34.4689667766477,-113.997 -70.8400518637809,-34.4694666129088,-113.997 
			</coordinates>
		</LineString>
		<LineString>
			<coordinates>
				-70.8395299428617,-34.4688825696616,-113.997 -70.83895211784289,-34.4686843747771,-113.997 
			</coordinates>
		</LineString>
		<LineString>
			<coordinates>
				-70.8460067193127,-34.469199047759,-113.997 -70.8455842574392,-34.468765578293,-113.997 
			</coordinates>
		</LineString>
		<LineString>
			<coordinates>
				-70.84821880951981,-34.468101090542,-113.997 -70.84797875617819,-34.4682146100441,-113.997 
			</coordinates>
		</LineString>
		<LineString>
			<coordinates>
				-70.8465242388817,-34.4694937531741,-113.997 -70.8465126943141,-34.4695180654502,-113.997 
			</coordinates>
		</LineString>
		<LineString>
			<coordinates>
				-70.84651269431509,-34.4695180654512,-113.997 -70.84649700761661,-34.4695697129618,-113.997 
			</coordinates>
		</LineString>
		<LineString>
			<coordinates>
				-70.8464970076176,-34.4695697129628,-113.997 -70.84632023032179,-34.4697136371919,-113.997 
			</coordinates>
		</LineString>
		<LineString>
			<coordinates>
				-70.8463202303228,-34.4697136371929,-113.997 -70.8462015511048,-34.4697869693539,-113.997 
			</coordinates>
		</LineString>
		<LineString>
			<coordinates>
				-70.84620155110581,-34.4697869693549,-113.997 -70.846129700343,-34.4698222825913,-113.997 
			</coordinates>
		</LineString>
		<LineString>
			<coordinates>
				-70.84612970034399,-34.4698222825923,-113.997 -70.84594582522161,-34.4699715683665,-113.997 
			</coordinates>
		</LineString>
		<LineString>
			<coordinates>
				-70.8423796297633,-34.4720237231064,-113.997 -70.84003366853069,-34.4721647965648,-113.997 
			</coordinates>
		</LineString>
		<LineString>
			<coordinates>
				-70.8399985335661,-34.4720068144993,-113.997 -70.8389977946529,-34.4720622432924,-113.997 
			</coordinates>
		</LineString>
		<LineString>
			<coordinates>
				-70.84173054588631,-34.4751969493538,-113.997 -70.84171220653231,-34.4750992868594,-113.997 
			</coordinates>
		</LineString>
		<LineString>
			<coordinates>
				-70.8417122065333,-34.4750992868604,-113.997 -70.8416552882744,-34.4748093212601,-113.997 
			</coordinates>
		</LineString>
		<LineString>
			<coordinates>
				-70.8416552882754,-34.4748093212611,-113.997 -70.8415885176958,-34.4744892395888,-113.997 
			</coordinates>
		</LineString>
		<LineString>
			<coordinates>
				-70.84158851769671,-34.4744892395898,-113.997 -70.8414852681673,-34.4739650642093,-113.997 
			</coordinates>
		</LineString>
		<LineString>
			<coordinates>
				-70.8414852681683,-34.4739650642103,-113.997 -70.8414354949894,-34.4737028498484,-113.997 
			</coordinates>
		</LineString>
		<LineString>
			<coordinates>
				-70.84143549499041,-34.4737028498494,-113.997 -70.8413297166275,-34.4731685411495,-113.997 
			</coordinates>
		</LineString>
		<LineString>
			<coordinates>
				-70.84132971662849,-34.4731685411505,-113.997 -70.84120492183661,-34.4725195132501,-113.997 
			</coordinates>
		</LineString>
		<LineString>
			<coordinates>
				-70.8412874877433,-34.4725145481678,-113.997 -70.8412219186683,-34.4721542954555,-113.997 
			</coordinates>
		</LineString>
		<LineString>
			<coordinates>
				-70.84122191866931,-34.4721542954565,-113.997 -70.8412113780946,-34.4720939811377,-113.997 
			</coordinates>
		</LineString>
		<LineString>
			<coordinates>
				-70.84253935312169,-34.4728911997829,-113.997 -70.8400403060698,-34.4730414799622,-113.997 
			</coordinates>
		</LineString>
		<LineString>
			<coordinates>
				-70.83997659873749,-34.4730540788163,-113.997 -70.8388471313952,-34.4731225607697,-113.997 
			</coordinates>
		</LineString>
		<LineString>
			<coordinates>
				-70.8448921297253,-34.4752236079178,-113.997 -70.8445836751346,-34.4751850119533,-113.997 
			</coordinates>
		</LineString>
		<LineString>
			<coordinates>
				-70.8445836751356,-34.4751850119543,-113.997 -70.84438305194421,-34.4751788772677,-113.997 
			</coordinates>
		</LineString>
		<LineString>
			<coordinates>
				-70.8443830519452,-34.4751788772687,-113.997 -70.8440491775936,-34.4751644278325,-113.997 
			</coordinates>
		</LineString>
		<LineString>
			<coordinates>
				-70.8440491775946,-34.4751644278335,-113.997 -70.8437488035742,-34.4751509497551,-113.997 
			</coordinates>
		</LineString>
		<LineString>
			<coordinates>
				-70.8437488035752,-34.4751509497561,-113.997 -70.8434586816941,-34.4751395772852,-113.997 
			</coordinates>
		</LineString>
		<LineString>
			<coordinates>
				-70.8434586816951,-34.4751395772862,-113.997 -70.8432033274744,-34.4751259592825,-113.997 
			</coordinates>
		</LineString>
		<LineString>
			<coordinates>
				-70.84320332747539,-34.4751259592835,-113.997 -70.84307217003391,-34.4751230612543,-113.997 
			</coordinates>
		</LineString>
		<LineString>
			<coordinates>
				-70.8430303325098,-34.4750926972254,-113.997 -70.84265396764179,-34.4731397279198,-113.997 
			</coordinates>
		</LineString>
		<LineString>
			<coordinates>
				-70.8426539676428,-34.4731397279208,-113.997 -70.8425921517421,-34.4728226748326,-113.997 
			</coordinates>
		</LineString>
		<LineString>
			<coordinates>
				-70.8425921517431,-34.4728226748336,-113.997 -70.84254396759719,-34.4725286521589,-113.997 
			</coordinates>
		</LineString>
		<LineString>
			<coordinates>
				-70.8425439675982,-34.4725286521599,-113.997 -70.8424918455345,-34.4722611220351,-113.997 
			</coordinates>
		</LineString>
		<LineString>
			<coordinates>
				-70.84249184553551,-34.4722611220361,-113.997 -70.8424372940196,-34.4719799902973,-113.997 
			</coordinates>
		</LineString>
		<LineString>
			<coordinates>
				-70.8424372940206,-34.4719799902983,-113.997 -70.8423834432637,-34.4716934233722,-113.997 
			</coordinates>
		</LineString>
		<LineString>
			<coordinates>
				-70.84238344326469,-34.4716934233732,-113.997 -70.842340768987,-34.4714941895462,-113.997 
			</coordinates>
		</LineString>
		<LineString>
			<coordinates>
				-70.842340768988,-34.4714941895472,-113.997 -70.842315166669,-34.471408685132,-113.997 
			</coordinates>
		</LineString>
		<LineString>
			<coordinates>
				-70.84231516667001,-34.471408685133,-113.997 -70.8422846562742,-34.4713252247905,-113.997 
			</coordinates>
		</LineString>
		<LineString>
			<coordinates>
				-70.8451655100862,-34.475257814467,-113.997 -70.84499618931601,-34.4743954043214,-113.997 
			</coordinates>
		</LineString>
		<LineString>
			<coordinates>
				-70.8494207952393,-34.4763365140895,-113.997 -70.8492158232624,-34.4759716239879,-113.997 
			</coordinates>
		</LineString>
		<LineString>
			<coordinates>
				-70.84921582326341,-34.4759716239889,-113.997 -70.84926898923391,-34.4759366955358,-113.997 
			</coordinates>
		</LineString>
		<LineString>
			<coordinates>
				-70.8492689892349,-34.4759366955368,-113.997 -70.8492852419343,-34.4758969626022,-113.997 
			</coordinates>
		</LineString>
		<LineString>
			<coordinates>
				-70.84928524193531,-34.4758969626032,-113.997 -70.8492754766539,-34.4758482643183,-113.997 
			</coordinates>
		</LineString>
		<LineString>
			<coordinates>
				-70.8492754766549,-34.4758482643193,-113.997 -70.8492259903142,-34.4758243991148,-113.997 
			</coordinates>
		</LineString>
		<LineString>
			<coordinates>
				-70.8495705414181,-34.4763700042166,-113.997 -70.8494207952383,-34.4763365140885,-113.997 
			</coordinates>
		</LineString>
		<LineString>
			<coordinates>
				-70.8498803213074,-34.4764745357266,-113.997 -70.8499048229922,-34.4765015391933,-113.997 
			</coordinates>
		</LineString>
		<LineString>
			<coordinates>
				-70.8498803213074,-34.4764745357266,-113.997 -70.8496111586675,-34.4764749926038,-113.997 
			</coordinates>
		</LineString>
		<LineString>
			<coordinates>
				-70.8532655260906,-34.4737608398812,-113.997 -70.854231928234,-34.473178357292,-113.997 
			</coordinates>
		</LineString>
		<LineString>
			<coordinates>
				-70.8542848588168,-34.473146453831,-113.997 -70.8552022976763,-34.4725934679189,-113.997 
			</coordinates>
		</LineString>
		<LineString>
			<coordinates>
				-70.8449429254448,-34.4759158165211,-113.997 -70.84633276794651,-34.4802680623969,-113.997 
			</coordinates>
		</LineString>
		<LineString>
			<coordinates>
				-70.850669678803,-34.4755181689631,-113.997 -70.85193822702951,-34.4752170576837,-113.997 
			</coordinates>
		</LineString>
		<LineString>
			<coordinates>
				-70.85200101328169,-34.4752021539163,-113.997 -70.8532714785338,-34.4749005716158,-113.997 
			</coordinates>
		</LineString>
		<LineString>
			<coordinates>
				-70.8534797812576,-34.4752172326109,-113.997 -70.8537665603811,-34.4750878528613,-113.997 
			</coordinates>
		</LineString>
		<LineString>
			<coordinates>
				-70.8534797812576,-34.4752172326109,-113.997 -70.8537665603811,-34.4750878528613,-113.997 
			</coordinates>
		</LineString>
		<LineString>
			<coordinates>
				-70.8530907754625,-34.4759591557188,-113.997 -70.8528830092948,-34.4753588965255,-113.997 
			</coordinates>
		</LineString>
		<LineString>
			<coordinates>
				-70.8522623046121,-34.4761533220531,-113.997 -70.8515201008593,-34.4740090510459,-113.997 
			</coordinates>
		</LineString>
		<LineString>
			<coordinates>
				-70.85232509307841,-34.4761384226831,-113.997 -70.8515828867198,-34.47399414873,-113.997 
			</coordinates>
		</LineString>
		<LineString>
			<coordinates>
				-70.85530491788781,-34.4727287333392,-113.997 -70.85582442520339,-34.4735994037287,-113.997 
			</coordinates>
		</LineString>
		<LineString>
			<coordinates>
				-70.8537907318631,-34.4745592622748,-113.997 -70.8547255768223,-34.4739957993411,-113.997 
			</coordinates>
		</LineString>
		<LineString>
			<coordinates>
				-70.8547791589415,-34.4739635031339,-113.997 -70.855707719799,-34.47340381269,-113.997 
			</coordinates>
		</LineString>
		<LineString>
			<coordinates>
				-70.8557283865533,-34.4740599666241,-113.997 -70.85582442520339,-34.4735994037287,-113.997 
			</coordinates>
		</LineString>
		<LineString>
			<coordinates>
				-70.8365436391027,-34.4710567528357,-113.997 -70.8378358232863,-34.4709747565679,-113.997 
			</coordinates>
		</LineString>
		<LineString>
			<coordinates>
				-70.8387192149049,-34.4760241052708,-113.997 -70.8396152063094,-34.4758928745706,-113.997 
			</coordinates>
		</LineString>
		<LineString>
			<coordinates>
				-70.84175557450369,-34.4796049531761,-113.997 -70.8409321871311,-34.4754720935663,-113.997 
			</coordinates>
		</LineString>
		<LineString>
			<coordinates>
				-70.84549109444541,-34.4802807293324,-113.997 -70.84545454993859,-34.4802817143444,-113.997 
			</coordinates>
		</LineString>
		<LineString>
			<coordinates>
				-70.8538197462383,-34.4804146970243,-113.997 -70.8537943937997,-34.4803498797616,-113.997 
			</coordinates>
		</LineString>
		<LineString>
			<coordinates>
				-70.8537943938007,-34.4803498797626,-113.997 -70.8537909534426,-34.4803485659632,-113.997 
			</coordinates>
		</LineString>
		<LineString>
			<coordinates>
				-70.85379095344361,-34.4803485659642,-113.997 -70.85375894811909,-34.4802981570284,-113.997 
			</coordinates>
		</LineString>
		<LineString>
			<coordinates>
				-70.8537589481201,-34.4802981570294,-113.997 -70.8537128537851,-34.480242743101,-113.997 
			</coordinates>
		</LineString>
		<LineString>
			<coordinates>
				-70.85371285378601,-34.480242743102,-113.997 -70.8536810999166,-34.4801651626983,-113.997 
			</coordinates>
		</LineString>
		<LineString>
			<coordinates>
				-70.85368109991759,-34.4801651626993,-113.997 -70.8535943021453,-34.4800885797061,-113.997 
			</coordinates>
		</LineString>
		<LineString>
			<coordinates>
				-70.85359430214631,-34.4800885797071,-113.997 -70.85350522492411,-34.4800506976107,-113.997 
			</coordinates>
		</LineString>
		<LineString>
			<coordinates>
				-70.8535052249251,-34.4800506976117,-113.997 -70.85338829168739,-34.480050234553,-113.997 
			</coordinates>
		</LineString>
		<LineString>
			<coordinates>
				-70.8533882916883,-34.480050234554,-113.997 -70.8532881542525,-34.4800418805268,-113.997 
			</coordinates>
		</LineString>
		<LineString>
			<coordinates>
				-70.85328815425341,-34.4800418805278,-113.997 -70.8531849226367,-34.4800941814012,-113.997 
			</coordinates>
		</LineString>
		<LineString>
			<coordinates>
				-70.85318492263769,-34.4800941814022,-113.997 -70.85313228434759,-34.4801200105488,-113.997 
			</coordinates>
		</LineString>
		<LineString>
			<coordinates>
				-70.8531322843486,-34.4801200105498,-113.997 -70.8530400531546,-34.4801324002806,-113.997 
			</coordinates>
		</LineString>
		<LineString>
			<coordinates>
				-70.85176176655921,-34.4788410267196,-113.997 -70.85170956441721,-34.4787420223204,-113.997 
			</coordinates>
		</LineString>
		<LineString>
			<coordinates>
				-70.8517095644182,-34.4787420223214,-113.997 -70.8516146426449,-34.4785280086979,-113.997 
			</coordinates>
		</LineString>
		<LineString>
			<coordinates>
				-70.8516146426459,-34.4785280086989,-113.997 -70.8514655634349,-34.4784336271648,-113.997 
			</coordinates>
		</LineString>
		<LineString>
			<coordinates>
				-70.85146556343589,-34.4784336271658,-113.997 -70.85119923111731,-34.4784974991385,-113.997 
			</coordinates>
		</LineString>
		<LineString>
			<coordinates>
				-70.8511992311183,-34.4784974991395,-113.997 -70.8511301362219,-34.4784335505068,-113.997 
			</coordinates>
		</LineString>
		<LineString>
			<coordinates>
				-70.85113013622291,-34.4784335505078,-113.997 -70.8509885918792,-34.4784355065481,-113.997 
			</coordinates>
		</LineString>
		<LineString>
			<coordinates>
				-70.8509885918802,-34.4784355065491,-113.997 -70.85089963106211,-34.4783705766016,-113.997 
			</coordinates>
		</LineString>
		<LineString>
			<coordinates>
				-70.8508996310631,-34.4783705766026,-113.997 -70.8507986087924,-34.478244630624,-113.997 
			</coordinates>
		</LineString>
		<LineString>
			<coordinates>
				-70.8507986087934,-34.478244630625,-113.997 -70.85074004726491,-34.4781208337834,-113.997 
			</coordinates>
		</LineString>
		<LineString>
			<coordinates>
				-70.8507400472659,-34.4781208337844,-113.997 -70.8505672488,-34.4779146747432,-113.997 
			</coordinates>
		</LineString>
		<LineString>
			<coordinates>
				-70.850567248801,-34.4779146747442,-113.997 -70.8504598672512,-34.4776547561209,-113.997 
			</coordinates>
		</LineString>
		<LineString>
			<coordinates>
				-70.8504598672522,-34.4776547561219,-113.997 -70.8503913046286,-34.4774898134317,-113.997 
			</coordinates>
		</LineString>
		<LineString>
			<coordinates>
				-70.8503913046296,-34.4774898134327,-113.997 -70.85026880786209,-34.4772649573375,-113.997 
			</coordinates>
		</LineString>
		<LineString>
			<coordinates>
				-70.8502688078631,-34.4772649573385,-113.997 -70.85017125353789,-34.4770933426841,-113.997 
			</coordinates>
		</LineString>
		<LineString>
			<coordinates>
				-70.8501712535389,-34.4770933426851,-113.997 -70.85009626762761,-34.4769709184106,-113.997 
			</coordinates>
		</LineString>
		<LineString>
			<coordinates>
				-70.8500962676286,-34.4769709184116,-113.997 -70.850013329836,-34.4768170958782,-113.997 
			</coordinates>
		</LineString>
		<LineString>
			<coordinates>
				-70.850013329837,-34.4768170958792,-113.997 -70.8499684895245,-34.4766613599177,-113.997 
			</coordinates>
		</LineString>
		<LineString>
			<coordinates>
				-70.84996848952549,-34.4766613599187,-113.997 -70.8499049038335,-34.4765016154551,-113.997 
			</coordinates>
		</LineString>
		<LineString>
			<coordinates>
				-70.8538197462383,-34.4804146970243,-113.997 -70.8537943937997,-34.4803498797616,-113.997 
			</coordinates>
		</LineString>
		<LineString>
			<coordinates>
				-70.8537943938007,-34.4803498797626,-113.997 -70.8537909534426,-34.4803485659632,-113.997 
			</coordinates>
		</LineString>
		<LineString>
			<coordinates>
				-70.85379095344361,-34.4803485659642,-113.997 -70.85375894811909,-34.4802981570284,-113.997 
			</coordinates>
		</LineString>
		<LineString>
			<coordinates>
				-70.8537589481201,-34.4802981570294,-113.997 -70.8537128537851,-34.480242743101,-113.997 
			</coordinates>
		</LineString>
		<LineString>
			<coordinates>
				-70.85371285378601,-34.480242743102,-113.997 -70.8536810999166,-34.4801651626983,-113.997 
			</coordinates>
		</LineString>
		<LineString>
			<coordinates>
				-70.85368109991759,-34.4801651626993,-113.997 -70.8535943021453,-34.4800885797061,-113.997 
			</coordinates>
		</LineString>
		<LineString>
			<coordinates>
				-70.85359430214631,-34.4800885797071,-113.997 -70.85350522492411,-34.4800506976107,-113.997 
			</coordinates>
		</LineString>
		<LineString>
			<coordinates>
				-70.8535052249251,-34.4800506976117,-113.997 -70.85338829168739,-34.480050234553,-113.997 
			</coordinates>
		</LineString>
		<LineString>
			<coordinates>
				-70.8533882916883,-34.480050234554,-113.997 -70.8532881542525,-34.4800418805268,-113.997 
			</coordinates>
		</LineString>
		<LineString>
			<coordinates>
				-70.85328815425341,-34.4800418805278,-113.997 -70.8531849226367,-34.4800941814012,-113.997 
			</coordinates>
		</LineString>
		<LineString>
			<coordinates>
				-70.85318492263769,-34.4800941814022,-113.997 -70.85313228434759,-34.4801200105488,-113.997 
			</coordinates>
		</LineString>
		<LineString>
			<coordinates>
				-70.8531322843486,-34.4801200105498,-113.997 -70.8530400531546,-34.4801324002806,-113.997 
			</coordinates>
		</LineString>
		<LineString>
			<coordinates>
				-70.85176176655921,-34.4788410267196,-113.997 -70.85170956441721,-34.4787420223204,-113.997 
			</coordinates>
		</LineString>
		<LineString>
			<coordinates>
				-70.8517095644182,-34.4787420223214,-113.997 -70.8516146426449,-34.4785280086979,-113.997 
			</coordinates>
		</LineString>
		<LineString>
			<coordinates>
				-70.8516146426459,-34.4785280086989,-113.997 -70.8514655634349,-34.4784336271648,-113.997 
			</coordinates>
		</LineString>
		<LineString>
			<coordinates>
				-70.85146556343589,-34.4784336271658,-113.997 -70.85119923111731,-34.4784974991385,-113.997 
			</coordinates>
		</LineString>
		<LineString>
			<coordinates>
				-70.8511992311183,-34.4784974991395,-113.997 -70.8511301362219,-34.4784335505068,-113.997 
			</coordinates>
		</LineString>
		<LineString>
			<coordinates>
				-70.85113013622291,-34.4784335505078,-113.997 -70.8509885918792,-34.4784355065481,-113.997 
			</coordinates>
		</LineString>
		<LineString>
			<coordinates>
				-70.8509885918802,-34.4784355065491,-113.997 -70.85089963106211,-34.4783705766016,-113.997 
			</coordinates>
		</LineString>
		<LineString>
			<coordinates>
				-70.8508996310631,-34.4783705766026,-113.997 -70.8507986087924,-34.478244630624,-113.997 
			</coordinates>
		</LineString>
		<LineString>
			<coordinates>
				-70.8507986087934,-34.478244630625,-113.997 -70.85074004726491,-34.4781208337834,-113.997 
			</coordinates>
		</LineString>
		<LineString>
			<coordinates>
				-70.8507400472659,-34.4781208337844,-113.997 -70.8505672488,-34.4779146747432,-113.997 
			</coordinates>
		</LineString>
		<LineString>
			<coordinates>
				-70.850567248801,-34.4779146747442,-113.997 -70.8504598672512,-34.4776547561209,-113.997 
			</coordinates>
		</LineString>
		<LineString>
			<coordinates>
				-70.8504598672522,-34.4776547561219,-113.997 -70.8503913046286,-34.4774898134317,-113.997 
			</coordinates>
		</LineString>
		<LineString>
			<coordinates>
				-70.8503913046296,-34.4774898134327,-113.997 -70.85026880786209,-34.4772649573375,-113.997 
			</coordinates>
		</LineString>
		<LineString>
			<coordinates>
				-70.8502688078631,-34.4772649573385,-113.997 -70.85017125353789,-34.4770933426841,-113.997 
			</coordinates>
		</LineString>
		<LineString>
			<coordinates>
				-70.8501712535389,-34.4770933426851,-113.997 -70.85009626762761,-34.4769709184106,-113.997 
			</coordinates>
		</LineString>
		<LineString>
			<coordinates>
				-70.8500962676286,-34.4769709184116,-113.997 -70.850013329836,-34.4768170958782,-113.997 
			</coordinates>
		</LineString>
		<LineString>
			<coordinates>
				-70.850013329837,-34.4768170958792,-113.997 -70.8499684895245,-34.4766613599177,-113.997 
			</coordinates>
		</LineString>
		<LineString>
			<coordinates>
				-70.84996848952549,-34.4766613599187,-113.997 -70.8499049038335,-34.4765016154551,-113.997 
			</coordinates>
		</LineString>
		<LineString>
			<coordinates>
				-70.84090032250241,-34.4790226892818,-113.997 -70.8401732230715,-34.4753729314563,-113.997 
			</coordinates>
		</LineString>
		<LineString>
			<coordinates>
				-70.83974623536071,-34.47688292292,-113.997 -70.8404553140423,-34.4767889620629,-113.997 
			</coordinates>
		</LineString>
		<LineString>
			<coordinates>
				-70.84052783972891,-34.4768207199928,-113.997 -70.8411835516921,-34.4767338266196,-113.997 
			</coordinates>
		</LineString>
		<LineString>
			<coordinates>
				-70.83988093724879,-34.4775591041506,-113.997 -70.84059002143159,-34.4774651423427,-113.997 
			</coordinates>
		</LineString>
		<LineString>
			<coordinates>
				-70.84067314272269,-34.4775500820791,-113.997 -70.84132886017311,-34.4774631877574,-113.997 
			</coordinates>
		</LineString>
		<LineString>
			<coordinates>
				-70.84001925772129,-34.4782534371189,-113.997 -70.8407283475532,-34.4781594743347,-113.997 
			</coordinates>
		</LineString>
		<LineString>
			<coordinates>
				-70.84081969830051,-34.4782857169527,-113.997 -70.84147542128559,-34.4781988216742,-113.997 
			</coordinates>
		</LineString>
		<LineString>
			<coordinates>
				-70.840234582893,-34.4790245372446,-113.997 -70.84038408752311,-34.4797942225624,-113.997 
			</coordinates>
		</LineString>
		<LineString>
			<coordinates>
				-70.8373253741744,-34.4803537392232,-113.997 -70.8372618854995,-34.4802114429031,-113.997 
			</coordinates>
		</LineString>
		<LineString>
			<coordinates>
				-70.8372618855005,-34.4802114429041,-113.997 -70.8370964646534,-34.4802641353546,-113.997 
			</coordinates>
		</LineString>
		<LineString>
			<coordinates>
				-70.83709646465439,-34.4802641353556,-113.997 -70.8370547834882,-34.4801274922953,-113.997 
			</coordinates>
		</LineString>
		<LineString>
			<coordinates>
				-70.83705478348919,-34.4801274922963,-113.997 -70.83704737860781,-34.4801032168777,-113.997 
			</coordinates>
		</LineString>
		<LineString>
			<coordinates>
				-70.8370473786088,-34.4801032168787,-113.997 -70.8370914999263,-34.4799470461714,-113.997 
			</coordinates>
		</LineString>
		<LineString>
			<coordinates>
				-70.8370914999273,-34.4799470461724,-113.997 -70.8371734909139,-34.4799263114199,-113.997 
			</coordinates>
		</LineString>
		<LineString>
			<coordinates>
				-70.83717349091491,-34.4799263114209,-113.997 -70.8371681376607,-34.4798963921017,-113.997 
			</coordinates>
		</LineString>
		<LineString>
			<coordinates>
				-70.8381887822128,-34.4823946582285,-113.997 -70.8379490990125,-34.4817392504536,-113.997 
			</coordinates>
		</LineString>
		<LineString>
			<coordinates>
				-70.8379490990135,-34.4817392504546,-113.997 -70.8375137076424,-34.480981747706,-113.997 
			</coordinates>
		</LineString>
		<LineString>
			<coordinates>
				-70.8375137076434,-34.480981747707,-113.997 -70.83743150938309,-34.4806355237208,-113.997 
			</coordinates>
		</LineString>
		<LineString>
			<coordinates>
				-70.8374315093841,-34.4806355237218,-113.997 -70.8373253741734,-34.4803537392222,-113.997 
			</coordinates>
		</LineString>
		<LineString>
			<coordinates>
				-70.83831607878621,-34.4805969488486,-113.997 -70.8383468665036,-34.4807470890243,-113.997 
			</coordinates>
		</LineString>
		<LineString>
			<coordinates>
				-70.83834686650459,-34.4807470890253,-113.997 -70.8383820594841,-34.4808577196154,-113.997 
			</coordinates>
		</LineString>
		<LineString>
			<coordinates>
				-70.8383820594851,-34.4808577196164,-113.997 -70.8384369768784,-34.4810916329457,-113.997 
			</coordinates>
		</LineString>
		<LineString>
			<coordinates>
				-70.83843697687939,-34.4810916329467,-113.997 -70.8384706269598,-34.4813647055609,-113.997 
			</coordinates>
		</LineString>
		<LineString>
			<coordinates>
				-70.8384706269608,-34.4813647055619,-113.997 -70.83846738398969,-34.481578478501,-113.997 
			</coordinates>
		</LineString>
		<LineString>
			<coordinates>
				-70.8384673839907,-34.481578478502,-113.997 -70.8384869125052,-34.4816641434605,-113.997 
			</coordinates>
		</LineString>
		<LineString>
			<coordinates>
				-70.8434282306592,-34.4804475046822,-113.997 -70.843307815852,-34.4797865928633,-113.997 
			</coordinates>
		</LineString>
		<LineString>
			<coordinates>
				-70.8439130896638,-34.4797167992139,-113.997 -70.84263553820951,-34.4798641090391,-113.997 
			</coordinates>
		</LineString>
		<LineString>
			<coordinates>
				-70.8437910098549,-34.4793214927418,-113.997 -70.8426132145055,-34.4794572998166,-113.997 
			</coordinates>
		</LineString>
		<LineString>
			<coordinates>
				-70.8433819389376,-34.4779968502648,-113.997 -70.8423455362274,-34.4781291836765,-113.997 
			</coordinates>
		</LineString>
		<LineString>
			<coordinates>
				-70.84331794219359,-34.4775307004413,-113.997 -70.8422523386856,-34.4776667622341,-113.997 
			</coordinates>
		</LineString>
		<LineString>
			<coordinates>
				-70.84957505946529,-34.4797060888101,-113.997 -70.8472966376404,-34.4797958382878,-113.997 
			</coordinates>
		</LineString>
		<LineString>
			<coordinates>
				-70.855389155165,-34.478119721436,-113.997 -70.8556759408543,-34.4779903370355,-113.997 
			</coordinates>
		</LineString>
		<LineString>
			<coordinates>
				-70.8547878854443,-34.4771575691899,-113.997 -70.8549899455593,-34.4763822488546,-113.997 
			</coordinates>
		</LineString>
		<LineString>
			<coordinates>
				-70.85498994556031,-34.4763822488556,-113.997 -70.8550092216249,-34.4763299325991,-113.997 
			</coordinates>
		</LineString>
		<LineString>
			<coordinates>
				-70.85500922162591,-34.4763299326001,-113.997 -70.85530165736191,-34.4759704161858,-113.997 
			</coordinates>
		</LineString>
		<LineString>
			<coordinates>
				-70.852152320039,-34.4801712510826,-113.997 -70.85222151975729,-34.4810535290181,-113.997 
			</coordinates>
		</LineString>
		<LineString>
			<coordinates>
				-70.8515700618872,-34.4795124304082,-113.997 -70.8516167709443,-34.4801075985667,-113.997 
			</coordinates>
		</LineString>
		<LineString>
			<coordinates>
				-70.8403790992943,-34.4633697610531,-113.997 -70.8413165546151,-34.4629265408198,-113.997 
			</coordinates>
		</LineString>
		<LineString>
			<coordinates>
				-70.8465237630422,-34.4694947552685,-113.997 -70.8465126943141,-34.4695180654502,-113.997 
			</coordinates>
		</LineString>
		<LineString>
			<coordinates>
				-70.84651269431509,-34.4695180654512,-113.997 -70.84649700761661,-34.4695697129618,-113.997 
			</coordinates>
		</LineString>
		<LineString>
			<coordinates>
				-70.8464970076176,-34.4695697129628,-113.997 -70.84632023032179,-34.4697136371919,-113.997 
			</coordinates>
		</LineString>
		<LineString>
			<coordinates>
				-70.8463202303228,-34.4697136371929,-113.997 -70.8462015511048,-34.4697869693539,-113.997 
			</coordinates>
		</LineString>
		<LineString>
			<coordinates>
				-70.84620155110581,-34.4697869693549,-113.997 -70.846129700343,-34.4698222825913,-113.997 
			</coordinates>
		</LineString>
		<LineString>
			<coordinates>
				-70.84612970034399,-34.4698222825923,-113.997 -70.84594582522161,-34.4699715683665,-113.997 
			</coordinates>
		</LineString>
		<LineString>
			<coordinates>
				-70.8459458252226,-34.4699715683675,-113.997 -70.8459134619731,-34.4699978435773,-113.997 
			</coordinates>
		</LineString>
		<LineString>
			<coordinates>
				-70.84568419917881,-34.4699905840091,-113.997 -70.84562257768791,-34.469932268527,-113.997 
			</coordinates>
		</LineString>
		<LineString>
			<coordinates>
				-70.8456225776889,-34.469932268528,-113.997 -70.84551713792899,-34.4698696231318,-113.997 
			</coordinates>
		</LineString>
		<LineString>
			<coordinates>
				-70.84551713793,-34.4698696231328,-113.997 -70.8454227446429,-34.4698843792851,-113.997 
			</coordinates>
		</LineString>
		<LineString>
			<coordinates>
				-70.8452943805726,-34.4698241120271,-113.997 -70.8453000473195,-34.4696560879699,-113.997 
			</coordinates>
		</LineString>
		<LineString>
			<coordinates>
				-70.84530004732041,-34.4696560879709,-113.997 -70.8452985203097,-34.4695859398545,-113.997 
			</coordinates>
		</LineString>
		<LineString>
			<coordinates>
				-70.84529852031071,-34.4695859398555,-113.997 -70.8452609541755,-34.4695042033346,-113.997 
			</coordinates>
		</LineString>
		<LineString>
			<coordinates>
				-70.8452609541765,-34.4695042033356,-113.997 -70.8451788143342,-34.4694705434293,-113.997 
			</coordinates>
		</LineString>
		<LineString>
			<coordinates>
				-70.8448665758827,-34.4693824373193,-113.997 -70.84469675836201,-34.4693206924845,-113.997 
			</coordinates>
		</LineString>
		<LineString>
			<coordinates>
				-70.844696758363,-34.4693206924855,-113.997 -70.8445863171257,-34.46921568149,-113.997 
			</coordinates>
		</LineString>
		<LineString>
			<coordinates>
				-70.8445863171267,-34.469215681491,-113.997 -70.84446708462249,-34.469020809945,-113.997 
			</coordinates>
		</LineString>
		<LineString>
			<coordinates>
				-70.8444670846234,-34.469020809946,-113.997 -70.8444056075308,-34.4688720228299,-113.997 
			</coordinates>
		</LineString>
		<LineString>
			<coordinates>
				-70.8444056075318,-34.4688720228309,-113.997 -70.8443669055186,-34.4687306461367,-113.997 
			</coordinates>
		</LineString>
		<LineString>
			<coordinates>
				-70.84436690551961,-34.4687306461377,-113.997 -70.8443183590673,-34.4685609825597,-113.997 
			</coordinates>
		</LineString>
		<LineString>
			<coordinates>
				-70.8443183590683,-34.4685609825607,-113.997 -70.8443287334986,-34.4683476146205,-113.997 
			</coordinates>
		</LineString>
		<LineString>
			<coordinates>
				-70.84432873349959,-34.4683476146215,-113.997 -70.84423740498779,-34.4681204607864,-113.997 
			</coordinates>
		</LineString>
		<LineString>
			<coordinates>
				-70.8442374049888,-34.4681204607874,-113.997 -70.84413541945401,-34.4680058994268,-113.997 
			</coordinates>
		</LineString>
		<LineString>
			<coordinates>
				-70.844135419455,-34.4680058994278,-113.997 -70.84402330510039,-34.4679320562357,-113.997 
			</coordinates>
		</LineString>
		<LineString>
			<coordinates>
				-70.83883173259321,-34.4641449700223,-113.997 -70.8405744467828,-34.4641483062647,-113.997 
			</coordinates>
		</LineString>
		<LineString>
			<coordinates>
				-70.8393495014805,-34.4630657592215,-113.997 -70.8393603050862,-34.4625257209689,-113.997 
			</coordinates>
		</LineString>
		<LineString>
			<coordinates>
				-70.8392168777802,-34.4746807675414,-113.997 -70.8382630206912,-34.4747368586203,-113.997 
			</coordinates>
		</LineString>
		<LineString>
			<coordinates>
				-70.8478328517495,-34.4675412446402,-113.997 -70.8455981557027,-34.4639526455366,-113.997 
			</coordinates>
		</LineString>
		<LineString>
			<coordinates>
				-70.84684659680789,-34.4659575066306,-113.997 -70.8457616510713,-34.4664705595332,-113.997 
			</coordinates>
		</LineString>
		<LineString>
			<coordinates>
				-70.8465969036758,-34.4655565356365,-113.997 -70.8455024589842,-34.4660740796876,-113.997 
			</coordinates>
		</LineString>
		<LineString>
			<coordinates>
				-70.85052940354809,-34.4735786612939,-113.997 -70.85017597432569,-34.4735963036616,-113.997 
			</coordinates>
		</LineString>
		<LineString>
			<coordinates>
				-70.8521489054816,-34.4731939908858,-113.997 -70.8513699423434,-34.4733790163354,-113.997 
			</coordinates>
		</LineString>
		<LineString>
			<coordinates>
				-70.8513071603666,-34.473393928556,-113.997 -70.8505294035471,-34.4735786612929,-113.997 
			</coordinates>
		</LineString>
		<LineString>
			<coordinates>
				-70.8506957135537,-34.4758780960554,-113.997 -70.8520553287526,-34.4755553687997,-113.997 
			</coordinates>
		</LineString>
		<LineString>
			<coordinates>
				-70.8521181152319,-34.4755404649654,-113.997 -70.8534797812566,-34.4752172326099,-113.997 
			</coordinates>
		</LineString>
		<LineString>
			<coordinates>
				-70.85148589564029,-34.4763376180433,-113.997 -70.8512789373837,-34.475739660327,-113.997 
			</coordinates>
		</LineString>
		<LineString>
			<coordinates>
				-70.85062535597029,-34.4795402125605,-113.997 -70.8521195737784,-34.479496266856,-113.997 
			</coordinates>
		</LineString>
		<LineString>
			<coordinates>
				-70.83847198173601,-34.4802137054653,-113.997 -70.8371681376607,-34.4798963921017,-113.997 
			</coordinates>
		</LineString>
		<LineString>
			<coordinates>
				-70.8452227348136,-34.4699432584201,-113.997 -70.8452029606715,-34.4699153710725,-113.997 
			</coordinates>
		</LineString>
		<LineString>
			<coordinates>
				-70.84520296067249,-34.4699153710735,-113.997 -70.8450089979405,-34.4697423999803,-113.997 
			</coordinates>
		</LineString>
		<LineString>
			<coordinates>
				-70.84500899794151,-34.4697423999813,-113.997 -70.84457695717779,-34.4694364321676,-113.997 
			</coordinates>
		</LineString>
		<LineString>
			<coordinates>
				-70.8445769571788,-34.4694364321686,-113.997 -70.84441367916379,-34.4693526086103,-113.997 
			</coordinates>
		</LineString>
		<LineString>
			<coordinates>
				-70.8444136791648,-34.4693526086113,-113.997 -70.844007163756,-34.469126967638,-113.997 
			</coordinates>
		</LineString>
		<LineString>
			<coordinates>
				-70.844007163757,-34.469126967639,-113.997 -70.84384954795939,-34.4690480394906,-113.997 
			</coordinates>
		</LineString>
		<LineString>
			<coordinates>
				-70.8438495479604,-34.4690480394916,-113.997 -70.8436624855174,-34.4689527621308,-113.997 
			</coordinates>
		</LineString>
		<LineString>
			<coordinates>
				-70.84366248551839,-34.4689527621318,-113.997 -70.8434363365039,-34.4688279237497,-113.997 
			</coordinates>
		</LineString>
		<LineString>
			<coordinates>
				-70.84343633650489,-34.4688279237507,-113.997 -70.84327320385989,-34.4687267440976,-113.997 
			</coordinates>
		</LineString>
		<LineString>
			<coordinates>
				-70.8432732038609,-34.4687267440986,-113.997 -70.8430881433695,-34.4686370430163,-113.997 
			</coordinates>
		</LineString>
		<LineString>
			<coordinates>
				-70.84308814337049,-34.4686370430173,-113.997 -70.84301688032799,-34.4685957735082,-113.997 
			</coordinates>
		</LineString>
		<LineString>
			<coordinates>
				-70.843016880329,-34.4685957735092,-113.997 -70.84295249302291,-34.4685671117733,-113.997 
			</coordinates>
		</LineString>
		<LineString>
			<coordinates>
				-70.8429524930239,-34.4685671117743,-113.997 -70.8428221299931,-34.4685155241324,-113.997 
			</coordinates>
		</LineString>
		<LineString>
			<coordinates>
				-70.8428221299941,-34.4685155241334,-113.997 -70.84274689387669,-34.4684577807507,-113.997 
			</coordinates>
		</LineString>
		<LineString>
			<coordinates>
				-70.8427468938776,-34.4684577807517,-113.997 -70.8426723031092,-34.4684397373342,-113.997 
			</coordinates>
		</LineString>
		<LineString>
			<coordinates>
				-70.84267230311021,-34.4684397373352,-113.997 -70.84260509000769,-34.468372108863,-113.997 
			</coordinates>
		</LineString>
		<LineString>
			<coordinates>
				-70.8426050900087,-34.468372108864,-113.997 -70.8425197276831,-34.4683057133795,-113.997 
			</coordinates>
		</LineString>
		<LineString>
			<coordinates>
				-70.84251972768411,-34.4683057133805,-113.997 -70.84245319169339,-34.4682412421204,-113.997 
			</coordinates>
		</LineString>
		<LineString>
			<coordinates>
				-70.8424531916944,-34.4682412421214,-113.997 -70.8423681157693,-34.468159781878,-113.997 
			</coordinates>
		</LineString>
		<LineString>
			<coordinates>
				-70.8423681157703,-34.468159781879,-113.997 -70.8423171813114,-34.4680856340878,-113.997 
			</coordinates>
		</LineString>
		<LineString>
			<coordinates>
				-70.8423171813124,-34.4680856340888,-113.997 -70.8422663958308,-34.4680312870584,-113.997 
			</coordinates>
		</LineString>
		<LineString>
			<coordinates>
				-70.8466015491441,-34.4694827782369,-113.997 -70.8465498543097,-34.4694398083154,-113.997 
			</coordinates>
		</LineString>
		<LineString>
			<coordinates>
				-70.8470081075113,-34.4700549088987,-113.997 -70.8466015491431,-34.4694827782359,-113.997 
			</coordinates>
		</LineString>
		<LineString>
			<coordinates>
				-70.83847198173601,-34.4802137054653,-113.997 -70.8371681376607,-34.4798963921017,-113.997 
			</coordinates>
		</LineString>
		<LineString>
			<coordinates>
				-70.83847198173601,-34.4802137054653,-113.997 -70.8371681376607,-34.4798963921017,-113.997 
			</coordinates>
		</LineString>
		<LineString>
			<coordinates>
				-70.8436624485839,-34.4789051941374,-113.997 -70.84253105427121,-34.4790496576004,-113.997 
			</coordinates>
		</LineString>
		<LineString>
			<coordinates>
				-70.843199922252,-34.4770714488296,-113.997 -70.84215914228901,-34.4772043406543,-113.997 
			</coordinates>
		</LineString>
		<LineString>
			<coordinates>
				-70.84302339486089,-34.4756237049716,-113.997 -70.84185560419191,-34.4756982059611,-113.997 
			</coordinates>
		</LineString>
		<LineString>
			<coordinates>
				-70.8442340313628,-34.4813146422567,-113.997 -70.8441221491935,-34.4813275157862,-113.997 
			</coordinates>
		</LineString>
		<LineString>
			<coordinates>
				-70.8441221491945,-34.4813275157872,-113.997 -70.8437056502612,-34.4813763402231,-113.997 
			</coordinates>
		</LineString>
		<LineString>
			<coordinates>
				-70.84370565026219,-34.4813763402241,-113.997 -70.84319624658821,-34.4814396454525,-113.997 
			</coordinates>
		</LineString>
		<LineString>
			<coordinates>
				-70.8431962465892,-34.4814396454535,-113.997 -70.84259519694309,-34.481517376612,-113.997 
			</coordinates>
		</LineString>
		<LineString>
			<coordinates>
				-70.8384908474803,-34.4675108304534,-113.997 -70.8375924246776,-34.467085022436,-113.997 
			</coordinates>
		</LineString>
		<LineString>
			<coordinates>
				-70.83848175862251,-34.4676163872896,-113.997 -70.8385496273017,-34.4668281643533,-113.997 
			</coordinates>
		</LineString>
		<LineString>
			<coordinates>
				-70.83842977065871,-34.4676896184182,-113.997 -70.8390856393234,-34.4679913421313,-113.997 
			</coordinates>
		</LineString>
		<LineString>
			<coordinates>
				-70.8382556386051,-34.4683037011931,-113.997 -70.83882227809229,-34.4685740776743,-113.997 
			</coordinates>
		</LineString>
		<LineString>
			<coordinates>
				-70.83805453315701,-34.4682181800258,-113.997 -70.8384817586215,-34.4676163872886,-113.997 
			</coordinates>
		</LineString>
		<LineString>
			<coordinates>
				-70.8399447844094,-34.4681731576371,-113.997 -70.8396867896945,-34.4681142792317,-113.997 
			</coordinates>
		</LineString>
		<LineString>
			<coordinates>
				-70.8383609729058,-34.4690352640279,-113.997 -70.83723782610031,-34.4684392359946,-113.997 
			</coordinates>
		</LineString>
		<LineString>
			<coordinates>
				-70.8371601283182,-34.468432516196,-113.997 -70.83651488398159,-34.4680900906464,-113.997 
			</coordinates>
		</LineString>
		<LineString>
			<coordinates>
				-70.83805453315701,-34.4682181800258,-113.997 -70.83821966986579,-34.4679855684803,-113.997 
			</coordinates>
		</LineString>
		<LineString>
			<coordinates>
				-70.83805453315701,-34.4682181800258,-113.997 -70.8376955772526,-34.4686821562647,-113.997 
			</coordinates>
		</LineString>
		<LineString>
			<coordinates>
				-70.8408769754033,-34.466033165305,-113.997 -70.8396892376184,-34.4661440090697,-113.997 
			</coordinates>
		</LineString>
		<LineString>
			<coordinates>
				-70.83782427036201,-34.4649393736238,-113.997 -70.8395341340192,-34.464939684283,-113.997 
			</coordinates>
		</LineString>
		<LineString>
			<coordinates>
				-70.83880785470259,-34.4644521690181,-113.997 -70.84042788441209,-34.4644723080165,-113.997 
			</coordinates>
		</LineString>
		<LineString>
			<coordinates>
				-70.845250446759,-34.4700090838283,-113.997 -70.8452356912083,-34.4699738194564,-113.997 
			</coordinates>
		</LineString>
		<LineString>
			<coordinates>
				-70.8377778604339,-34.464426313846,-113.997 -70.83880995520001,-34.4644251452953,-113.997 
			</coordinates>
		</LineString>
		<LineString>
			<coordinates>
				-70.8428843119827,-34.47467820827,-113.997 -70.8403837743581,-34.4748285836397,-113.997 
			</coordinates>
		</LineString>
		<LineString>
			<coordinates>
				-70.84246130887129,-34.4724439545978,-113.997 -70.8399544415589,-34.4725947037409,-113.997 
			</coordinates>
		</LineString>
		<LineString>
			<coordinates>
				-70.8423557568869,-34.4715641638245,-113.997 -70.8423834432637,-34.4716934233722,-113.997 
			</coordinates>
		</LineString>
		<LineString>
			<coordinates>
				-70.84238344326469,-34.4716934233732,-113.997 -70.8424372940196,-34.4719799902973,-113.997 
			</coordinates>
		</LineString>
		<LineString>
			<coordinates>
				-70.8424372940206,-34.4719799902983,-113.997 -70.8424918455345,-34.4722611220351,-113.997 
			</coordinates>
		</LineString>
		<LineString>
			<coordinates>
				-70.84249184553551,-34.4722611220361,-113.997 -70.84254396759719,-34.4725286521589,-113.997 
			</coordinates>
		</LineString>
		<LineString>
			<coordinates>
				-70.8425439675982,-34.4725286521599,-113.997 -70.8425921517421,-34.4728226748326,-113.997 
			</coordinates>
		</LineString>
		<LineString>
			<coordinates>
				-70.8425921517431,-34.4728226748336,-113.997 -70.84265396764179,-34.4731397279198,-113.997 
			</coordinates>
		</LineString>
		<LineString>
			<coordinates>
				-70.8426539676428,-34.4731397279208,-113.997 -70.8427345382805,-34.4735578202973,-113.997 
			</coordinates>
		</LineString>
		<LineString>
			<coordinates>
				-70.8527767660385,-34.4741485000657,-113.997 -70.85303486511449,-34.4740320598611,-113.997 
			</coordinates>
		</LineString>
		<LineString>
			<coordinates>
				-70.84241070109741,-34.479575642222,-113.997 -70.8415160500811,-34.4796904163358,-113.997 
			</coordinates>
		</LineString>
		<LineString>
			<coordinates>
				-70.84151605008211,-34.4796904163369,-113.997 -70.84132309532799,-34.4797115593958,-113.997 
			</coordinates>
		</LineString>
		<LineString>
			<coordinates>
				-70.841323095329,-34.4797115593968,-113.997 -70.84124391373039,-34.4797241519337,-113.997 
			</coordinates>
		</LineString>
		<LineString>
			<coordinates>
				-70.8412439137314,-34.4797241519347,-113.997 -70.8410977175725,-34.4797453208844,-113.997 
			</coordinates>
		</LineString>
		<LineString>
			<coordinates>
				-70.8410977175735,-34.4797453208854,-113.997 -70.8407602794239,-34.4797913257412,-113.997 
			</coordinates>
		</LineString>
		<LineString>
			<coordinates>
				-70.8407602794249,-34.4797913257422,-113.997 -70.84069712750799,-34.4798014997981,-113.997 
			</coordinates>
		</LineString>
		<LineString>
			<coordinates>
				-70.840697127509,-34.4798014997991,-113.997 -70.8400613639195,-34.4798983725019,-113.997 
			</coordinates>
		</LineString>
		<LineString>
			<coordinates>
				-70.8400613639205,-34.4798983725029,-113.997 -70.8400573740867,-34.4798986656494,-113.997 
			</coordinates>
		</LineString>
		<LineString>
			<coordinates>
				-70.8416212867191,-34.478930949132,-113.997 -70.84096553856691,-34.479017819486,-113.997 
			</coordinates>
		</LineString>
		<LineString>
			<coordinates>
				-70.8423044012727,-34.4782559115106,-113.997 -70.841507768463,-34.4783614503252,-113.997 
			</coordinates>
		</LineString>
		<LineString>
			<coordinates>
				-70.8424276599536,-34.4788747038002,-113.997 -70.841631105781,-34.4789802324253,-113.997 
			</coordinates>
		</LineString>
		<LineString>
			<coordinates>
				-70.8473711353146,-34.4766070011507,-113.997 -70.8481055957561,-34.4788916148682,-113.997 
			</coordinates>
		</LineString>
		<LineString>
			<coordinates>
				-70.84961115866849,-34.4764749926048,-113.997 -70.849493876805,-34.4764219002461,-113.997 
			</coordinates>
		</LineString>
		<LineString>
			<coordinates>
				-70.84949387680599,-34.4764219002471,-113.997 -70.84914528576481,-34.4763784178883,-113.997 
			</coordinates>
		</LineString>
		<LineString>
			<coordinates>
				-70.8491452857658,-34.4763784178893,-113.997 -70.84901285550561,-34.4763631969313,-113.997 
			</coordinates>
		</LineString>
		<LineString>
			<coordinates>
				-70.8490128555066,-34.4763631969323,-113.997 -70.8488759747602,-34.4762903590969,-113.997 
			</coordinates>
		</LineString>
		<LineString>
			<coordinates>
				-70.8488759747612,-34.4762903590979,-113.997 -70.8487928659337,-34.4761738659544,-113.997 
			</coordinates>
		</LineString>
		<LineString>
			<coordinates>
				-70.8425502235629,-34.4654583234506,-113.997 -70.8426063728507,-34.4654313413749,-113.997 
			</coordinates>
		</LineString>
		<LineString>
			<coordinates>
				-70.84260637285171,-34.4654313413759,-113.997 -70.84279269317911,-34.4654947845662,-113.997 
			</coordinates>
		</LineString>
		<LineString>
			<coordinates>
				-70.8427926931801,-34.4654947845672,-113.997 -70.8429568137465,-34.4655666825042,-113.997 
			</coordinates>
		</LineString>
		<LineString>
			<coordinates>
				-70.84295681374751,-34.4655666825052,-113.997 -70.84312024975389,-34.465634202874,-113.997 
			</coordinates>
		</LineString>
		<LineString>
			<coordinates>
				-70.8431202497549,-34.465634202875,-113.997 -70.8432757055772,-34.4656985826673,-113.997 
			</coordinates>
		</LineString>
		<LineString>
			<coordinates>
				-70.84327570557819,-34.4656985826683,-113.997 -70.84342796882331,-34.4657608418908,-113.997 
			</coordinates>
		</LineString>
		<LineString>
			<coordinates>
				-70.8434279688243,-34.4657608418918,-113.997 -70.84352480026701,-34.465802069439,-113.997 
			</coordinates>
		</LineString>
		<LineString>
			<coordinates>
				-70.843524800268,-34.46580206944,-113.997 -70.843900080631,-34.4659588712381,-113.997 
			</coordinates>
		</LineString>
		<LineString>
			<coordinates>
				-70.843900080632,-34.4659588712391,-113.997 -70.8441231939979,-34.4661606743634,-113.997 
			</coordinates>
		</LineString>
		<LineString>
			<coordinates>
				-70.8441231939989,-34.4661606743644,-113.997 -70.84423866436499,-34.4662582944396,-113.997 
			</coordinates>
		</LineString>
		<LineString>
			<coordinates>
				-70.8442386643659,-34.4662582944406,-113.997 -70.8443244883137,-34.4663599680696,-113.997 
			</coordinates>
		</LineString>
		<LineString>
			<coordinates>
				-70.8443244883147,-34.4663599680706,-113.997 -70.8444373849334,-34.4664660285866,-113.997 
			</coordinates>
		</LineString>
		<LineString>
			<coordinates>
				-70.84443738493439,-34.4664660285876,-113.997 -70.844595834191,-34.4666092849589,-113.997 
			</coordinates>
		</LineString>
		<LineString>
			<coordinates>
				-70.84459583419201,-34.4666092849599,-113.997 -70.84474777261801,-34.4667565013417,-113.997 
			</coordinates>
		</LineString>
		<LineString>
			<coordinates>
				-70.844747772619,-34.4667565013428,-113.997 -70.8447723088015,-34.4669203688531,-113.997 
			</coordinates>
		</LineString>
		<LineString>
			<coordinates>
				-70.8447723088024,-34.4669203688541,-113.997 -70.8447339232723,-34.4669605099695,-113.997 
			</coordinates>
		</LineString>
		<LineString>
			<coordinates>
				-70.8447339232733,-34.4669605099705,-113.997 -70.8446863402089,-34.4670322761378,-113.997 
			</coordinates>
		</LineString>
		<LineString>
			<coordinates>
				-70.8446863402099,-34.4670322761388,-113.997 -70.8445712544098,-34.4670642599733,-113.997 
			</coordinates>
		</LineString>
		<LineString>
			<coordinates>
				-70.84457125441079,-34.4670642599744,-113.997 -70.8444756017949,-34.4671306478567,-113.997 
			</coordinates>
		</LineString>
		<LineString>
			<coordinates>
				-70.84447560179591,-34.4671306478577,-113.997 -70.84434664878739,-34.4672153486729,-113.997 
			</coordinates>
		</LineString>
		<LineString>
			<coordinates>
				-70.8443466487883,-34.4672153486739,-113.997 -70.8442440938166,-34.4672924049524,-113.997 
			</coordinates>
		</LineString>
		<LineString>
			<coordinates>
				-70.84424409381759,-34.4672924049534,-113.997 -70.8441084065079,-34.4673793313986,-113.997 
			</coordinates>
		</LineString>
		<LineString>
			<coordinates>
				-70.84410840650889,-34.4673793313996,-113.997 -70.8439176587713,-34.467498798646,-113.997 
			</coordinates>
		</LineString>
		<LineString>
			<coordinates>
				-70.8438649503812,-34.4675318103378,-113.997 -70.8438646834998,-34.467531977486,-113.997 
			</coordinates>
		</LineString>
		<LineString>
			<coordinates>
				-70.8425951969441,-34.481517376613,-113.997 -70.8425909537289,-34.4814788177308,-113.997 
			</coordinates>
		</LineString>
		<LineString>
			<coordinates>
				-70.8425909537299,-34.4814788177318,-113.997 -70.84257582704021,-34.4813413583251,-113.997 
			</coordinates>
		</LineString>
		<LineString>
			<coordinates>
				-70.8425758270412,-34.4813413583261,-113.997 -70.84256112367061,-34.48120774518,-113.997 
			</coordinates>
		</LineString>
		<LineString>
			<coordinates>
				-70.8425611236716,-34.481207745181,-113.997 -70.8425465576738,-34.4810753798603,-113.997 
			</coordinates>
		</LineString>
		<LineString>
			<coordinates>
				-70.84254655767479,-34.4810753798613,-113.997 -70.8425227644726,-34.4808591632311,-113.997 
			</coordinates>
		</LineString>
		<LineString>
			<coordinates>
				-70.8425227644736,-34.4808591632321,-113.997 -70.8425000360926,-34.4806526217038,-113.997 
			</coordinates>
		</LineString>
		<LineString>
			<coordinates>
				-70.8410472632464,-34.4807961570457,-113.997 -70.8405608043261,-34.4808589066633,-113.997 
			</coordinates>
		</LineString>
		<LineString>
			<coordinates>
				-70.8400729022631,-34.4809190441665,-113.997 -70.8394530503047,-34.4810021073383,-113.997 
			</coordinates>
		</LineString>
		<LineString>
			<coordinates>
				-70.83945305030571,-34.4810021073393,-113.997 -70.84007290226219,-34.4809190441655,-113.997 
			</coordinates>
		</LineString>
		<LineString>
			<coordinates>
				-70.8400729022631,-34.4809190441665,-113.997 -70.8400573740867,-34.4798986656494,-113.997 
			</coordinates>
		</LineString>
		<LineString>
			<coordinates>
				-70.8405608043271,-34.4808589066643,-113.997 -70.84054111081829,-34.4801486378026,-113.997 
			</coordinates>
		</LineString>
		<LineString>
			<coordinates>
				-70.8405411108193,-34.4801486378037,-113.997 -70.8405469017415,-34.4798245250342,-113.997 
			</coordinates>
		</LineString>
		<LineString>
			<coordinates>
				-70.8410472632464,-34.4807961570457,-113.997 -70.8410269861746,-34.4801031709836,-113.997 
			</coordinates>
		</LineString>
		<LineString>
			<coordinates>
				-70.84102698617561,-34.4801031709846,-113.997 -70.8410238363214,-34.4800367296691,-113.997 
			</coordinates>
		</LineString>
		<LineString>
			<coordinates>
				-70.84102383632241,-34.4800367296701,-113.997 -70.8410259084953,-34.4797551111051,-113.997 
			</coordinates>
		</LineString>
		<LineString>
			<coordinates>
				-70.8392837390772,-34.4820702631697,-113.997 -70.8390601080683,-34.4817898831453,-113.997 
			</coordinates>
		</LineString>
		<LineString>
			<coordinates>
				-70.8390601080693,-34.4817898831463,-113.997 -70.8391320830076,-34.4816969356772,-113.997 
			</coordinates>
		</LineString>
		<LineString>
			<coordinates>
				-70.83913208300859,-34.4816969356782,-113.997 -70.8392537378589,-34.4814988667291,-113.997 
			</coordinates>
		</LineString>
		<LineString>
			<coordinates>
				-70.83925373785981,-34.4814988667301,-113.997 -70.8392863256426,-34.4814150426614,-113.997 
			</coordinates>
		</LineString>
		<LineString>
			<coordinates>
				-70.8392863256436,-34.4814150426624,-113.997 -70.83930227558329,-34.4813261876661,-113.997 
			</coordinates>
		</LineString>
		<LineString>
			<coordinates>
				-70.83930903414711,-34.4812885365637,-113.997 -70.8393368496764,-34.4811335794263,-113.997 
			</coordinates>
		</LineString>
		<LineString>
			<coordinates>
				-70.83933684967739,-34.4811335794273,-113.997 -70.8394530503047,-34.4810021073383,-113.997 
			</coordinates>
		</LineString>
		<LineString>
			<coordinates>
				-70.8475939507087,-34.4806135705898,-113.997 -70.8476190260959,-34.4807048599033,-113.997 
			</coordinates>
		</LineString>
		<LineString>
			<coordinates>
				-70.8458541912531,-34.4755009791222,-113.997 -70.8461680868172,-34.4765261725386,-113.997 
			</coordinates>
		</LineString>
		<LineString>
			<coordinates>
				-70.8461680868182,-34.4765261725396,-113.997 -70.84700129615931,-34.4791180894554,-113.997 
			</coordinates>
		</LineString>
		<LineString>
			<coordinates>
				-70.8470012961603,-34.4791180894564,-113.997 -70.84713549309841,-34.479585985133,-113.997 
			</coordinates>
		</LineString>
		<LineString>
			<coordinates>
				-70.8471354930994,-34.479585985134,-113.997 -70.84723371543861,-34.4799269385366,-113.997 
			</coordinates>
		</LineString>
		<LineString>
			<coordinates>
				-70.8472337154396,-34.4799269385376,-113.997 -70.847300339204,-34.4801582040016,-113.997 
			</coordinates>
		</LineString>
		<LineString>
			<coordinates>
				-70.84717958148561,-34.4797400858879,-113.997 -70.84515415551741,-34.4798196758304,-113.997 
			</coordinates>
		</LineString>
		<LineString>
			<coordinates>
				-70.84689377100069,-34.4787810449446,-113.997 -70.84484325290489,-34.4788503414836,-113.997 
			</coordinates>
		</LineString>
		<LineString>
			<coordinates>
				-70.8450917418479,-34.479835792762,-113.997 -70.84405830777889,-34.4798822029407,-113.997 
			</coordinates>
		</LineString>
		<LineString>
			<coordinates>
				-70.844946642632,-34.4793834035123,-113.997 -70.8438250951795,-34.4794318648104,-113.997 
			</coordinates>
		</LineString>
		<LineString>
			<coordinates>
				-70.8436907995887,-34.4789969988845,-113.997 -70.8448071917759,-34.4789486195207,-113.997 
			</coordinates>
		</LineString>
		<LineString>
			<coordinates>
				-70.8446675752876,-34.478513314047,-113.997 -70.8435563271135,-34.4785615551215,-113.997 
			</coordinates>
		</LineString>
		<LineString>
			<coordinates>
				-70.8434212998803,-34.4781243098547,-113.997 -70.8445274372142,-34.478076377249,-113.997 
			</coordinates>
		</LineString>
		<LineString>
			<coordinates>
				-70.8443835672162,-34.4776277993594,-113.997 -70.8433375121195,-34.4776732476886,-113.997 
			</coordinates>
		</LineString>
		<LineString>
			<coordinates>
				-70.8440665230779,-34.4766486898875,-113.997 -70.84311574277881,-34.4766902857852,-113.997 
			</coordinates>
		</LineString>
		<LineString>
			<coordinates>
				-70.84663869389109,-34.4803138518732,-113.997 -70.84681149556801,-34.4811871673261,-113.997 
			</coordinates>
		</LineString>
		<LineString>
			<coordinates>
				-70.848054064427,-34.4802635935892,-113.997 -70.8483049746644,-34.4811345142594,-113.997 
			</coordinates>
		</LineString>
		<LineString>
			<coordinates>
				-70.8501758071898,-34.4801745473998,-113.997 -70.8505082543016,-34.4801637429057,-113.997 
			</coordinates>
		</LineString>
		<LineString>
			<coordinates>
				-70.8501732457532,-34.4801204989826,-113.997 -70.85050602452191,-34.480109683716,-113.997 
			</coordinates>
		</LineString>
		<LineString>
			<coordinates>
				-70.8505082543026,-34.4801637429067,-113.997 -70.8506411126933,-34.4801605449144,-113.997 
			</coordinates>
		</LineString>
		<LineString>
			<coordinates>
				-70.85070644548971,-34.4801589722578,-113.997 -70.85075403453919,-34.4801578266955,-113.997 
			</coordinates>
		</LineString>
		<LineString>
			<coordinates>
				-70.8505060245229,-34.480109683717,-113.997 -70.8507521365872,-34.4801037595238,-113.997 
			</coordinates>
		</LineString>
		<LineString>
			<coordinates>
				-70.8507472442148,-34.4801580082596,-113.997 -70.851000115329,-34.4801505722201,-113.997 
			</coordinates>
		</LineString>
		<LineString>
			<coordinates>
				-70.8501758071898,-34.4801745473998,-113.997 -70.85015684616791,-34.4801753050068,-113.997 
			</coordinates>
		</LineString>
		<LineString>
			<coordinates>
				-70.8501732457532,-34.4801204989826,-113.997 -70.8501531118976,-34.4801213034509,-113.997 
			</coordinates>
		</LineString>
		<LineString>
			<coordinates>
				-70.8506236534549,-34.4795210341132,-113.997 -70.8496076078153,-34.479561663827,-113.997 
			</coordinates>
		</LineString>
		<LineString>
			<coordinates>
				-70.8505819965242,-34.4789902121825,-113.997 -70.84944504388559,-34.4790363547355,-113.997 
			</coordinates>
		</LineString>
		<LineString>
			<coordinates>
				-70.850544504184,-34.4785124508611,-113.997 -70.8492821311453,-34.4785636932603,-113.997 
			</coordinates>
		</LineString>
		<LineString>
			<coordinates>
				-70.8506969403844,-34.4780694047848,-113.997 -70.849133640133,-34.4781328685779,-113.997 
			</coordinates>
		</LineString>
		<LineString>
			<coordinates>
				-70.8489894446989,-34.477714502123,-113.997 -70.8504598672512,-34.4776547561209,-113.997 
			</coordinates>
		</LineString>
		<LineString>
			<coordinates>
				-70.84856031598579,-34.4801906349573,-113.997 -70.8481857522643,-34.4788884642433,-113.997 
			</coordinates>
		</LineString>
		<LineString>
			<coordinates>
				-70.8483098099085,-34.4793197556485,-113.997 -70.8471726195592,-34.4793644501335,-113.997 
			</coordinates>
		</LineString>
		<LineString>
			<coordinates>
				-70.84795634524851,-34.4784273673226,-113.997 -70.8468940306326,-34.4784692229508,-113.997 
			</coordinates>
		</LineString>
		<LineString>
			<coordinates>
				-70.8442340313628,-34.4813146422567,-113.997 -70.8441221491935,-34.4813275157862,-113.997 
			</coordinates>
		</LineString>
		<LineString>
			<coordinates>
				-70.84881036410989,-34.4771949138865,-113.997 -70.8501972684833,-34.477138563821,-113.997 
			</coordinates>
		</LineString>
		<LineString>
			<coordinates>
				-70.84856198313901,-34.4761063012367,-113.997 -70.8487928659337,-34.4761738659544,-113.997 
			</coordinates>
		</LineString>
		<LineString>
			<coordinates>
				-70.8400608663821,-34.4798983957079,-113.997 -70.83940587163509,-34.4799637165403,-113.997 
			</coordinates>
		</LineString>
		<LineString>
			<coordinates>
				-70.84241070109741,-34.479575642222,-113.997 -70.8425234564277,-34.4795629774598,-113.997 
			</coordinates>
		</LineString>
		<LineString>
			<coordinates>
				-70.8425501304426,-34.4794730996287,-113.997 -70.8417054974223,-34.4752821787304,-113.997 
			</coordinates>
		</LineString>
		<LineString>
			<coordinates>
				-70.8408524206921,-34.4784499647947,-113.997 -70.84023876760349,-34.4753696521052,-113.997 
			</coordinates>
		</LineString>
		<LineString>
			<coordinates>
				-70.83972684418271,-34.4764532919632,-113.997 -70.8395692011192,-34.4756619279757,-113.997 
			</coordinates>
		</LineString>
		<LineString>
			<coordinates>
				-70.8408524206921,-34.4784499647947,-113.997 -70.840965558164,-34.4790179178633,-113.997 
			</coordinates>
		</LineString>
		<LineString>
			<coordinates>
				-70.8390527627032,-34.4791795660596,-113.997 -70.8402286827298,-34.4790071423673,-113.997 
			</coordinates>
		</LineString>
		<LineString>
			<coordinates>
				-70.8400850445408,-34.4785836653166,-113.997 -70.8390180266795,-34.4787401206488,-113.997 
			</coordinates>
		</LineString>
		<LineString>
			<coordinates>
				-70.84218218196121,-34.4776486791432,-113.997 -70.8413868407026,-34.4777535961949,-113.997 
			</coordinates>
		</LineString>
		<LineString>
			<coordinates>
				-70.8420600377323,-34.4770422148339,-113.997 -70.8412660413,-34.4771469542531,-113.997 
			</coordinates>
		</LineString>
		<LineString>
			<coordinates>
				-70.84193757702231,-34.4764357922976,-113.997 -70.84114524384709,-34.4765403120784,-113.997 
			</coordinates>
		</LineString>
		<LineString>
			<coordinates>
				-70.84181575517989,-34.4758292855072,-113.997 -70.8410244483437,-34.475933669671,-113.997 
			</coordinates>
		</LineString>
		<LineString>
			<coordinates>
				-70.8410370777824,-34.4759986010628,-113.997 -70.84038153080409,-34.4760862939056,-113.997 
			</coordinates>
		</LineString>
		<LineString>
			<coordinates>
				-70.8403125364546,-34.4760722588325,-113.997 -70.8396681119799,-34.4761584598624,-113.997 
			</coordinates>
		</LineString>
		<LineString>
			<coordinates>
				-70.8409321871321,-34.4754720935673,-113.997 -70.8408937061933,-34.4752789333495,-113.997 
			</coordinates>
		</LineString>
		<LineString>
			<coordinates>
				-70.8395692011202,-34.4756619279767,-113.997 -70.8395162377541,-34.4753960494621,-113.997 
			</coordinates>
		</LineString>
		<LineString>
			<coordinates>
				-70.8389843727022,-34.4782676054361,-113.997 -70.83999266063969,-34.4781199276774,-113.997 
			</coordinates>
		</LineString>
		<LineString>
			<coordinates>
				-70.83894607439851,-34.4777582486483,-113.997 -70.8398930384845,-34.4776198497498,-113.997 
			</coordinates>
		</LineString>
		<LineString>
			<coordinates>
				-70.83888213355731,-34.4765770121937,-113.997 -70.8397268441818,-34.4764532919622,-113.997 
			</coordinates>
		</LineString>
		<LineString>
			<coordinates>
				-70.8392837390772,-34.4820702631697,-113.997 -70.8393205059527,-34.4821043359956,-113.997 
			</coordinates>
		</LineString>
		<LineString>
			<coordinates>
				-70.83945305030571,-34.4810021073393,-113.997 -70.83942315380089,-34.4808853524905,-113.997 
			</coordinates>
		</LineString>
		<LineString>
			<coordinates>
				-70.83930903414711,-34.4812885365637,-113.997 -70.83930227558329,-34.4813261876661,-113.997 
			</coordinates>
		</LineString>
		<LineString>
			<coordinates>
				-70.83927707492251,-34.4811680501183,-113.997 -70.8392775977355,-34.481167748623,-113.997 
			</coordinates>
		</LineString>
		<LineString>
			<coordinates>
				-70.8470403061923,-34.4792544943141,-113.997 -70.8449986109995,-34.4793347211823,-113.997 
			</coordinates>
		</LineString>
		<LineString>
			<coordinates>
				-70.84783586507071,-34.4811365234465,-113.997 -70.8476930093243,-34.4810442784017,-113.997 
			</coordinates>
		</LineString>
		<LineString>
			<coordinates>
				-70.8476356060159,-34.4808257563233,-113.997 -70.8476344240384,-34.4808214532412,-113.997 
			</coordinates>
		</LineString>
		<LineString>
			<coordinates>
				-70.8476247633259,-34.4808232731187,-113.997 -70.8476344240384,-34.4808214532412,-113.997 
			</coordinates>
		</LineString>
		<LineString>
			<coordinates>
				-70.84768124627711,-34.4810289494998,-113.997 -70.84763925291939,-34.480876069739,-113.997 
			</coordinates>
		</LineString>
		<LineString>
			<coordinates>
				-70.85074272939011,-34.481038334909,-113.997 -70.8507099317424,-34.480620424773,-113.997 
			</coordinates>
		</LineString>
		<LineString>
			<coordinates>
				-70.8506695404073,-34.4801057477624,-113.997 -70.85053999812909,-34.4784550301631,-113.997 
			</coordinates>
		</LineString>
		<LineString>
			<coordinates>
				-70.8392837390772,-34.4820702631697,-113.997 -70.8390601080683,-34.4817898831453,-113.997 
			</coordinates>
		</LineString>
		<LineString>
			<coordinates>
				-70.8390601080693,-34.4817898831463,-113.997 -70.8391320830076,-34.4816969356772,-113.997 
			</coordinates>
		</LineString>
		<LineString>
			<coordinates>
				-70.83913208300859,-34.4816969356782,-113.997 -70.8392537378589,-34.4814988667291,-113.997 
			</coordinates>
		</LineString>
		<LineString>
			<coordinates>
				-70.83925373785981,-34.4814988667301,-113.997 -70.8392863256426,-34.4814150426614,-113.997 
			</coordinates>
		</LineString>
		<LineString>
			<coordinates>
				-70.8392863256436,-34.4814150426624,-113.997 -70.83930227558329,-34.4813261876661,-113.997 
			</coordinates>
		</LineString>
		<LineString>
			<coordinates>
				-70.8389107225412,-34.4772095518078,-113.997 -70.8397857713868,-34.4770813885361,-113.997 
			</coordinates>
		</LineString>
		<LineString>
			<coordinates>
				-70.8392837390772,-34.4820702631697,-113.997 -70.8393205059527,-34.4821043359956,-113.997 
			</coordinates>
		</LineString>
		<LineString>
			<coordinates>
				-70.8385605842394,-34.4817789185396,-113.997 -70.8390955959979,-34.4817440545407,-113.997 
			</coordinates>
		</LineString>
		<LineString>
			<coordinates>
				-70.83831607878621,-34.4805969488486,-113.997 -70.8394614198703,-34.4805766499711,-113.997 
			</coordinates>
		</LineString>
		<LineString>
			<coordinates>
				-70.8394058716361,-34.4799637165413,-113.997 -70.8385648012397,-34.4801906923377,-113.997 
			</coordinates>
		</LineString>
		<LineString>
			<coordinates>
				-70.8373167199389,-34.4803343426327,-113.997 -70.83825202800909,-34.4805639532595,-113.997 
			</coordinates>
		</LineString>
		<LineString>
			<coordinates>
				-70.83756501006989,-34.4810710055435,-113.997 -70.8383587917381,-34.4810420424931,-113.997 
			</coordinates>
		</LineString>
		<LineString>
			<coordinates>
				-70.83933684967739,-34.4811335794273,-113.997 -70.8384247835702,-34.4810396973,-113.997 
			</coordinates>
		</LineString>
		<LineString>
			<coordinates>
				-70.83831607878621,-34.4805969488486,-113.997 -70.8394614198703,-34.4805766499711,-113.997 
			</coordinates>
		</LineString>
		<LineString>
			<coordinates>
				-70.8381887822128,-34.4823946582285,-113.997 -70.8383454455055,-34.4823685359188,-113.997 
			</coordinates>
		</LineString>
		<LineString>
			<coordinates>
				-70.8383454455065,-34.4823685359198,-113.997 -70.8385115207349,-34.4823227475267,-113.997 
			</coordinates>
		</LineString>
		<LineString>
			<coordinates>
				-70.83851152073591,-34.4823227475277,-113.997 -70.8386451895776,-34.4822810718361,-113.997 
			</coordinates>
		</LineString>
		<LineString>
			<coordinates>
				-70.8386451895786,-34.4822810718371,-113.997 -70.838808390005,-34.4822338746308,-113.997 
			</coordinates>
		</LineString>
		<LineString>
			<coordinates>
				-70.83880839000599,-34.4822338746318,-113.997 -70.8389049195804,-34.4822056215681,-113.997 
			</coordinates>
		</LineString>
		<LineString>
			<coordinates>
				-70.8389049195814,-34.4822056215691,-113.997 -70.8389659803221,-34.4821891086903,-113.997 
			</coordinates>
		</LineString>
		<LineString>
			<coordinates>
				-70.8389659803231,-34.4821891086913,-113.997 -70.83909903910281,-34.4821540785026,-113.997 
			</coordinates>
		</LineString>
		<LineString>
			<coordinates>
				-70.8390990391038,-34.4821540785036,-113.997 -70.8393205059527,-34.4821043359956,-113.997 
			</coordinates>
		</LineString>
		<LineString>
			<coordinates>
				-70.85475858237631,-34.4807740093344,-113.997 -70.8542890959482,-34.4808978630577,-113.997 
			</coordinates>
		</LineString>
		<LineString>
			<coordinates>
				-70.8542514601526,-34.4808863917934,-113.997 -70.8538794208926,-34.4803917262188,-113.997 
			</coordinates>
		</LineString>
		<LineString>
			<coordinates>
				-70.85387942089351,-34.4803917262198,-113.997 -70.8538477205642,-34.4803106797543,-113.997 
			</coordinates>
		</LineString>
		<LineString>
			<coordinates>
				-70.8538477205652,-34.4803106797553,-113.997 -70.853838446848,-34.4803071383241,-113.997 
			</coordinates>
		</LineString>
		<LineString>
			<coordinates>
				-70.853838446849,-34.4803071383251,-113.997 -70.8538149497529,-34.4802701300243,-113.997 
			</coordinates>
		</LineString>
		<LineString>
			<coordinates>
				-70.8538149497539,-34.4802701300253,-113.997 -70.85377179910761,-34.4802182550014,-113.997 
			</coordinates>
		</LineString>
		<LineString>
			<coordinates>
				-70.8537717991086,-34.4802182550024,-113.997 -70.85373841648391,-34.4801366953821,-113.997 
			</coordinates>
		</LineString>
		<LineString>
			<coordinates>
				-70.8537384164849,-34.4801366953831,-113.997 -70.8536341950357,-34.4800447392603,-113.997 
			</coordinates>
		</LineString>
		<LineString>
			<coordinates>
				-70.85363419503661,-34.4800447392613,-113.997 -70.85352116371941,-34.4799966701476,-113.997 
			</coordinates>
		</LineString>
		<LineString>
			<coordinates>
				-70.8535211637204,-34.4799966701486,-113.997 -70.85339172934501,-34.4799961575925,-113.997 
			</coordinates>
		</LineString>
		<LineString>
			<coordinates>
				-70.853391729346,-34.4799961575935,-113.997 -70.8532728230292,-34.479986237746,-113.997 
			</coordinates>
		</LineString>
		<LineString>
			<coordinates>
				-70.8532728230302,-34.479986237747,-113.997 -70.85315122787441,-34.4800478422554,-113.997 
			</coordinates>
		</LineString>
		<LineString>
			<coordinates>
				-70.8531512278754,-34.4800478422564,-113.997 -70.8531096221668,-34.4800682578099,-113.997 
			</coordinates>
		</LineString>
		<LineString>
			<coordinates>
				-70.85310962216781,-34.4800682578109,-113.997 -70.8530252455905,-34.4800795923963,-113.997 
			</coordinates>
		</LineString>
		<LineString>
			<coordinates>
				-70.85100011533,-34.4801505722211,-113.997 -70.8528378721724,-34.4801835496635,-113.997 
			</coordinates>
		</LineString>
		<LineString>
			<coordinates>
				-70.85099582351999,-34.4800965743307,-113.997 -70.8527740297808,-34.4801281359818,-113.997 
			</coordinates>
		</LineString>
		<LineString>
			<coordinates>
				-70.8515463508697,-34.4801603769834,-113.997 -70.8516154436318,-34.4810413730754,-113.997 
			</coordinates>
		</LineString>
		<LineString>
			<coordinates>
				-70.8527622440526,-34.4801821931098,-113.997 -70.85283127542409,-34.4810622424516,-113.997 
			</coordinates>
		</LineString>
		<LineString>
			<coordinates>
				-70.8556607875051,-34.4815409671311,-113.997 -70.8552985399852,-34.4814928686721,-113.997 
			</coordinates>
		</LineString>
		<LineString>
			<coordinates>
				-70.8527740297818,-34.4801281359828,-113.997 -70.8528337574689,-34.4801280366238,-113.997 
			</coordinates>
		</LineString>
		<LineString>
			<coordinates>
				-70.8538197462383,-34.4804146970243,-113.997 -70.8542343421591,-34.4809659462797,-113.997 
			</coordinates>
		</LineString>
		<LineString>
			<coordinates>
				-70.8542343421601,-34.4809659462807,-113.997 -70.8543751480593,-34.4812402012247,-113.997 
			</coordinates>
		</LineString>
		<LineString>
			<coordinates>
				-70.8533370177323,-34.4800459570037,-113.997 -70.8534166796815,-34.4810698253989,-113.997 
			</coordinates>
		</LineString>
		<LineString>
			<coordinates>
				-70.8548837813468,-34.4806507542248,-113.997 -70.85412902999239,-34.4796649550638,-113.997 
			</coordinates>
		</LineString>
		<LineString>
			<coordinates>
				-70.8543364445064,-34.4800368831253,-113.997 -70.853760399904,-34.4801904047628,-113.997 
			</coordinates>
		</LineString>
		<LineString>
			<coordinates>
				-70.8552817176474,-34.4797999765,-113.997 -70.854456971441,-34.4800932909578,-113.997 
			</coordinates>
		</LineString>
		<LineString>
			<coordinates>
				-70.8549948679502,-34.4792480011237,-113.997 -70.8541328066941,-34.4796698879783,-113.997 
			</coordinates>
		</LineString>
		<LineString>
			<coordinates>
				-70.8540766405842,-34.4796973749351,-113.997 -70.854076546779,-34.4796974208406,-113.997 
			</coordinates>
		</LineString>
		<LineString>
			<coordinates>
				-70.8508451185635,-34.4718625728289,-113.997 -70.8515408515599,-34.473872833896,-113.997 
			</coordinates>
		</LineString>
		<LineString>
			<coordinates>
				-70.851594705767,-34.4738975624231,-113.997 -70.8524747922859,-34.4736886499711,-113.997 
			</coordinates>
		</LineString>
		<LineString>
			<coordinates>
				-70.8524747922869,-34.4736886499721,-113.997 -70.8529825432997,-34.4733404642683,-113.997 
			</coordinates>
		</LineString>
		<LineString>
			<coordinates>
				-70.8529825433007,-34.4733404642693,-113.997 -70.85388318526191,-34.4727976186665,-113.997 
			</coordinates>
		</LineString>
		<LineString>
			<coordinates>
				-70.8538972437451,-34.4727371942642,-113.997 -70.8537518140008,-34.4725454948196,-113.997 
			</coordinates>
		</LineString>
		<LineString>
			<coordinates>
				-70.8537518140018,-34.4725454948206,-113.997 -70.85362131521281,-34.472324413691,-113.997 
			</coordinates>
		</LineString>
		<LineString>
			<coordinates>
				-70.8536213152138,-34.472324413692,-113.997 -70.8525467342086,-34.4715960863655,-113.997 
			</coordinates>
		</LineString>
		<LineString>
			<coordinates>
				-70.8525467342096,-34.4715960863665,-113.997 -70.8519310415021,-34.4711787731853,-113.997 
			</coordinates>
		</LineString>
		<LineString>
			<coordinates>
				-70.85193104150309,-34.4711787731863,-113.997 -70.8518097562459,-34.4710813222732,-113.997 
			</coordinates>
		</LineString>
		<LineString>
			<coordinates>
				-70.85180975624689,-34.4710813222742,-113.997 -70.8517198026246,-34.4710090456362,-113.997 
			</coordinates>
		</LineString>
		<LineString>
			<coordinates>
				-70.8517198026256,-34.4710090456372,-113.997 -70.8516708420655,-34.4710246585973,-113.997 
			</coordinates>
		</LineString>
		<LineString>
			<coordinates>
				-70.8516708420665,-34.4710246585983,-113.997 -70.8515055315119,-34.4710704615731,-113.997 
			</coordinates>
		</LineString>
		<LineString>
			<coordinates>
				-70.8515055315129,-34.4710704615741,-113.997 -70.8512249185213,-34.4717724185099,-113.997 
			</coordinates>
		</LineString>
		<LineString>
			<coordinates>
				-70.85122491852231,-34.4717724185109,-113.997 -70.8508451185625,-34.4718625728279,-113.997 
			</coordinates>
		</LineString>
		<LineString>
			<coordinates>
				-70.850607847457,-34.474663341987,-113.997 -70.85166011446439,-34.4744135681398,-113.997 
			</coordinates>
		</LineString>
		<LineString>
			<coordinates>
				-70.85172290017741,-34.4743986645314,-113.997 -70.85277676603749,-34.4741485000647,-113.997 
			</coordinates>
		</LineString>
		<LineString>
			<coordinates>
				-70.8514225251495,-34.4769059625412,-113.997 -70.8524375927438,-34.4766650170582,-113.997 
			</coordinates>
		</LineString>
		<LineString>
			<coordinates>
				-70.851585811756,-34.4773829947137,-113.997 -70.8526009145917,-34.4771420405851,-113.997 
			</coordinates>
		</LineString>
		<LineString>
			<coordinates>
				-70.8507903095532,-34.4774686576847,-113.997 -70.8515531783224,-34.4772875825954,-113.997 
			</coordinates>
		</LineString>
		<LineString>
			<coordinates>
				-70.85091844765719,-34.4765285774018,-113.997 -70.85228021174341,-34.4762053395446,-113.997 
			</coordinates>
		</LineString>
		<LineString>
			<coordinates>
				-70.8507142628949,-34.476520774662,-113.997 -70.8522623046111,-34.476153322052,-113.997 
			</coordinates>
		</LineString>
		<LineString>
			<coordinates>
				-70.8506957135537,-34.4758780960554,-113.997 -70.8503431016936,-34.4758985983683,-113.997 
			</coordinates>
		</LineString>
		<LineString>
			<coordinates>
				-70.8498803213074,-34.4764745357266,-113.997 -70.8496111586675,-34.4764749926038,-113.997 
			</coordinates>
		</LineString>
		<LineString>
			<coordinates>
				-70.8538167478977,-34.4773554121186,-113.997 -70.85333810341611,-34.4759574585581,-113.997 
			</coordinates>
		</LineString>
		<LineString>
			<coordinates>
				-70.851741975203,-34.4778390255797,-113.997 -70.85126514914241,-34.4764462835707,-113.997 
			</coordinates>
		</LineString>
		<LineString>
			<coordinates>
				-70.8527463709484,-34.4775668782134,-113.997 -70.85228021174341,-34.4762053395446,-113.997 
			</coordinates>
		</LineString>
		<LineString>
			<coordinates>
				-70.85280931097461,-34.4775524176852,-113.997 -70.8523430245051,-34.4761905102571,-113.997 
			</coordinates>
		</LineString>
		<LineString>
			<coordinates>
				-70.8523431063637,-34.4761904153992,-113.997 -70.85388129282001,-34.4758302786865,-113.997 
			</coordinates>
		</LineString>
		<LineString>
			<coordinates>
				-70.85232509307841,-34.4761384226831,-113.997 -70.8538507778875,-34.4757812131312,-113.997 
			</coordinates>
		</LineString>
		<LineString>
			<coordinates>
				-70.8504197821938,-34.4765044474688,-113.997 -70.8507142628939,-34.476520774661,-113.997 
			</coordinates>
		</LineString>
		<LineString>
			<coordinates>
				-70.8507903095532,-34.4774686576847,-113.997 -70.8503914264473,-34.4774901064945,-113.997 
			</coordinates>
		</LineString>
		<LineString>
			<coordinates>
				-70.850607847457,-34.474663341987,-113.997 -70.85025471265141,-34.4746809993991,-113.997 
			</coordinates>
		</LineString>
		<LineString>
			<coordinates>
				-70.8506403900624,-34.4751132509449,-113.997 -70.85028736576361,-34.4751308162606,-113.997 
			</coordinates>
		</LineString>
		<LineString>
			<coordinates>
				-70.850669678803,-34.4755181689631,-113.997 -70.85031675382599,-34.4755356495314,-113.997 
			</coordinates>
		</LineString>
		<LineString>
			<coordinates>
				-70.8530371399013,-34.4745443274943,-113.997 -70.85332391750261,-34.4744149488228,-113.997 
			</coordinates>
		</LineString>
		<LineString>
			<coordinates>
				-70.85327147853479,-34.4749005716168,-113.997 -70.8535582569418,-34.4747711923745,-113.997 
			</coordinates>
		</LineString>
		<LineString>
			<coordinates>
				-70.8547800916118,-34.4771874744606,-113.997 -70.85289798957091,-34.4776253366336,-113.997 
			</coordinates>
		</LineString>
		<LineString>
			<coordinates>
				-70.8539855887138,-34.4779437692091,-113.997 -70.85316140348429,-34.4781355088343,-113.997 
			</coordinates>
		</LineString>
		<LineString>
			<coordinates>
				-70.8527480089126,-34.4776602274973,-113.997 -70.8515890912113,-34.477929816846,-113.997 
			</coordinates>
		</LineString>
		<LineString>
			<coordinates>
				-70.85146348260859,-34.4779309538016,-113.997 -70.8507249002415,-34.4781027625188,-113.997 
			</coordinates>
		</LineString>
		<LineString>
			<coordinates>
				-70.8547245463474,-34.4771442132834,-113.997 -70.8528629803846,-34.4775772972937,-113.997 
			</coordinates>
		</LineString>
		<LineString>
			<coordinates>
				-70.850479403036,-34.4728871813842,-113.997 -70.85012577801101,-34.4729047818745,-113.997 
			</coordinates>
		</LineString>
		<LineString>
			<coordinates>
				-70.8506880640163,-34.4704076653377,-113.997 -70.851318516885,-34.4713661836437,-113.997 
			</coordinates>
		</LineString>
		<LineString>
			<coordinates>
				-70.8513613077973,-34.4714312404821,-113.997 -70.85202206893629,-34.4724358082625,-113.997 
			</coordinates>
		</LineString>
		<LineString>
			<coordinates>
				-70.8517488843974,-34.4725858425494,-113.997 -70.85203565756829,-34.4724564670155,-113.997 
			</coordinates>
		</LineString>
		<LineString>
			<coordinates>
				-70.85091844765719,-34.4765285774018,-113.997 -70.8507196099239,-34.4765757734518,-113.997 
			</coordinates>
		</LineString>
		<LineString>
			<coordinates>
				-70.85331267027099,-34.4799895620455,-113.997 -70.8524472729392,-34.4786216830764,-113.997 
			</coordinates>
		</LineString>
		<LineString>
			<coordinates>
				-70.8531481528004,-34.4782311182031,-113.997 -70.852798356878,-34.4776782092163,-113.997 
			</coordinates>
		</LineString>
		<LineString>
			<coordinates>
				-70.8541290299934,-34.4796649550648,-113.997 -70.85287119480481,-34.4776767872952,-113.997 
			</coordinates>
		</LineString>
		<LineString>
			<coordinates>
				-70.85313766940691,-34.4797129535125,-113.997 -70.85389626316611,-34.4794135983571,-113.997 
			</coordinates>
		</LineString>
		<LineString>
			<coordinates>
				-70.8525719953066,-34.4785105402322,-113.997 -70.85212564590999,-34.4778050041739,-113.997 
			</coordinates>
		</LineString>
		<LineString>
			<coordinates>
				-70.85203385615,-34.4787300442074,-113.997 -70.8515503467372,-34.4779657617014,-113.997 
			</coordinates>
		</LineString>
		<LineString>
			<coordinates>
				-70.85386412001979,-34.4792462406575,-113.997 -70.8547239701557,-34.4787259935358,-113.997 
			</coordinates>
		</LineString>
		<LineString>
			<coordinates>
				-70.8547002149199,-34.478305718634,-113.997 -70.85470294475439,-34.4783049816526,-113.997 
			</coordinates>
		</LineString>
		<LineString>
			<coordinates>
				-70.85415763149651,-34.4784521997487,-113.997 -70.85470021491891,-34.478305718633,-113.997 
			</coordinates>
		</LineString>
		<LineString>
			<coordinates>
				-70.85472401185049,-34.4787267939985,-113.997 -70.8547020608778,-34.4783053630099,-113.997 
			</coordinates>
		</LineString>
		<LineString>
			<coordinates>
				-70.8547002149199,-34.478305718634,-113.997 -70.855389155164,-34.478119721435,-113.997 
			</coordinates>
		</LineString>
		<LineString>
			<coordinates>
				-70.854357123912,-34.4772858788017,-113.997 -70.8547020535463,-34.4783052222543,-113.997 
			</coordinates>
		</LineString>
		<LineString>
			<coordinates>
				-70.85380633416671,-34.4774140186969,-113.997 -70.854152456078,-34.478436905163,-113.997 
			</coordinates>
		</LineString>
		<LineString>
			<coordinates>
				-70.85415245607901,-34.478436905164,-113.997 -70.8541576314955,-34.4784521997477,-113.997 
			</coordinates>
		</LineString>
		<LineString>
			<coordinates>
				-70.8517488843974,-34.4725858425494,-113.997 -70.85114503887939,-34.4727291802287,-113.997 
			</coordinates>
		</LineString>
		<LineString>
			<coordinates>
				-70.851082254289,-34.4727440835089,-113.997 -70.850479403035,-34.4728871813832,-113.997 
			</coordinates>
		</LineString>
		<LineString>
			<coordinates>
				-70.8527767660385,-34.4741485000657,-113.997 -70.85303486511449,-34.4740320598611,-113.997 
			</coordinates>
		</LineString>
		<LineString>
			<coordinates>
				-70.8536586269128,-34.476893601666,-113.997 -70.8526637279835,-34.477127211114,-113.997 
			</coordinates>
		</LineString>
		<LineString>
			<coordinates>
				-70.8534952996588,-34.476416579714,-113.997 -70.85250040581469,-34.4766501876807,-113.997 
			</coordinates>
		</LineString>
		<LineString>
			<coordinates>
				-70.8536070002726,-34.4767428189121,-113.997 -70.8543753033091,-34.4765785690114,-113.997 
			</coordinates>
		</LineString>
		<LineString>
			<coordinates>
				-70.8521489054816,-34.4731939908858,-113.997 -70.85243568002819,-34.4730646143776,-113.997 
			</coordinates>
		</LineString>
		<LineString>
			<coordinates>
				-70.83922411103561,-34.4753680877654,-113.997 -70.83917558790959,-34.4751176640524,-113.997 
			</coordinates>
		</LineString>
		<LineString>
			<coordinates>
				-70.8391755879106,-34.4751176640534,-113.997 -70.8390860667381,-34.474688460261,-113.997 
			</coordinates>
		</LineString>
		<LineString>
			<coordinates>
				-70.83921682133131,-34.474680770861,-113.997 -70.839133647737,-34.4742584561154,-113.997 
			</coordinates>
		</LineString>
		<LineString>
			<coordinates>
				-70.839133647738,-34.4742584561164,-113.997 -70.839084018188,-34.4739969599515,-113.997 
			</coordinates>
		</LineString>
		<LineString>
			<coordinates>
				-70.839084018189,-34.4739969599525,-113.997 -70.8389815679933,-34.4734793895644,-113.997 
			</coordinates>
		</LineString>
		<LineString>
			<coordinates>
				-70.84267119661661,-34.4805346894973,-113.997 -70.8435651335981,-34.4804317375574,-113.997 
			</coordinates>
		</LineString>
		<LineString>
			<coordinates>
				-70.8435651335991,-34.4804317375584,-113.997 -70.8440706646834,-34.4803734771233,-113.997 
			</coordinates>
		</LineString>
		<LineString>
			<coordinates>
				-70.84407066468439,-34.4803734771243,-113.997 -70.8441778578686,-34.4803661526347,-113.997 
			</coordinates>
		</LineString>
		<LineString>
			<coordinates>
				-70.84076071740429,-34.4752833587722,-113.997 -70.8416634216331,-34.4752533169473,-113.997 
			</coordinates>
		</LineString>
		<LineString>
			<coordinates>
				-70.853256819983,-34.4708775080184,-113.997 -70.85420652532,-34.4715211953472,-113.997 
			</coordinates>
		</LineString>
		<LineString>
			<coordinates>
				-70.8546909354944,-34.4718790304608,-113.997 -70.854798382377,-34.4720610551015,-113.997 
			</coordinates>
		</LineString>
		<LineString>
			<coordinates>
				-70.85479838237799,-34.4720610551025,-113.997 -70.8553049178868,-34.4727287333382,-113.997 
			</coordinates>
		</LineString>
		<LineString>
			<coordinates>
				-70.8539901156074,-34.472859613521,-113.997 -70.8542596143386,-34.473214851361,-113.997 
			</coordinates>
		</LineString>
		<LineString>
			<coordinates>
				-70.8542596143396,-34.473214851362,-113.997 -70.85475899420869,-34.4740518058528,-113.997 
			</coordinates>
		</LineString>
		<LineString>
			<coordinates>
				-70.8547589942097,-34.4740518058538,-113.997 -70.854831043896,-34.4744225101565,-113.997 
			</coordinates>
		</LineString>
		<LineString>
			<coordinates>
				-70.85483104389699,-34.4744225101575,-113.997 -70.85498294206501,-34.4746838848101,-113.997 
			</coordinates>
		</LineString>
		<LineString>
			<coordinates>
				-70.854982942066,-34.4746838848111,-113.997 -70.8549893915845,-34.4750254073973,-113.997 
			</coordinates>
		</LineString>
		<LineString>
			<coordinates>
				-70.8549995096011,-34.4755611758795,-113.997 -70.8549906844997,-34.4750938706174,-113.997 
			</coordinates>
		</LineString>
		<LineString>
			<coordinates>
				-70.8538507778885,-34.4757812131322,-113.997 -70.8549893915845,-34.4750254073973,-113.997 
			</coordinates>
		</LineString>
		<LineString>
			<coordinates>
				-70.853881292821,-34.4758302786875,-113.997 -70.8549906844997,-34.4750938706174,-113.997 
			</coordinates>
		</LineString>
		<LineString>
			<coordinates>
				-70.8549831472771,-34.4746947514914,-113.997 -70.85498294206501,-34.4746838848101,-113.997 
			</coordinates>
		</LineString>
		<LineString>
			<coordinates>
				-70.85505466902021,-34.4750230316992,-113.997 -70.85578171838981,-34.474681781597,-113.997 
			</coordinates>
		</LineString>
		<LineString>
			<coordinates>
				-70.85523797772839,-34.4759301480548,-113.997 -70.8552451330863,-34.475943090066,-113.997 
			</coordinates>
		</LineString>
		<LineString>
			<coordinates>
				-70.85500348515291,-34.4755736912491,-113.997 -70.85499946795881,-34.475565921516,-113.997 
			</coordinates>
		</LineString>
		<LineString>
			<coordinates>
				-70.8549995096011,-34.4755611758795,-113.997 -70.85499946795881,-34.475565921516,-113.997 
			</coordinates>
		</LineString>
		<LineString>
			<coordinates>
				-70.8537665603821,-34.4750878528623,-113.997 -70.8540533385973,-34.4749584724653,-113.997 
			</coordinates>
		</LineString>
		<LineString>
			<coordinates>
				-70.8524760193278,-34.4725642363504,-113.997 -70.8532695142832,-34.4720859732729,-113.997 
			</coordinates>
		</LineString>
		<LineString>
			<coordinates>
				-70.8533240978023,-34.4720530737762,-113.997 -70.85420652532,-34.4715211953472,-113.997 
			</coordinates>
		</LineString>
		<LineString>
			<coordinates>
				-70.8537907318631,-34.4745592622748,-113.997 -70.8535041040994,-34.4746888693766,-113.997 
			</coordinates>
		</LineString>
		<LineString>
			<coordinates>
				-70.8530218012221,-34.4733837009548,-113.997 -70.8539120019098,-34.4728471485372,-113.997 
			</coordinates>
		</LineString>
		<LineString>
			<coordinates>
				-70.8532655260906,-34.4737608398812,-113.997 -70.8530074281741,-34.4738772805388,-113.997 
			</coordinates>
		</LineString>
		<LineString>
			<coordinates>
				-70.85250592312831,-34.4737375282921,-113.997 -70.85269620829931,-34.4736070425058,-113.997 
			</coordinates>
		</LineString>
		<LineString>
			<coordinates>
				-70.85281580483969,-34.4735250302548,-113.997 -70.8530234121444,-34.4733826647629,-113.997 
			</coordinates>
		</LineString>
		<LineString>
			<coordinates>
				-70.85352812769391,-34.4741600514131,-113.997 -70.8532413512827,-34.4742894305289,-113.997 
			</coordinates>
		</LineString>
		<LineString>
			<coordinates>
				-70.8526421762727,-34.4704609079111,-113.997 -70.85325681998199,-34.4708775080174,-113.997 
			</coordinates>
		</LineString>
		<LineString>
			<coordinates>
				-70.8546909354944,-34.4718790304608,-113.997 -70.8544368169683,-34.471600628769,-113.997 
			</coordinates>
		</LineString>
		<LineString>
			<coordinates>
				-70.8517396010221,-34.4709575007079,-113.997 -70.8521816175614,-34.4702202433118,-113.997 
			</coordinates>
		</LineString>
		<LineString>
			<coordinates>
				-70.8475853432431,-34.4695321817541,-113.997 -70.84759809069121,-34.4695509813467,-113.997 
			</coordinates>
		</LineString>
		<LineString>
			<coordinates>
				-70.8475980906922,-34.4695509813477,-113.997 -70.8478792039259,-34.4699279315767,-113.997 
			</coordinates>
		</LineString>
		<LineString>
			<coordinates>
				-70.84787920392689,-34.4699279315777,-113.997 -70.8478844238671,-34.4699350193334,-113.997 
			</coordinates>
		</LineString>
		<LineString>
			<coordinates>
				-70.84788442386809,-34.4699350193344,-113.997 -70.8479643127298,-34.4700521825416,-113.997 
			</coordinates>
		</LineString>
		<LineString>
			<coordinates>
				-70.8479643127308,-34.4700521825426,-113.997 -70.84798174087349,-34.4700800283571,-113.997 
			</coordinates>
		</LineString>
		<LineString>
			<coordinates>
				-70.8479817408745,-34.4700800283581,-113.997 -70.8480147068118,-34.4701020120168,-113.997 
			</coordinates>
		</LineString>
		<LineString>
			<coordinates>
				-70.8480147068128,-34.4701020120178,-113.997 -70.8482154536195,-34.4703987712297,-113.997 
			</coordinates>
		</LineString>
		<LineString>
			<coordinates>
				-70.8482154536205,-34.4703987712307,-113.997 -70.8482456063014,-34.4704480801012,-113.997 
			</coordinates>
		</LineString>
		<LineString>
			<coordinates>
				-70.8482456063024,-34.4704480801022,-113.997 -70.8482897009785,-34.470499045481,-113.997 
			</coordinates>
		</LineString>
		<LineString>
			<coordinates>
				-70.84828970097951,-34.470499045482,-113.997 -70.8483180040754,-34.4705385550908,-113.997 
			</coordinates>
		</LineString>
		<LineString>
			<coordinates>
				-70.8483180040763,-34.4705385550918,-113.997 -70.8483457899453,-34.4705721016622,-113.997 
			</coordinates>
		</LineString>
		<LineString>
			<coordinates>
				-70.84834578994629,-34.4705721016632,-113.997 -70.8483660631745,-34.4706054513681,-113.997 
			</coordinates>
		</LineString>
		<LineString>
			<coordinates>
				-70.8483660631755,-34.4706054513691,-113.997 -70.8483795581823,-34.4706274756215,-113.997 
			</coordinates>
		</LineString>
		<LineString>
			<coordinates>
				-70.8483795581833,-34.4706274756225,-113.997 -70.8483902671839,-34.4706359334745,-113.997 
			</coordinates>
		</LineString>
		<LineString>
			<coordinates>
				-70.8483902671849,-34.4706359334755,-113.997 -70.848425368261,-34.4706735278146,-113.997 
			</coordinates>
		</LineString>
		<LineString>
			<coordinates>
				-70.848425368262,-34.4706735278156,-113.997 -70.84844726866299,-34.4707203543882,-113.997 
			</coordinates>
		</LineString>
		<LineString>
			<coordinates>
				-70.848447268664,-34.4707203543892,-113.997 -70.84844897620231,-34.4707375898193,-113.997 
			</coordinates>
		</LineString>
		<LineString>
			<coordinates>
				-70.8484489762033,-34.4707375898203,-113.997 -70.8484608915776,-34.4707654890921,-113.997 
			</coordinates>
		</LineString>
		<LineString>
			<coordinates>
				-70.8484608915786,-34.4707654890931,-113.997 -70.84847682167209,-34.4707980316118,-113.997 
			</coordinates>
		</LineString>
		<LineString>
			<coordinates>
				-70.8484768216731,-34.4707980316128,-113.997 -70.8484877109977,-34.4708477973428,-113.997 
			</coordinates>
		</LineString>
		<LineString>
			<coordinates>
				-70.8484877109987,-34.4708477973438,-113.997 -70.8484909964907,-34.4708749844205,-113.997 
			</coordinates>
		</LineString>
		<LineString>
			<coordinates>
				-70.84849099649171,-34.4708749844215,-113.997 -70.8485135709674,-34.4709311887018,-113.997 
			</coordinates>
		</LineString>
		<LineString>
			<coordinates>
				-70.84851357096839,-34.4709311887028,-113.997 -70.8485132551085,-34.4709327530229,-113.997 
			</coordinates>
		</LineString>
		<LineString>
			<coordinates>
				-70.84851325510949,-34.4709327530239,-113.997 -70.84852338053869,-34.4709522058789,-113.997 
			</coordinates>
		</LineString>
		<LineString>
			<coordinates>
				-70.8485233805397,-34.4709522058799,-113.997 -70.8485287347272,-34.470965263466,-113.997 
			</coordinates>
		</LineString>
		<LineString>
			<coordinates>
				-70.84852873472821,-34.470965263467,-113.997 -70.8485349545693,-34.4709911254006,-113.997 
			</coordinates>
		</LineString>
		<LineString>
			<coordinates>
				-70.8485349545703,-34.4709911254016,-113.997 -70.84853293853401,-34.4710110865813,-113.997 
			</coordinates>
		</LineString>
		<LineString>
			<coordinates>
				-70.848532938535,-34.4710110865823,-113.997 -70.8485166811578,-34.4710389462392,-113.997 
			</coordinates>
		</LineString>
		<LineString>
			<coordinates>
				-70.8485166811588,-34.4710389462402,-113.997 -70.8485251701028,-34.4710665476446,-113.997 
			</coordinates>
		</LineString>
		<LineString>
			<coordinates>
				-70.8485251701038,-34.4710665476456,-113.997 -70.8485315400562,-34.471132270599,-113.997 
			</coordinates>
		</LineString>
		<LineString>
			<coordinates>
				-70.84853154005719,-34.4711322706,-113.997 -70.8485353323853,-34.4711511700336,-113.997 
			</coordinates>
		</LineString>
		<LineString>
			<coordinates>
				-70.84853533238621,-34.4711511700346,-113.997 -70.8485393423808,-34.4711854445136,-113.997 
			</coordinates>
		</LineString>
		<LineString>
			<coordinates>
				-70.8485393423818,-34.4711854445146,-113.997 -70.84854720838121,-34.4712300195864,-113.997 
			</coordinates>
		</LineString>
		<LineString>
			<coordinates>
				-70.8485472083822,-34.4712300195874,-113.997 -70.8485642115657,-34.4712801432271,-113.997 
			</coordinates>
		</LineString>
		<LineString>
			<coordinates>
				-70.8485642115667,-34.4712801432281,-113.997 -70.8485949684863,-34.4713447841167,-113.997 
			</coordinates>
		</LineString>
		<LineString>
			<coordinates>
				-70.8485949684873,-34.4713447841177,-113.997 -70.84861979449759,-34.4713977320139,-113.997 
			</coordinates>
		</LineString>
		<LineString>
			<coordinates>
				-70.8486197944986,-34.4713977320149,-113.997 -70.84865542252891,-34.4714720599859,-113.997 
			</coordinates>
		</LineString>
		<LineString>
			<coordinates>
				-70.8486554225298,-34.4714720599869,-113.997 -70.848685078152,-34.4715257581556,-113.997 
			</coordinates>
		</LineString>
		<LineString>
			<coordinates>
				-70.848685078153,-34.4715257581566,-113.997 -70.8487217972645,-34.4715974813136,-113.997 
			</coordinates>
		</LineString>
		<LineString>
			<coordinates>
				-70.8487217972655,-34.4715974813146,-113.997 -70.8487485500041,-34.4716497371437,-113.997 
			</coordinates>
		</LineString>
		<LineString>
			<coordinates>
				-70.8487485500051,-34.4716497371447,-113.997 -70.8487997539421,-34.4717077588711,-113.997 
			</coordinates>
		</LineString>
		<LineString>
			<coordinates>
				-70.8487997539431,-34.4717077588721,-113.997 -70.84885107493849,-34.4717408136408,-113.997 
			</coordinates>
		</LineString>
		<LineString>
			<coordinates>
				-70.8488510749395,-34.4717408136418,-113.997 -70.84891937693369,-34.4717622301678,-113.997 
			</coordinates>
		</LineString>
		<LineString>
			<coordinates>
				-70.8489193769347,-34.4717622301688,-113.997 -70.8489801318498,-34.4717787683251,-113.997 
			</coordinates>
		</LineString>
		<LineString>
			<coordinates>
				-70.84898013185079,-34.4717787683261,-113.997 -70.8497124288626,-34.4719438032447,-113.997 
			</coordinates>
		</LineString>
		<LineString>
			<coordinates>
				-70.8497124288636,-34.4719438032457,-113.997 -70.8504082300279,-34.4719095082234,-113.997 
			</coordinates>
		</LineString>
		<LineString>
			<coordinates>
				-70.8504082300289,-34.4719095082244,-113.997 -70.851173762149,-34.4717282875338,-113.997 
			</coordinates>
		</LineString>
		<LineString>
			<coordinates>
				-70.85117376215,-34.4717282875348,-113.997 -70.8514538054409,-34.471027756579,-113.997 
			</coordinates>
		</LineString>
		<LineString>
			<coordinates>
				-70.85145380544191,-34.47102775658,-113.997 -70.85164873638701,-34.4709737466516,-113.997 
			</coordinates>
		</LineString>
		<LineString>
			<coordinates>
				-70.851648736388,-34.4709737466526,-113.997 -70.8516963345305,-34.4709585681513,-113.997 
			</coordinates>
		</LineString>
		<LineString>
			<coordinates>
				-70.8517652803375,-34.4709702236408,-113.997 -70.85185523395219,-34.4710425002438,-113.997 
			</coordinates>
		</LineString>
		<LineString>
			<coordinates>
				-70.8518552339532,-34.4710425002448,-113.997 -70.85197454008799,-34.4711383609269,-113.997 
			</coordinates>
		</LineString>
		<LineString>
			<coordinates>
				-70.851974540089,-34.4711383609279,-113.997 -70.8525880987599,-34.4715542275372,-113.997 
			</coordinates>
		</LineString>
		<LineString>
			<coordinates>
				-70.8525880987609,-34.4715542275382,-113.997 -70.85367372385861,-34.4722900399766,-113.997 
			</coordinates>
		</LineString>
		<LineString>
			<coordinates>
				-70.8536737238596,-34.4722900399776,-113.997 -70.8538089650003,-34.4725191550182,-113.997 
			</coordinates>
		</LineString>
		<LineString>
			<coordinates>
				-70.85380896500131,-34.4725191550192,-113.997 -70.8543166916418,-34.47318841381,-113.997 
			</coordinates>
		</LineString>
		<LineString>
			<coordinates>
				-70.85431669164279,-34.473188413811,-113.997 -70.8548219125332,-34.4740351567585,-113.997 
			</coordinates>
		</LineString>
		<LineString>
			<coordinates>
				-70.85482191253421,-34.4740351567595,-113.997 -70.8548940175659,-34.4744061444419,-113.997 
			</coordinates>
		</LineString>
		<LineString>
			<coordinates>
				-70.85489401756691,-34.4744061444429,-113.997 -70.8550480235176,-34.4746711456273,-113.997 
			</coordinates>
		</LineString>
		<LineString>
			<coordinates>
				-70.85504802351861,-34.4746711456283,-113.997 -70.8550646905,-34.4755536666965,-113.997 
			</coordinates>
		</LineString>
		<LineString>
			<coordinates>
				-70.855064690501,-34.4755536666975,-113.997 -70.8553222181441,-34.4759451389089,-113.997 
			</coordinates>
		</LineString>
		<LineString>
			<coordinates>
				-70.8553222181451,-34.4759451389099,-113.997 -70.8550092216249,-34.4763299325991,-113.997 
			</coordinates>
		</LineString>
		<LineString>
			<coordinates>
				-70.85500922162591,-34.4763299326001,-113.997 -70.8550086767054,-34.4763314115401,-113.997 
			</coordinates>
		</LineString>
		<LineString>
			<coordinates>
				-70.8550086767064,-34.4763314115411,-113.997 -70.85498939193511,-34.4763843731722,-113.997 
			</coordinates>
		</LineString>
		<LineString>
			<coordinates>
				-70.8549893919361,-34.4763843731732,-113.997 -70.85478009161081,-34.4771874744596,-113.997 
			</coordinates>
		</LineString>
		<LineString>
			<coordinates>
				-70.8427982103141,-34.4742314262184,-113.997 -70.840297904498,-34.4743818013906,-113.997 
			</coordinates>
		</LineString>
		<LineString>
			<coordinates>
				-70.840240928553,-34.4744294292764,-113.997 -70.8391801467959,-34.4744945561469,-113.997 
			</coordinates>
		</LineString>
		<LineString>
			<coordinates>
				-70.8427121179467,-34.4737846869802,-113.997 -70.84021298450151,-34.4739349751432,-113.997 
			</coordinates>
		</LineString>
		<LineString>
			<coordinates>
				-70.8401517941511,-34.4739656544484,-113.997 -70.8390902602375,-34.4740298491704,-113.997 
			</coordinates>
		</LineString>
		<LineString>
			<coordinates>
				-70.8426260224693,-34.4733379261535,-113.997 -70.84012617160521,-34.4734882560627,-113.997 
			</coordinates>
		</LineString>
		<LineString>
			<coordinates>
				-70.84006245595739,-34.4735008133777,-113.997 -70.8389986206453,-34.4735655387377,-113.997 
			</coordinates>
		</LineString>
		<LineString>
			<coordinates>
				-70.8391260351021,-34.474218044718,-113.997 -70.83796367540199,-34.4742863949941,-113.997 
			</coordinates>
		</LineString>
		<LineString>
			<coordinates>
				-70.8390503084666,-34.4738263733929,-113.997 -70.83771034134961,-34.4739051658792,-113.997 
			</coordinates>
		</LineString>
		<LineString>
			<coordinates>
				-70.8389816244399,-34.473479386246,-113.997 -70.8375363485296,-34.473564369799,-113.997 
			</coordinates>
		</LineString>
		<LineString>
			<coordinates>
				-70.83885049121611,-34.4731403181174,-113.997 -70.837400505611,-34.4732256613587,-113.997 
			</coordinates>
		</LineString>
		<LineString>
			<coordinates>
				-70.83812710339519,-34.4728725450808,-113.997 -70.8373622661332,-34.4729177960353,-113.997 
			</coordinates>
		</LineString>
		<LineString>
			<coordinates>
				-70.8436992671672,-34.4744762365388,-113.997 -70.843831224509,-34.4751546481375,-113.997 
			</coordinates>
		</LineString>
		<LineString>
			<coordinates>
				-70.8429208777865,-34.4745247439143,-113.997 -70.8454870463331,-34.4743648074509,-113.997 
			</coordinates>
		</LineString>
		<LineString>
			<coordinates>
				-70.8428467975228,-34.4741403413329,-113.997 -70.84539277035709,-34.473981409109,-113.997 
			</coordinates>
		</LineString>
		<LineString>
			<coordinates>
				-70.8454916546581,-34.474112530916,-113.997 -70.8467078893332,-34.4740371969172,-113.997 
			</coordinates>
		</LineString>
		<LineString>
			<coordinates>
				-70.8527403305817,-34.472962414807,-113.997 -70.85245355687969,-34.4730917920041,-113.997 
			</coordinates>
		</LineString>
		<LineString>
			<coordinates>
				-70.8524760193278,-34.4725642363504,-113.997 -70.8521910959162,-34.4726927785599,-113.997 
			</coordinates>
		</LineString>
		<LineString>
			<coordinates>
				-70.85214162022019,-34.4720522069528,-113.997 -70.8518548485771,-34.4721815826918,-113.997 
			</coordinates>
		</LineString>
		<LineString>
			<coordinates>
				-70.85437530331011,-34.4765785690124,-113.997 -70.8546620855131,-34.4764491870815,-113.997 
			</coordinates>
		</LineString>
		<LineString>
			<coordinates>
				-70.849743922069,-34.4801407065756,-113.997 -70.8501531118976,-34.4801213034509,-113.997 
			</coordinates>
		</LineString>
		<LineString>
			<coordinates>
				-70.84921525367341,-34.4754290961607,-113.997 -70.8490900438436,-34.4751554399395,-113.997 
			</coordinates>
		</LineString>
		<LineString>
			<coordinates>
				-70.8490900438446,-34.4751554399405,-113.997 -70.8487594169915,-34.4748836540009,-113.997 
			</coordinates>
		</LineString>
		<LineString>
			<coordinates>
				-70.84875941699249,-34.4748836540019,-113.997 -70.8485143352799,-34.4746300720645,-113.997 
			</coordinates>
		</LineString>
		<LineString>
			<coordinates>
				-70.8485143352809,-34.4746300720656,-113.997 -70.8484655861909,-34.4745168209759,-113.997 
			</coordinates>
		</LineString>
		<LineString>
			<coordinates>
				-70.84868573547691,-34.4716656084088,-113.997 -70.84875570945501,-34.4717448994621,-113.997 
			</coordinates>
		</LineString>
		<LineString>
			<coordinates>
				-70.84856198313901,-34.4761063012367,-113.997 -70.8487928659337,-34.4761738659544,-113.997 
			</coordinates>
		</LineString>
		<LineString>
			<coordinates>
				-70.8465862905705,-34.4735850011021,-113.997 -70.84785158201269,-34.4735091108632,-113.997 
			</coordinates>
		</LineString>
		<LineString>
			<coordinates>
				-70.84603543728819,-34.4755058037151,-113.997 -70.8465724539639,-34.4757467970946,-113.997 
			</coordinates>
		</LineString>
		<LineString>
			<coordinates>
				-70.8483083345177,-34.4756742222143,-113.997 -70.8487524835821,-34.4758491364418,-113.997 
			</coordinates>
		</LineString>
		<LineString>
			<coordinates>
				-70.8480096646183,-34.4752189086519,-113.997 -70.84904177680809,-34.4751157630499,-113.997 
			</coordinates>
		</LineString>
		<LineString>
			<coordinates>
				-70.84926369709849,-34.4754249173562,-113.997 -70.8499466269658,-34.475356661788,-113.997 
			</coordinates>
		</LineString>
		<LineString>
			<coordinates>
				-70.8479586050651,-34.4745674857961,-113.997 -70.8482037310831,-34.4745429895599,-113.997 
			</coordinates>
		</LineString>
		<LineString>
			<coordinates>
				-70.8507823345537,-34.4718774759367,-113.997 -70.8504219624029,-34.4719630171402,-113.997 
			</coordinates>
		</LineString>
		<LineString>
			<coordinates>
				-70.8504219624039,-34.4719630171412,-113.997 -70.84970561585089,-34.4719983248259,-113.997 
			</coordinates>
		</LineString>
		<LineString>
			<coordinates>
				-70.8497056158518,-34.4719983248269,-113.997 -70.8489629824097,-34.4718309604719,-113.997 
			</coordinates>
		</LineString>
		<LineString>
			<coordinates>
				-70.8489629824107,-34.4718309604729,-113.997 -70.84889625128351,-34.4718128160669,-113.997 
			</coordinates>
		</LineString>
		<LineString>
			<coordinates>
				-70.8488962512845,-34.4718128160679,-113.997 -70.8488935797934,-34.4718119784051,-113.997 
			</coordinates>
		</LineString>
		<LineString>
			<coordinates>
				-70.8488367657702,-34.4718345251854,-113.997 -70.8490998941168,-34.4733951662393,-113.997 
			</coordinates>
		</LineString>
		<LineString>
			<coordinates>
				-70.84904336464,-34.4730598898247,-113.997 -70.84915199928081,-34.4737041992903,-113.997 
			</coordinates>
		</LineString>
		<LineString>
			<coordinates>
				-70.8491519992818,-34.4737041992913,-113.997 -70.8491984438192,-34.4743505732302,-113.997 
			</coordinates>
		</LineString>
		<LineString>
			<coordinates>
				-70.8498680179944,-34.4743221760836,-113.997 -70.8505611769808,-34.4741428892267,-113.997 
			</coordinates>
		</LineString>
		<LineString>
			<coordinates>
				-70.8505611769818,-34.4741428892277,-113.997 -70.8514482065407,-34.4739323372841,-113.997 
			</coordinates>
		</LineString>
		<LineString>
			<coordinates>
				-70.85147806620191,-34.4738877374024,-113.997 -70.8507823345527,-34.4718774759357,-113.997 
			</coordinates>
		</LineString>
		<LineString>
			<coordinates>
				-70.84939058471539,-34.4744243763136,-113.997 -70.8494608595667,-34.475405212313,-113.997 
			</coordinates>
		</LineString>
		<LineString>
			<coordinates>
				-70.8499466269668,-34.475356661789,-113.997 -70.850301519496,-34.4753387832712,-113.997 
			</coordinates>
		</LineString>
		<LineString>
			<coordinates>
				-70.84926369709849,-34.4754249173562,-113.997 -70.8492152536725,-34.4754290961597,-113.997 
			</coordinates>
		</LineString>
		<LineString>
			<coordinates>
				-70.8496694043025,-34.4764748937886,-113.997 -70.84957054141709,-34.4763700042156,-113.997 
			</coordinates>
		</LineString>
		<LineString>
			<coordinates>
				-70.8465873052742,-34.474704514919,-113.997 -70.846845791801,-34.4757353708411,-113.997 
			</coordinates>
		</LineString>
		<LineString>
			<coordinates>
				-70.84792059229039,-34.4746076061519,-113.997 -70.8480262912213,-34.475333015705,-113.997 
			</coordinates>
		</LineString>
		<LineString>
			<coordinates>
				-70.8478557485025,-34.4746140860943,-113.997 -70.847961446277,-34.4753394915467,-113.997 
			</coordinates>
		</LineString>
		<LineString>
			<coordinates>
				-70.8466929838314,-34.473961843672,-113.997 -70.84682426475,-34.4746255156244,-113.997 
			</coordinates>
		</LineString>
		<LineString>
			<coordinates>
				-70.84745500092799,-34.4739184982218,-113.997 -70.84757992513219,-34.4745500055783,-113.997 
			</coordinates>
		</LineString>
		<LineString>
			<coordinates>
				-70.8453021487091,-34.4699014819069,-113.997 -70.8452356912083,-34.4699738194564,-113.997 
			</coordinates>
		</LineString>
		<LineString>
			<coordinates>
				-70.845250446759,-34.4700090838283,-113.997 -70.8452356912083,-34.4699738194564,-113.997 
			</coordinates>
		</LineString>
		<LineString>
			<coordinates>
				-70.8482876683324,-34.4737900070121,-113.997 -70.8490870500695,-34.4737101176585,-113.997 
			</coordinates>
		</LineString>
		<LineString>
			<coordinates>
				-70.8491519043001,-34.4737036359624,-113.997 -70.8498231340636,-34.4736365494742,-113.997 
			</coordinates>
		</LineString>
		<LineString>
			<coordinates>
				-70.84982313406459,-34.4736365494752,-113.997 -70.8501776279236,-34.4736190839399,-113.997 
			</coordinates>
		</LineString>
		<LineString>
			<coordinates>
				-70.84977598997909,-34.4729798502963,-113.997 -70.8501299611994,-34.4729624115052,-113.997 
			</coordinates>
		</LineString>
		<LineString>
			<coordinates>
				-70.84977598997909,-34.4729798502963,-113.997 -70.849043364639,-34.4730598898237,-113.997 
			</coordinates>
		</LineString>
		<LineString>
			<coordinates>
				-70.84973388801281,-34.4723933971255,-113.997 -70.84894551350111,-34.4724795272341,-113.997 
			</coordinates>
		</LineString>
		<LineString>
			<coordinates>
				-70.84973388801281,-34.4723933971255,-113.997 -70.8500873942546,-34.4723759837044,-113.997 
			</coordinates>
		</LineString>
		<LineString>
			<coordinates>
				-70.84769253433851,-34.4733682186111,-113.997 -70.8490072510358,-34.4732368304388,-113.997 
			</coordinates>
		</LineString>
		<LineString>
			<coordinates>
				-70.84775693179159,-34.472953164598,-113.997 -70.8489394979437,-34.4728349827084,-113.997 
			</coordinates>
		</LineString>
		<LineString>
			<coordinates>
				-70.8476569515594,-34.4725091350106,-113.997 -70.8488642175968,-34.472388485132,-113.997 
			</coordinates>
		</LineString>
		<LineString>
			<coordinates>
				-70.8486662468782,-34.4716275414943,-113.997 -70.8474803318269,-34.4717501413632,-113.997 
			</coordinates>
		</LineString>
		<LineString>
			<coordinates>
				-70.84739635691651,-34.4721403914708,-113.997 -70.84879795931229,-34.4719954940259,-113.997 
			</coordinates>
		</LineString>
		<LineString>
			<coordinates>
				-70.84710324035861,-34.4714075534464,-113.997 -70.84849143144859,-34.4712655804314,-113.997 
			</coordinates>
		</LineString>
		<LineString>
			<coordinates>
				-70.8484564877328,-34.4709603296634,-113.997 -70.8466308748731,-34.4711482189846,-113.997 
			</coordinates>
		</LineString>
		<LineString>
			<coordinates>
				-70.84836493143,-34.4706972219335,-113.997 -70.84648115181579,-34.4708910962186,-113.997 
			</coordinates>
		</LineString>
		<LineString>
			<coordinates>
				-70.8481486056974,-34.4704106185151,-113.997 -70.8468823895753,-34.4705409358968,-113.997 
			</coordinates>
		</LineString>
		<LineString>
			<coordinates>
				-70.85001125477569,-34.4713203878517,-113.997 -70.8486157755555,-34.4713891605845,-113.997 
			</coordinates>
		</LineString>
		<LineString>
			<coordinates>
				-70.8500547993136,-34.4719269288049,-113.997 -70.84996161959729,-34.4706289873184,-113.997 
			</coordinates>
		</LineString>
		<LineString>
			<coordinates>
				-70.8499798265422,-34.4708830318578,-113.997 -70.84852442662449,-34.4709547570327,-113.997 
			</coordinates>
		</LineString>
		<LineString>
			<coordinates>
				-70.84945110613241,-34.4704665729336,-113.997 -70.8483068335854,-34.4705229616896,-113.997 
			</coordinates>
		</LineString>
		<LineString>
			<coordinates>
				-70.8464271668855,-34.4676021399054,-113.997 -70.8456071618716,-34.4663478211704,-113.997 
			</coordinates>
		</LineString>
		<LineString>
			<coordinates>
				-70.84945110613241,-34.4704665729336,-113.997 -70.8497516522488,-34.4703244454288,-113.997 
			</coordinates>
		</LineString>
		<LineString>
			<coordinates>
				-70.8493468441462,-34.4697372940488,-113.997 -70.84815064418591,-34.4703029652691,-113.997 
			</coordinates>
		</LineString>
		<LineString>
			<coordinates>
				-70.8490769753017,-34.4693458589182,-113.997 -70.8478705704123,-34.4699163547922,-113.997 
			</coordinates>
		</LineString>
		<LineString>
			<coordinates>
				-70.8488071090366,-34.4689544230863,-113.997 -70.8475853432421,-34.4695321817531,-113.997 
			</coordinates>
		</LineString>
		<LineString>
			<coordinates>
				-70.8485372453511,-34.4685629865531,-113.997 -70.84746618337761,-34.4690694792767,-113.997 
			</coordinates>
		</LineString>
		<LineString>
			<coordinates>
				-70.84743764666931,-34.4697209788698,-113.997 -70.8475379357324,-34.4695727329968,-113.997 
			</coordinates>
		</LineString>
		<LineString>
			<coordinates>
				-70.8464271668855,-34.4676021399054,-113.997 -70.847378368628,-34.4685868883973,-113.997 
			</coordinates>
		</LineString>
		<LineString>
			<coordinates>
				-70.84020641490849,-34.4613216583029,-113.997 -70.8402468650378,-34.4614120885383,-113.997 
			</coordinates>
		</LineString>
		<LineString>
			<coordinates>
				-70.84024686503879,-34.4614120885393,-113.997 -70.84024162127901,-34.4615444489851,-113.997 
			</coordinates>
		</LineString>
		<LineString>
			<coordinates>
				-70.84024162128,-34.4615444489861,-113.997 -70.84025187567531,-34.4616291629745,-113.997 
			</coordinates>
		</LineString>
		<LineString>
			<coordinates>
				-70.8402518756763,-34.4616291629755,-113.997 -70.8402681439137,-34.4616881726546,-113.997 
			</coordinates>
		</LineString>
		<LineString>
			<coordinates>
				-70.8402681439147,-34.4616881726556,-113.997 -70.8402901308192,-34.4617793479404,-113.997 
			</coordinates>
		</LineString>
		<LineString>
			<coordinates>
				-70.84029013082019,-34.4617793479415,-113.997 -70.840323536,-34.4618722821161,-113.997 
			</coordinates>
		</LineString>
		<LineString>
			<coordinates>
				-70.84032353600099,-34.4618722821171,-113.997 -70.840324770992,-34.461964077175,-113.997 
			</coordinates>
		</LineString>
		<LineString>
			<coordinates>
				-70.84032477099301,-34.461964077176,-113.997 -70.84043122290529,-34.462257834418,-113.997 
			</coordinates>
		</LineString>
		<LineString>
			<coordinates>
				-70.84102643741051,-34.4624910113432,-113.997 -70.8413544195039,-34.4628146400451,-113.997 
			</coordinates>
		</LineString>
		<LineString>
			<coordinates>
				-70.8413544195049,-34.4628146400461,-113.997 -70.8417338677169,-34.4630530984651,-113.997 
			</coordinates>
		</LineString>
		<LineString>
			<coordinates>
				-70.84173386771791,-34.4630530984661,-113.997 -70.8417978516877,-34.4630953579799,-113.997 
			</coordinates>
		</LineString>
		<LineString>
			<coordinates>
				-70.8417978516887,-34.4630953579809,-113.997 -70.84206376438669,-34.4632587770144,-113.997 
			</coordinates>
		</LineString>
		<LineString>
			<coordinates>
				-70.8420637643877,-34.4632587770154,-113.997 -70.8421387056992,-34.4633220334128,-113.997 
			</coordinates>
		</LineString>
		<LineString>
			<coordinates>
				-70.84213870570019,-34.4633220334138,-113.997 -70.84216077880269,-34.4633447493806,-113.997 
			</coordinates>
		</LineString>
		<LineString>
			<coordinates>
				-70.8421607788037,-34.4633447493816,-113.997 -70.8421915370177,-34.4633663621497,-113.997 
			</coordinates>
		</LineString>
		<LineString>
			<coordinates>
				-70.84219153701871,-34.4633663621508,-113.997 -70.842254688178,-34.4634135623353,-113.997 
			</coordinates>
		</LineString>
		<LineString>
			<coordinates>
				-70.842254688179,-34.4634135623363,-113.997 -70.8422778201206,-34.4634255509829,-113.997 
			</coordinates>
		</LineString>
		<LineString>
			<coordinates>
				-70.84227782012159,-34.4634255509839,-113.997 -70.8422992368496,-34.4634388204287,-113.997 
			</coordinates>
		</LineString>
		<LineString>
			<coordinates>
				-70.84229923685059,-34.4634388204297,-113.997 -70.8424388364615,-34.4635026583168,-113.997 
			</coordinates>
		</LineString>
		<LineString>
			<coordinates>
				-70.84243883646251,-34.4635026583178,-113.997 -70.8425273448522,-34.4635390439599,-113.997 
			</coordinates>
		</LineString>
		<LineString>
			<coordinates>
				-70.8425273448532,-34.4635390439609,-113.997 -70.8425804312435,-34.463540482685,-113.997 
			</coordinates>
		</LineString>
		<LineString>
			<coordinates>
				-70.8425804312445,-34.463540482686,-113.997 -70.84271016498769,-34.4635577048477,-113.997 
			</coordinates>
		</LineString>
		<LineString>
			<coordinates>
				-70.8427101649887,-34.4635577048487,-113.997 -70.84278885936079,-34.463580114867,-113.997 
			</coordinates>
		</LineString>
		<LineString>
			<coordinates>
				-70.8427888593618,-34.463580114868,-113.997 -70.8428195631702,-34.4635888119348,-113.997 
			</coordinates>
		</LineString>
		<LineString>
			<coordinates>
				-70.8428195631712,-34.4635888119358,-113.997 -70.8429105178525,-34.4635855235319,-113.997 
			</coordinates>
		</LineString>
		<LineString>
			<coordinates>
				-70.8429105178535,-34.4635855235329,-113.997 -70.8429331006577,-34.4635891391123,-113.997 
			</coordinates>
		</LineString>
		<LineString>
			<coordinates>
				-70.8429331006587,-34.4635891391133,-113.997 -70.8430307013255,-34.4635876099384,-113.997 
			</coordinates>
		</LineString>
		<LineString>
			<coordinates>
				-70.8430307013265,-34.4635876099394,-113.997 -70.8432298893039,-34.4637638348607,-113.997 
			</coordinates>
		</LineString>
		<LineString>
			<coordinates>
				-70.84322988930489,-34.4637638348617,-113.997 -70.8434983861425,-34.4640282975212,-113.997 
			</coordinates>
		</LineString>
		<LineString>
			<coordinates>
				-70.84349838614349,-34.4640282975222,-113.997 -70.8435063490659,-34.4641049442696,-113.997 
			</coordinates>
		</LineString>
		<LineString>
			<coordinates>
				-70.8435063490669,-34.4641049442706,-113.997 -70.84351314411251,-34.464204721472,-113.997 
			</coordinates>
		</LineString>
		<LineString>
			<coordinates>
				-70.8435131441135,-34.464204721473,-113.997 -70.8435131230746,-34.4642072141027,-113.997 
			</coordinates>
		</LineString>
		<LineString>
			<coordinates>
				-70.8435131230756,-34.4642072141037,-113.997 -70.843514099974,-34.4642086568701,-113.997 
			</coordinates>
		</LineString>
		<LineString>
			<coordinates>
				-70.843514099975,-34.4642086568711,-113.997 -70.84351951712659,-34.464217987918,-113.997 
			</coordinates>
		</LineString>
		<LineString>
			<coordinates>
				-70.8435195171276,-34.464217987919,-113.997 -70.8436474355407,-34.4644246231533,-113.997 
			</coordinates>
		</LineString>
		<LineString>
			<coordinates>
				-70.8436474355417,-34.4644246231543,-113.997 -70.84371295711939,-34.464540971884,-113.997 
			</coordinates>
		</LineString>
		<LineString>
			<coordinates>
				-70.8437129571204,-34.464540971885,-113.997 -70.8437838853166,-34.4646551351967,-113.997 
			</coordinates>
		</LineString>
		<LineString>
			<coordinates>
				-70.84378388531761,-34.4646551351977,-113.997 -70.843851054384,-34.4648031598636,-113.997 
			</coordinates>
		</LineString>
		<LineString>
			<coordinates>
				-70.843851054385,-34.4648031598646,-113.997 -70.84387690079291,-34.4648344599489,-113.997 
			</coordinates>
		</LineString>
		<LineString>
			<coordinates>
				-70.8438769007939,-34.4648344599499,-113.997 -70.8438918616631,-34.4648409402266,-113.997 
			</coordinates>
		</LineString>
		<LineString>
			<coordinates>
				-70.8438918616641,-34.4648409402276,-113.997 -70.8439429577964,-34.4648864552195,-113.997 
			</coordinates>
		</LineString>
		<LineString>
			<coordinates>
				-70.8439429577974,-34.4648864552205,-113.997 -70.84398027249441,-34.4649094803706,-113.997 
			</coordinates>
		</LineString>
		<LineString>
			<coordinates>
				-70.8439802724954,-34.4649094803716,-113.997 -70.8439991870835,-34.46492529167,-113.997 
			</coordinates>
		</LineString>
		<LineString>
			<coordinates>
				-70.84399918708441,-34.464925291671,-113.997 -70.8440321506442,-34.4649515979534,-113.997 
			</coordinates>
		</LineString>
		<LineString>
			<coordinates>
				-70.84403215064521,-34.4649515979544,-113.997 -70.84403276396429,-34.4649624729427,-113.997 
			</coordinates>
		</LineString>
		<LineString>
			<coordinates>
				-70.8440327639653,-34.4649624729437,-113.997 -70.84422148365969,-34.4651471902611,-113.997 
			</coordinates>
		</LineString>
		<LineString>
			<coordinates>
				-70.8442214836607,-34.4651471902621,-113.997 -70.8442964722588,-34.4652299545035,-113.997 
			</coordinates>
		</LineString>
		<LineString>
			<coordinates>
				-70.8442964722598,-34.4652299545045,-113.997 -70.8445383044733,-34.4653757269974,-113.997 
			</coordinates>
		</LineString>
		<LineString>
			<coordinates>
				-70.8445383044743,-34.4653757269984,-113.997 -70.8445729030243,-34.4653871835236,-113.997 
			</coordinates>
		</LineString>
		<LineString>
			<coordinates>
				-70.84457290302529,-34.4653871835246,-113.997 -70.8445823472837,-34.4653895943233,-113.997 
			</coordinates>
		</LineString>
		<LineString>
			<coordinates>
				-70.8445823472847,-34.4653895943243,-113.997 -70.84461295065179,-34.4653994536263,-113.997 
			</coordinates>
		</LineString>
		<LineString>
			<coordinates>
				-70.8446129506528,-34.4653994536273,-113.997 -70.84463479064119,-34.4653988654129,-113.997 
			</coordinates>
		</LineString>
		<LineString>
			<coordinates>
				-70.8446347906422,-34.4653988654139,-113.997 -70.8451295808939,-34.4656039863814,-113.997 
			</coordinates>
		</LineString>
		<LineString>
			<coordinates>
				-70.84512958089491,-34.4656039863824,-113.997 -70.8452641908448,-34.4657096027267,-113.997 
			</coordinates>
		</LineString>
		<LineString>
			<coordinates>
				-70.8452641908458,-34.4657096027277,-113.997 -70.8453844045894,-34.4658934932529,-113.997 
			</coordinates>
		</LineString>
		<LineString>
			<coordinates>
				-70.8453844045904,-34.4658934932539,-113.997 -70.84648213066311,-34.4675726360389,-113.997 
			</coordinates>
		</LineString>
		<LineString>
			<coordinates>
				-70.8464821306641,-34.4675726360399,-113.997 -70.8474431071396,-34.4685674150221,-113.997 
			</coordinates>
		</LineString>
		<LineString>
			<coordinates>
				-70.84744310714061,-34.4685674150231,-113.997 -70.84746720999129,-34.4690918148549,-113.997 
			</coordinates>
		</LineString>
		<LineString>
			<coordinates>
				-70.8474091054015,-34.4690923924767,-113.997 -70.84738625523541,-34.468595239777,-113.997 
			</coordinates>
		</LineString>
		<LineString>
			<coordinates>
				-70.84737836862899,-34.4685868883983,-113.997 -70.84738625523541,-34.468595239777,-113.997 
			</coordinates>
		</LineString>
		<LineString>
			<coordinates>
				-70.8478328517495,-34.4675412446402,-113.997 -70.84996161959729,-34.4706289873184,-113.997 
			</coordinates>
		</LineString>
		<LineString>
			<coordinates>
				-70.8467356942006,-34.469266537892,-113.997 -70.8465207871358,-34.4693532285577,-113.997 
			</coordinates>
		</LineString>
		<LineString>
			<coordinates>
				-70.8465207871368,-34.4693532285587,-113.997 -70.84645038032031,-34.4695015017557,-113.997 
			</coordinates>
		</LineString>
		<LineString>
			<coordinates>
				-70.8464503803213,-34.4695015017567,-113.997 -70.8464381443991,-34.4695417877,-113.997 
			</coordinates>
		</LineString>
		<LineString>
			<coordinates>
				-70.8464381444001,-34.469541787701,-113.997 -70.8462776142791,-34.4696724841206,-113.997 
			</coordinates>
		</LineString>
		<LineString>
			<coordinates>
				-70.8462776142801,-34.4696724841216,-113.997 -70.8461652579057,-34.4697419093597,-113.997 
			</coordinates>
		</LineString>
		<LineString>
			<coordinates>
				-70.8461652579067,-34.4697419093607,-113.997 -70.84608960119159,-34.4697790931341,-113.997 
			</coordinates>
		</LineString>
		<LineString>
			<coordinates>
				-70.8460896011926,-34.4697790931351,-113.997 -70.8458677420771,-34.4699592174554,-113.997 
			</coordinates>
		</LineString>
		<LineString>
			<coordinates>
				-70.845733346706,-34.4699549618468,-113.997 -70.84566676599221,-34.4698919532329,-113.997 
			</coordinates>
		</LineString>
		<LineString>
			<coordinates>
				-70.8456667659932,-34.4698919532339,-113.997 -70.8455309917082,-34.4698112850475,-113.997 
			</coordinates>
		</LineString>
		<LineString>
			<coordinates>
				-70.8455309917092,-34.4698112850485,-113.997 -70.8454190368863,-34.4698319040109,-113.997 
			</coordinates>
		</LineString>
		<LineString>
			<coordinates>
				-70.845354834611,-34.4697895565982,-113.997 -70.8453493512354,-34.4695534218453,-113.997 
			</coordinates>
		</LineString>
		<LineString>
			<coordinates>
				-70.84534935123639,-34.4695534218463,-113.997 -70.8453128786611,-34.4694651321267,-113.997 
			</coordinates>
		</LineString>
		<LineString>
			<coordinates>
				-70.8453128786621,-34.4694651321277,-113.997 -70.8451935049131,-34.4694162142308,-113.997 
			</coordinates>
		</LineString>
		<LineString>
			<coordinates>
				-70.84519350491411,-34.4694162142318,-113.997 -70.8448999992724,-34.4693355166653,-113.997 
			</coordinates>
		</LineString>
		<LineString>
			<coordinates>
				-70.84489999927339,-34.4693355166663,-113.997 -70.8447460058668,-34.4692851654978,-113.997 
			</coordinates>
		</LineString>
		<LineString>
			<coordinates>
				-70.8447460058678,-34.4692851654988,-113.997 -70.8446409014376,-34.4691852289677,-113.997 
			</coordinates>
		</LineString>
		<LineString>
			<coordinates>
				-70.84464090143859,-34.4691852289687,-113.997 -70.84452740127711,-34.4689997264625,-113.997 
			</coordinates>
		</LineString>
		<LineString>
			<coordinates>
				-70.8445274012781,-34.4689997264635,-113.997 -70.84446852919849,-34.4688572442596,-113.997 
			</coordinates>
		</LineString>
		<LineString>
			<coordinates>
				-70.8444685291995,-34.4688572442606,-113.997 -70.8444305283934,-34.4687184294198,-113.997 
			</coordinates>
		</LineString>
		<LineString>
			<coordinates>
				-70.8444305283944,-34.4687184294208,-113.997 -70.8443839765755,-34.4685557372722,-113.997 
			</coordinates>
		</LineString>
		<LineString>
			<coordinates>
				-70.84438397657649,-34.4685557372732,-113.997 -70.8443944704614,-34.4683399090598,-113.997 
			</coordinates>
		</LineString>
		<LineString>
			<coordinates>
				-70.8443944704624,-34.4683399090608,-113.997 -70.8442961040199,-34.4680952508111,-113.997 
			</coordinates>
		</LineString>
		<LineString>
			<coordinates>
				-70.8442961040209,-34.4680952508121,-113.997 -70.84418284676011,-34.4679680278974,-113.997 
			</coordinates>
		</LineString>
		<LineString>
			<coordinates>
				-70.8441828467611,-34.4679680278984,-113.997 -70.8440792555806,-34.4678997984648,-113.997 
			</coordinates>
		</LineString>
		<LineString>
			<coordinates>
				-70.84407925558151,-34.4678997984658,-113.997 -70.8439412879336,-34.4675518142928,-113.997 
			</coordinates>
		</LineString>
		<LineString>
			<coordinates>
				-70.84926131781189,-34.4758414361017,-113.997 -70.8487524835821,-34.4758491364418,-113.997 
			</coordinates>
		</LineString>
		<LineString>
			<coordinates>
				-70.8374712463058,-34.4735711193753,-113.997 -70.83597160439641,-34.4737429728354,-113.997 
			</coordinates>
		</LineString>
		<LineString>
			<coordinates>
				-70.83734049524401,-34.4732897438053,-113.997 -70.8357015606916,-34.4733884994432,-113.997 
			</coordinates>
		</LineString>
		<LineString>
			<coordinates>
				-70.837303907029,-34.4729756276707,-113.997 -70.8357232971274,-34.4730708689739,-113.997 
			</coordinates>
		</LineString>
		<LineString>
			<coordinates>
				-70.8371390970086,-34.4726251606995,-113.997 -70.8358244707138,-34.4727043747002,-113.997 
			</coordinates>
		</LineString>
		<LineString>
			<coordinates>
				-70.83720380695731,-34.4722441200491,-113.997 -70.83588889060159,-34.4723099040995,-113.997 
			</coordinates>
		</LineString>
		<LineString>
			<coordinates>
				-70.8442039635991,-34.4744447823837,-113.997 -70.8441981711934,-34.474418197819,-113.997 
			</coordinates>
		</LineString>
		<LineString>
			<coordinates>
				-70.84419817119441,-34.47441819782,-113.997 -70.8441245280257,-34.474098391166,-113.997 
			</coordinates>
		</LineString>
		<LineString>
			<coordinates>
				-70.8441245280267,-34.474098391167,-113.997 -70.8440146977042,-34.4735959021498,-113.997 
			</coordinates>
		</LineString>
		<LineString>
			<coordinates>
				-70.84401469770511,-34.4735959021508,-113.997 -70.84395920509949,-34.4733333691257,-113.997 
			</coordinates>
		</LineString>
		<LineString>
			<coordinates>
				-70.8439592051005,-34.4733333691267,-113.997 -70.84384165468779,-34.4727980159376,-113.997 
			</coordinates>
		</LineString>
		<LineString>
			<coordinates>
				-70.8438416546888,-34.4727980159386,-113.997 -70.8437813603574,-34.4725160685318,-113.997 
			</coordinates>
		</LineString>
		<LineString>
			<coordinates>
				-70.84378136035831,-34.4725160685328,-113.997 -70.8437100307014,-34.4721776710731,-113.997 
			</coordinates>
		</LineString>
		<LineString>
			<coordinates>
				-70.8437100307024,-34.4721776710741,-113.997 -70.8436360037547,-34.4718139341174,-113.997 
			</coordinates>
		</LineString>
		<LineString>
			<coordinates>
				-70.84363600375571,-34.4718139341184,-113.997 -70.84358148441331,-34.4715360999029,-113.997 
			</coordinates>
		</LineString>
		<LineString>
			<coordinates>
				-70.8435814844143,-34.4715360999039,-113.997 -70.8434898607526,-34.4711155613757,-113.997 
			</coordinates>
		</LineString>
		<LineString>
			<coordinates>
				-70.836500257773,-34.4715118754385,-113.997 -70.83781311993231,-34.4714275748167,-113.997 
			</coordinates>
		</LineString>
		<LineString>
			<coordinates>
				-70.838988184592,-34.4791890465205,-113.997 -70.8379530388038,-34.4793408181856,-113.997 
			</coordinates>
		</LineString>
		<LineString>
			<coordinates>
				-70.8389513790468,-34.4787366799573,-113.997 -70.83774165096899,-34.4789140481058,-113.997 
			</coordinates>
		</LineString>
		<LineString>
			<coordinates>
				-70.8389205806978,-34.4782414198014,-113.997 -70.83753142277931,-34.478455040698,-113.997 
			</coordinates>
		</LineString>
		<LineString>
			<coordinates>
				-70.8388859658571,-34.4778150699957,-113.997 -70.83760096315061,-34.478003345808,-113.997 
			</coordinates>
		</LineString>
		<LineString>
			<coordinates>
				-70.8388404107706,-34.4773366985536,-113.997 -70.837559484266,-34.4775245065655,-113.997 
			</coordinates>
		</LineString>
		<LineString>
			<coordinates>
				-70.83889585500739,-34.4768708059322,-113.997 -70.8375610754096,-34.4770665109961,-113.997 
			</coordinates>
		</LineString>
		<LineString>
			<coordinates>
				-70.8387719397607,-34.4764312119383,-113.997 -70.8374928984295,-34.4766187444162,-113.997 
			</coordinates>
		</LineString>
		<LineString>
			<coordinates>
				-70.8386426429019,-34.4759924070296,-113.997 -70.8373636078726,-34.476179937961,-113.997 
			</coordinates>
		</LineString>
		<LineString>
			<coordinates>
				-70.8385133474987,-34.4755536019107,-113.997 -70.83723431877129,-34.4757411312957,-113.997 
			</coordinates>
		</LineString>
		<LineString>
			<coordinates>
				-70.8383840535511,-34.4751147965816,-113.997 -70.8370802240804,-34.4753059614422,-113.997 
			</coordinates>
		</LineString>
		<LineString>
			<coordinates>
				-70.83815749725559,-34.4746902521261,-113.997 -70.8368030396346,-34.4748888378899,-113.997 
			</coordinates>
		</LineString>
		<LineString>
			<coordinates>
				-70.8379010288746,-34.4743043101042,-113.997 -70.8365468003602,-34.4745032294226,-113.997 
			</coordinates>
		</LineString>
		<LineString>
			<coordinates>
				-70.83764781545391,-34.4739232620538,-113.997 -70.83626528859401,-34.4741284737152,-113.997 
			</coordinates>
		</LineString>
		<LineString>
			<coordinates>
				-70.8385496273027,-34.4668281643543,-113.997 -70.8385653568598,-34.4667887804206,-113.997 
			</coordinates>
		</LineString>
		<LineString>
			<coordinates>
				-70.8385653568608,-34.4667887804216,-113.997 -70.83852573185671,-34.4666314677491,-113.997 
			</coordinates>
		</LineString>
		<LineString>
			<coordinates>
				-70.8385257318577,-34.4666314677501,-113.997 -70.8385214825735,-34.4665354681424,-113.997 
			</coordinates>
		</LineString>
		<LineString>
			<coordinates>
				-70.83852148257451,-34.4665354681434,-113.997 -70.83852078722811,-34.466519671023,-113.997 
			</coordinates>
		</LineString>
		<LineString>
			<coordinates>
				-70.8385207872291,-34.466519671024,-113.997 -70.8385229069071,-34.4665113008842,-113.997 
			</coordinates>
		</LineString>
		<LineString>
			<coordinates>
				-70.8385229069081,-34.4665113008852,-113.997 -70.8385229468262,-34.4665105367897,-113.997 
			</coordinates>
		</LineString>
		<LineString>
			<coordinates>
				-70.8385229468272,-34.4665105367907,-113.997 -70.8385572368762,-34.4662086275935,-113.997 
			</coordinates>
		</LineString>
		<LineString>
			<coordinates>
				-70.83855723687719,-34.4662086275945,-113.997 -70.8385587919956,-34.4661918655691,-113.997 
			</coordinates>
		</LineString>
		<LineString>
			<coordinates>
				-70.8385587919966,-34.4661918655701,-113.997 -70.838567849927,-34.4661603498883,-113.997 
			</coordinates>
		</LineString>
		<LineString>
			<coordinates>
				-70.838567849928,-34.4661603498893,-113.997 -70.8385842478482,-34.4661372953631,-113.997 
			</coordinates>
		</LineString>
		<LineString>
			<coordinates>
				-70.8385842478492,-34.4661372953641,-113.997 -70.83863525437791,-34.4659536968066,-113.997 
			</coordinates>
		</LineString>
		<LineString>
			<coordinates>
				-70.8386352543789,-34.4659536968076,-113.997 -70.8387698217734,-34.4655076779382,-113.997 
			</coordinates>
		</LineString>
		<LineString>
			<coordinates>
				-70.8397477716469,-34.4663017116866,-113.997 -70.83970872687421,-34.4661965171762,-113.997 
			</coordinates>
		</LineString>
		<LineString>
			<coordinates>
				-70.8396892376194,-34.4661440090707,-113.997 -70.8396491778084,-34.4660360793819,-113.997 
			</coordinates>
		</LineString>
		<LineString>
			<coordinates>
				-70.83964917780941,-34.4660360793829,-113.997 -70.8396391002381,-34.4659891456669,-113.997 
			</coordinates>
		</LineString>
		<LineString>
			<coordinates>
				-70.8396391002391,-34.4659891456679,-113.997 -70.83960524535691,-34.4659150030113,-113.997 
			</coordinates>
		</LineString>
		<LineString>
			<coordinates>
				-70.8396052453579,-34.4659150030123,-113.997 -70.83953953081421,-34.4658194629046,-113.997 
			</coordinates>
		</LineString>
		<LineString>
			<coordinates>
				-70.8395395308152,-34.4658194629056,-113.997 -70.8394965849652,-34.465747076242,-113.997 
			</coordinates>
		</LineString>
		<LineString>
			<coordinates>
				-70.8394965849662,-34.465747076243,-113.997 -70.8394268867786,-34.4655310032843,-113.997 
			</coordinates>
		</LineString>
		<LineString>
			<coordinates>
				-70.83942688677961,-34.4655310032853,-113.997 -70.83942179194131,-34.4654300919079,-113.997 
			</coordinates>
		</LineString>
		<LineString>
			<coordinates>
				-70.8394217919423,-34.4654300919089,-113.997 -70.839434164919,-34.465360467403,-113.997 
			</coordinates>
		</LineString>
		<LineString>
			<coordinates>
				-70.83943416491999,-34.465360467404,-113.997 -70.8394515907319,-34.4653191446258,-113.997 
			</coordinates>
		</LineString>
		<LineString>
			<coordinates>
				-70.83945159073291,-34.4653191446268,-113.997 -70.8394717387872,-34.4652531467507,-113.997 
			</coordinates>
		</LineString>
		<LineString>
			<coordinates>
				-70.83947173878811,-34.4652531467517,-113.997 -70.8394892500085,-34.4651899205797,-113.997 
			</coordinates>
		</LineString>
		<LineString>
			<coordinates>
				-70.83948925000939,-34.4651899205807,-113.997 -70.8395103025248,-34.4651278853817,-113.997 
			</coordinates>
		</LineString>
		<LineString>
			<coordinates>
				-70.8395103025258,-34.4651278853827,-113.997 -70.8395357678757,-34.4650643915958,-113.997 
			</coordinates>
		</LineString>
		<LineString>
			<coordinates>
				-70.8395357678767,-34.4650643915968,-113.997 -70.8395691754238,-34.4650070312223,-113.997 
			</coordinates>
		</LineString>
		<LineString>
			<coordinates>
				-70.8395691754248,-34.4650070312233,-113.997 -70.83960035413629,-34.4649496043093,-113.997 
			</coordinates>
		</LineString>
		<LineString>
			<coordinates>
				-70.8396003541373,-34.4649496043103,-113.997 -70.8396343905271,-34.4649164384803,-113.997 
			</coordinates>
		</LineString>
		<LineString>
			<coordinates>
				-70.8396343905281,-34.4649164384813,-113.997 -70.8396854448244,-34.4648653394956,-113.997 
			</coordinates>
		</LineString>
		<LineString>
			<coordinates>
				-70.83968544482541,-34.4648653394966,-113.997 -70.83973635884701,-34.4648150441734,-113.997 
			</coordinates>
		</LineString>
		<LineString>
			<coordinates>
				-70.839736358848,-34.4648150441744,-113.997 -70.8397899335521,-34.4647658466612,-113.997 
			</coordinates>
		</LineString>
		<LineString>
			<coordinates>
				-70.83978993355311,-34.4647658466622,-113.997 -70.83984734982251,-34.464717734586,-113.997 
			</coordinates>
		</LineString>
		<LineString>
			<coordinates>
				-70.8398473498235,-34.464717734587,-113.997 -70.8398964550845,-34.4646765866727,-113.997 
			</coordinates>
		</LineString>
		<LineString>
			<coordinates>
				-70.83989645508549,-34.4646765866737,-113.997 -70.8399294887747,-34.4646489059518,-113.997 
			</coordinates>
		</LineString>
		<LineString>
			<coordinates>
				-70.8399294887757,-34.4646489059528,-113.997 -70.8399616801391,-34.4646402981561,-113.997 
			</coordinates>
		</LineString>
		<LineString>
			<coordinates>
				-70.83996168014011,-34.4646402981571,-113.997 -70.8399937437931,-34.4646357656847,-113.997 
			</coordinates>
		</LineString>
		<LineString>
			<coordinates>
				-70.8399937437941,-34.4646357656857,-113.997 -70.8400145535996,-34.4646357980988,-113.997 
			</coordinates>
		</LineString>
		<LineString>
			<coordinates>
				-70.8400145536006,-34.4646357980998,-113.997 -70.8400755707444,-34.4646363217452,-113.997 
			</coordinates>
		</LineString>
		<LineString>
			<coordinates>
				-70.8400755707454,-34.4646363217462,-113.997 -70.8401518314032,-34.4646306032812,-113.997 
			</coordinates>
		</LineString>
		<LineString>
			<coordinates>
				-70.8401518314042,-34.4646306032822,-113.997 -70.8402382931333,-34.4646189829061,-113.997 
			</coordinates>
		</LineString>
		<LineString>
			<coordinates>
				-70.84023829313431,-34.4646189829071,-113.997 -70.84033254525509,-34.4645876479569,-113.997 
			</coordinates>
		</LineString>
		<LineString>
			<coordinates>
				-70.8403325452561,-34.4645876479579,-113.997 -70.8404172157843,-34.464549801973,-113.997 
			</coordinates>
		</LineString>
		<LineString>
			<coordinates>
				-70.84041721578529,-34.464549801974,-113.997 -70.84050852796111,-34.464487264464,-113.997 
			</coordinates>
		</LineString>
		<LineString>
			<coordinates>
				-70.8405085279621,-34.464487264465,-113.997 -70.8405610311648,-34.4644124017038,-113.997 
			</coordinates>
		</LineString>
		<LineString>
			<coordinates>
				-70.84056103116581,-34.4644124017048,-113.997 -70.84060182490489,-34.4643111498627,-113.997 
			</coordinates>
		</LineString>
		<LineString>
			<coordinates>
				-70.8406018249059,-34.4643111498637,-113.997 -70.8406276796827,-34.4642130953397,-113.997 
			</coordinates>
		</LineString>
		<LineString>
			<coordinates>
				-70.84062767968361,-34.4642130953407,-113.997 -70.8406470776177,-34.4641143933641,-113.997 
			</coordinates>
		</LineString>
		<LineString>
			<coordinates>
				-70.8406470776187,-34.4641143933651,-113.997 -70.84067343664719,-34.4639864574181,-113.997 
			</coordinates>
		</LineString>
		<LineString>
			<coordinates>
				-70.8406734366482,-34.4639864574191,-113.997 -70.840680099894,-34.4639034032266,-113.997 
			</coordinates>
		</LineString>
		<LineString>
			<coordinates>
				-70.840680099895,-34.4639034032276,-113.997 -70.8406766090567,-34.4637881619791,-113.997 
			</coordinates>
		</LineString>
		<LineString>
			<coordinates>
				-70.8406766090577,-34.4637881619801,-113.997 -70.8406673968302,-34.4636517268617,-113.997 
			</coordinates>
		</LineString>
		<LineString>
			<coordinates>
				-70.84066739683119,-34.4636517268628,-113.997 -70.8406231259418,-34.4635294769791,-113.997 
			</coordinates>
		</LineString>
		<LineString>
			<coordinates>
				-70.8406231259428,-34.4635294769801,-113.997 -70.8405245621308,-34.4634379698972,-113.997 
			</coordinates>
		</LineString>
		<LineString>
			<coordinates>
				-70.8405245621318,-34.4634379698982,-113.997 -70.8403971033386,-34.4633863048136,-113.997 
			</coordinates>
		</LineString>
		<LineString>
			<coordinates>
				-70.8403971033396,-34.4633863048146,-113.997 -70.8403011526584,-34.4633005574267,-113.997 
			</coordinates>
		</LineString>
		<LineString>
			<coordinates>
				-70.84030115265941,-34.4633005574277,-113.997 -70.84026570187579,-34.4631765211448,-113.997 
			</coordinates>
		</LineString>
		<LineString>
			<coordinates>
				-70.8402657018768,-34.4631765211458,-113.997 -70.8402793949405,-34.4630501459678,-113.997 
			</coordinates>
		</LineString>
		<LineString>
			<coordinates>
				-70.8402793949414,-34.4630501459688,-113.997 -70.8403294074235,-34.4629191072251,-113.997 
			</coordinates>
		</LineString>
		<LineString>
			<coordinates>
				-70.84032940742451,-34.4629191072261,-113.997 -70.8403986357236,-34.4627985329484,-113.997 
			</coordinates>
		</LineString>
		<LineString>
			<coordinates>
				-70.8403986357246,-34.4627985329494,-113.997 -70.8404215060491,-34.4627341505156,-113.997 
			</coordinates>
		</LineString>
		<LineString>
			<coordinates>
				-70.84042150605011,-34.4627341505166,-113.997 -70.84042122707589,-34.4626948949226,-113.997 
			</coordinates>
		</LineString>
		<LineString>
			<coordinates>
				-70.8409855806977,-34.462534658162,-113.997 -70.84130873542441,-34.4628535236777,-113.997 
			</coordinates>
		</LineString>
		<LineString>
			<coordinates>
				-70.8413087354254,-34.4628535236787,-113.997 -70.8416933926552,-34.4630952557111,-113.997 
			</coordinates>
		</LineString>
		<LineString>
			<coordinates>
				-70.8416933926562,-34.4630952557121,-113.997 -70.8417576501933,-34.4631376959203,-113.997 
			</coordinates>
		</LineString>
		<LineString>
			<coordinates>
				-70.8417576501943,-34.4631376959213,-113.997 -70.841820010646,-34.4631761911995,-113.997 
			</coordinates>
		</LineString>
		<LineString>
			<coordinates>
				-70.8418771467644,-34.4632114597669,-113.997 -70.8420201092558,-34.4632993185258,-113.997 
			</coordinates>
		</LineString>
		<LineString>
			<coordinates>
				-70.84202010925679,-34.4632993185268,-113.997 -70.84208921487981,-34.4633576491661,-113.997 
			</coordinates>
		</LineString>
		<LineString>
			<coordinates>
				-70.8420892148808,-34.4633576491671,-113.997 -70.8421131674374,-34.4633822993382,-113.997 
			</coordinates>
		</LineString>
		<LineString>
			<coordinates>
				-70.8421131674384,-34.4633822993392,-113.997 -70.8421478984841,-34.4634067036934,-113.997 
			</coordinates>
		</LineString>
		<LineString>
			<coordinates>
				-70.84214789848509,-34.4634067036944,-113.997 -70.84221456131,-34.4634565285683,-113.997 
			</coordinates>
		</LineString>
		<LineString>
			<coordinates>
				-70.842214561311,-34.4634565285693,-113.997 -70.84224024761259,-34.4634698410739,-113.997 
			</coordinates>
		</LineString>
		<LineString>
			<coordinates>
				-70.8422402476135,-34.4634698410749,-113.997 -70.8422630980774,-34.4634839988409,-113.997 
			</coordinates>
		</LineString>
		<LineString>
			<coordinates>
				-70.8422630980784,-34.4634839988419,-113.997 -70.84240789348959,-34.4635502127421,-113.997 
			</coordinates>
		</LineString>
		<LineString>
			<coordinates>
				-70.8424078934905,-34.4635502127431,-113.997 -70.84251039469891,-34.4635923508051,-113.997 
			</coordinates>
		</LineString>
		<LineString>
			<coordinates>
				-70.8425103946999,-34.4635923508061,-113.997 -70.8425735418263,-34.4635940621958,-113.997 
			</coordinates>
		</LineString>
		<LineString>
			<coordinates>
				-70.84257354182731,-34.4635940621968,-113.997 -70.84269363401459,-34.4636100044404,-113.997 
			</coordinates>
		</LineString>
		<LineString>
			<coordinates>
				-70.8426936340156,-34.4636100044414,-113.997 -70.8427670473844,-34.4636309105717,-113.997 
			</coordinates>
		</LineString>
		<LineString>
			<coordinates>
				-70.84276704738539,-34.4636309105727,-113.997 -70.8428094660904,-34.4636429259632,-113.997 
			</coordinates>
		</LineString>
		<LineString>
			<coordinates>
				-70.8428094660914,-34.4636429259643,-113.997 -70.84290504932579,-34.4636394702246,-113.997 
			</coordinates>
		</LineString>
		<LineString>
			<coordinates>
				-70.8429050493268,-34.4636394702256,-113.997 -70.8429268300806,-34.4636429573924,-113.997 
			</coordinates>
		</LineString>
		<LineString>
			<coordinates>
				-70.84292683008159,-34.4636429573934,-113.997 -70.843002256069,-34.4636417756538,-113.997 
			</coordinates>
		</LineString>
		<LineString>
			<coordinates>
				-70.84300225606999,-34.4636417756548,-113.997 -70.84314150222779,-34.463764969148,-113.997 
			</coordinates>
		</LineString>
		<LineString>
			<coordinates>
				-70.8431415022288,-34.463764969149,-113.997 -70.8418108358438,-34.4643946429587,-113.997 
			</coordinates>
		</LineString>
		<LineString>
			<coordinates>
				-70.8418443735108,-34.464441114126,-113.997 -70.84314780226261,-34.4638243292896,-113.997 
			</coordinates>
		</LineString>
		<LineString>
			<coordinates>
				-70.8432164520035,-34.4638344571454,-113.997 -70.843434794647,-34.4640495192176,-113.997 
			</coordinates>
		</LineString>
		<LineString>
			<coordinates>
				-70.843434794648,-34.4640495192186,-113.997 -70.8434409020182,-34.4641083058612,-113.997 
			</coordinates>
		</LineString>
		<LineString>
			<coordinates>
				-70.8434409020192,-34.4641083058622,-113.997 -70.84344752624411,-34.46420557588,-113.997 
			</coordinates>
		</LineString>
		<LineString>
			<coordinates>
				-70.8434475262451,-34.464205575881,-113.997 -70.84344743719519,-34.4642161256967,-113.997 
			</coordinates>
		</LineString>
		<LineString>
			<coordinates>
				-70.8434474371962,-34.4642161256977,-113.997 -70.843448881732,-34.4642217643081,-113.997 
			</coordinates>
		</LineString>
		<LineString>
			<coordinates>
				-70.843448881733,-34.4642217643091,-113.997 -70.84344891603109,-34.4642229297462,-113.997 
			</coordinates>
		</LineString>
		<LineString>
			<coordinates>
				-70.843448916032,-34.4642229297472,-113.997 -70.84345583588591,-34.464233149584,-113.997 
			</coordinates>
		</LineString>
		<LineString>
			<coordinates>
				-70.8434558358869,-34.464233149585,-113.997 -70.84346072461121,-34.4642415704255,-113.997 
			</coordinates>
		</LineString>
		<LineString>
			<coordinates>
				-70.8434607246122,-34.4642415704265,-113.997 -70.8435884674348,-34.4644479222492,-113.997 
			</coordinates>
		</LineString>
		<LineString>
			<coordinates>
				-70.84358846743579,-34.4644479222502,-113.997 -70.8436540091151,-34.464564306816,-113.997 
			</coordinates>
		</LineString>
		<LineString>
			<coordinates>
				-70.84365400911609,-34.464564306817,-113.997 -70.843723785984,-34.4646766171238,-113.997 
			</coordinates>
		</LineString>
		<LineString>
			<coordinates>
				-70.84372378598501,-34.4646766171248,-113.997 -70.84379239841989,-34.4648278228544,-113.997 
			</coordinates>
		</LineString>
		<LineString>
			<coordinates>
				-70.8437923984209,-34.4648278228554,-113.997 -70.8438318967401,-34.4648756554807,-113.997 
			</coordinates>
		</LineString>
		<LineString>
			<coordinates>
				-70.84383189674109,-34.4648756554817,-113.997 -70.8438513673678,-34.4648840891568,-113.997 
			</coordinates>
		</LineString>
		<LineString>
			<coordinates>
				-70.8438513673688,-34.4648840891578,-113.997 -70.84389887794261,-34.4649264102481,-113.997 
			</coordinates>
		</LineString>
		<LineString>
			<coordinates>
				-70.8438988779436,-34.4649264102491,-113.997 -70.8439370294507,-34.4649499517643,-113.997 
			</coordinates>
		</LineString>
		<LineString>
			<coordinates>
				-70.84393702945169,-34.4649499517653,-113.997 -70.84395302970189,-34.4649633268821,-113.997 
			</coordinates>
		</LineString>
		<LineString>
			<coordinates>
				-70.8439530297028,-34.4649633268831,-113.997 -70.8439678285025,-34.4649751369446,-113.997 
			</coordinates>
		</LineString>
		<LineString>
			<coordinates>
				-70.84396782850349,-34.4649751369456,-113.997 -70.8439682657644,-34.4649828902876,-113.997 
			</coordinates>
		</LineString>
		<LineString>
			<coordinates>
				-70.8439682657654,-34.4649828902886,-113.997 -70.84417009711009,-34.4651804413441,-113.997 
			</coordinates>
		</LineString>
		<LineString>
			<coordinates>
				-70.8441700971111,-34.4651804413451,-113.997 -70.84424982066329,-34.4652684315604,-113.997 
			</coordinates>
		</LineString>
		<LineString>
			<coordinates>
				-70.8442498206643,-34.4652684315614,-113.997 -70.8445047705637,-34.4654221112232,-113.997 
			</coordinates>
		</LineString>
		<LineString>
			<coordinates>
				-70.8445047705647,-34.4654221112242,-113.997 -70.8445062906478,-34.4654229412015,-113.997 
			</coordinates>
		</LineString>
		<LineString>
			<coordinates>
				-70.84450629064879,-34.4654229412025,-113.997 -70.8445088026515,-34.4654238290007,-113.997 
			</coordinates>
		</LineString>
		<LineString>
			<coordinates>
				-70.8445088026525,-34.4654238290017,-113.997 -70.8445508288787,-34.4654377450346,-113.997 
			</coordinates>
		</LineString>
		<LineString>
			<coordinates>
				-70.8445508288797,-34.4654377450356,-113.997 -70.8445605658071,-34.465440230543,-113.997 
			</coordinates>
		</LineString>
		<LineString>
			<coordinates>
				-70.8445605658081,-34.465440230544,-113.997 -70.8446014249942,-34.4654533938986,-113.997 
			</coordinates>
		</LineString>
		<LineString>
			<coordinates>
				-70.8446014249952,-34.4654533938996,-113.997 -70.8446200663091,-34.4654528918366,-113.997 
			</coordinates>
		</LineString>
		<LineString>
			<coordinates>
				-70.8446200663101,-34.4654528918376,-113.997 -70.8450910913148,-34.465648160651,-113.997 
			</coordinates>
		</LineString>
		<LineString>
			<coordinates>
				-70.84509109131579,-34.465648160652,-113.997 -70.84521424192531,-34.4657467761381,-113.997 
			</coordinates>
		</LineString>
		<LineString>
			<coordinates>
				-70.8452142419263,-34.4657467761391,-113.997 -70.845326676022,-34.4659187663131,-113.997 
			</coordinates>
		</LineString>
		<LineString>
			<coordinates>
				-70.84512592709559,-34.4699261366849,-113.997 -70.8418894486386,-34.4702349222827,-113.997 
			</coordinates>
		</LineString>
		<LineString>
			<coordinates>
				-70.84188944863961,-34.4702349222837,-113.997 -70.84173253714781,-34.4702458697533,-113.997 
			</coordinates>
		</LineString>
		<LineString>
			<coordinates>
				-70.8417325371488,-34.4702458697543,-113.997 -70.8415034341681,-34.4702716282204,-113.997 
			</coordinates>
		</LineString>
		<LineString>
			<coordinates>
				-70.8415034341691,-34.4702716282214,-113.997 -70.8413142927283,-34.4702922915735,-113.997 
			</coordinates>
		</LineString>
		<LineString>
			<coordinates>
				-70.84131429272929,-34.4702922915745,-113.997 -70.8410562419273,-34.4703201366606,-113.997 
			</coordinates>
		</LineString>
		<LineString>
			<coordinates>
				-70.8410562419283,-34.4703201366616,-113.997 -70.8407877785005,-34.4703487196891,-113.997 
			</coordinates>
		</LineString>
		<LineString>
			<coordinates>
				-70.84078777850149,-34.4703487196901,-113.997 -70.8405313696468,-34.4703781713206,-113.997 
			</coordinates>
		</LineString>
		<LineString>
			<coordinates>
				-70.84053136964781,-34.4703781713216,-113.997 -70.8401626506248,-34.4704183469783,-113.997 
			</coordinates>
		</LineString>
		<LineString>
			<coordinates>
				-70.8401626506258,-34.4704183469793,-113.997 -70.8398942388571,-34.4704415168062,-113.997 
			</coordinates>
		</LineString>
		<LineString>
			<coordinates>
				-70.83989423885809,-34.4704415168072,-113.997 -70.8395477486839,-34.4704818530735,-113.997 
			</coordinates>
		</LineString>
		<LineString>
			<coordinates>
				-70.83954774868489,-34.4704818530745,-113.997 -70.8394167641123,-34.4704968078535,-113.997 
			</coordinates>
		</LineString>
		<LineString>
			<coordinates>
				-70.8471129488005,-34.4691846998244,-113.997 -70.84703723540321,-34.4691905235867,-113.997 
			</coordinates>
		</LineString>
		<LineString>
			<coordinates>
				-70.8470372354042,-34.4691905235877,-113.997 -70.8469676221856,-34.4692029638621,-113.997 
			</coordinates>
		</LineString>
		<LineString>
			<coordinates>
				-70.8469676221866,-34.4692029638631,-113.997 -70.8468810710456,-34.4692283495124,-113.997 
			</coordinates>
		</LineString>
		<LineString>
			<coordinates>
				-70.8468810710466,-34.4692283495134,-113.997 -70.8468159847363,-34.4692484342407,-113.997 
			</coordinates>
		</LineString>
		<LineString>
			<coordinates>
				-70.8468159847373,-34.4692484342417,-113.997 -70.8467463545559,-34.469264711833,-113.997 
			</coordinates>
		</LineString>
		<LineString>
			<coordinates>
				-70.8467463545569,-34.469264711834,-113.997 -70.84673569419969,-34.469266537891,-113.997 
			</coordinates>
		</LineString>
		<LineString>
			<coordinates>
				-70.83951371630749,-34.4670754894135,-113.997 -70.83959036608459,-34.4668527649682,-113.997 
			</coordinates>
		</LineString>
		<LineString>
			<coordinates>
				-70.8395903660856,-34.4668527649692,-113.997 -70.8396230720797,-34.4666621773347,-113.997 
			</coordinates>
		</LineString>
		<LineString>
			<coordinates>
				-70.8396230720807,-34.4666621773357,-113.997 -70.83963712051531,-34.4665787641696,-113.997 
			</coordinates>
		</LineString>
		<LineString>
			<coordinates>
				-70.8396371205163,-34.4665787641706,-113.997 -70.8397035194332,-34.4664509450359,-113.997 
			</coordinates>
		</LineString>
		<LineString>
			<coordinates>
				-70.8397035194342,-34.4664509450369,-113.997 -70.83974367455831,-34.4663687133835,-113.997 
			</coordinates>
		</LineString>
		<LineString>
			<coordinates>
				-70.8397436745593,-34.4663687133845,-113.997 -70.83974442410241,-34.4663564557245,-113.997 
			</coordinates>
		</LineString>
		<LineString>
			<coordinates>
				-70.8401119113315,-34.4647939478518,-113.997 -70.84004242820269,-34.4647781454156,-113.997 
			</coordinates>
		</LineString>
		<LineString>
			<coordinates>
				-70.8400424282037,-34.4647781454166,-113.997 -70.8399692310952,-34.4647614982664,-113.997 
			</coordinates>
		</LineString>
		<LineString>
			<coordinates>
				-70.83996923109611,-34.4647614982674,-113.997 -70.8398617800154,-34.4647951335927,-113.997 
			</coordinates>
		</LineString>
		<LineString>
			<coordinates>
				-70.837907896498,-34.469709862726,-113.997 -70.8379134515186,-34.469699212679,-113.997 
			</coordinates>
		</LineString>
		<LineString>
			<coordinates>
				-70.837854761702,-34.4698326369862,-113.997 -70.837907896497,-34.469709862725,-113.997 
			</coordinates>
		</LineString>
		<LineString>
			<coordinates>
				-70.8379134515196,-34.46969921268,-113.997 -70.83802527287941,-34.4695429780617,-113.997 
			</coordinates>
		</LineString>
		<LineString>
			<coordinates>
				-70.8380252728804,-34.4695429780627,-113.997 -70.8380813588187,-34.4694768059066,-113.997 
			</coordinates>
		</LineString>
		<LineString>
			<coordinates>
				-70.83808135881969,-34.4694768059076,-113.997 -70.83812033105239,-34.4694320530034,-113.997 
			</coordinates>
		</LineString>
		<LineString>
			<coordinates>
				-70.8381203310534,-34.4694320530044,-113.997 -70.8381964443309,-34.4693465726455,-113.997 
			</coordinates>
		</LineString>
		<LineString>
			<coordinates>
				-70.8381964443319,-34.4693465726465,-113.997 -70.8382641303167,-34.4692491458651,-113.997 
			</coordinates>
		</LineString>
		<LineString>
			<coordinates>
				-70.8382641303177,-34.4692491458661,-113.997 -70.83835305734409,-34.469046884176,-113.997 
			</coordinates>
		</LineString>
		<LineString>
			<coordinates>
				-70.8383530573451,-34.469046884177,-113.997 -70.83840632806439,-34.4689686819754,-113.997 
			</coordinates>
		</LineString>
		<LineString>
			<coordinates>
				-70.8384063280654,-34.4689686819764,-113.997 -70.8385559118497,-34.4688837803132,-113.997 
			</coordinates>
		</LineString>
		<LineString>
			<coordinates>
				-70.8385559118507,-34.4688837803142,-113.997 -70.83866371767451,-34.468810476751,-113.997 
			</coordinates>
		</LineString>
		<LineString>
			<coordinates>
				-70.8386637176755,-34.468810476752,-113.997 -70.8387378686935,-34.4686999245507,-113.997 
			</coordinates>
		</LineString>
		<LineString>
			<coordinates>
				-70.83873786869449,-34.4686999245517,-113.997 -70.8388249873133,-34.4685700384607,-113.997 
			</coordinates>
		</LineString>
		<LineString>
			<coordinates>
				-70.8388249873143,-34.4685700384617,-113.997 -70.8388705494833,-34.4685021091511,-113.997 
			</coordinates>
		</LineString>
		<LineString>
			<coordinates>
				-70.8388705494843,-34.4685021091521,-113.997 -70.838914374372,-34.4684367698638,-113.997 
			</coordinates>
		</LineString>
		<LineString>
			<coordinates>
				-70.838914374373,-34.4684367698648,-113.997 -70.8389806466764,-34.4682644086961,-113.997 
			</coordinates>
		</LineString>
		<LineString>
			<coordinates>
				-70.8389806466774,-34.4682644086971,-113.997 -70.8390138686496,-34.4681780046446,-113.997 
			</coordinates>
		</LineString>
		<LineString>
			<coordinates>
				-70.8390138686506,-34.4681780046456,-113.997 -70.8390889190279,-34.4679828121947,-113.997 
			</coordinates>
		</LineString>
		<LineString>
			<coordinates>
				-70.8390889190289,-34.4679828121957,-113.997 -70.839151067049,-34.4678480619888,-113.997 
			</coordinates>
		</LineString>
		<LineString>
			<coordinates>
				-70.83915106705,-34.4678480619898,-113.997 -70.8392125155243,-34.4677148281126,-113.997 
			</coordinates>
		</LineString>
		<LineString>
			<coordinates>
				-70.8392125155253,-34.4677148281136,-113.997 -70.8392558185639,-34.4675783421893,-113.997 
			</coordinates>
		</LineString>
		<LineString>
			<coordinates>
				-70.83925581856489,-34.4675783421903,-113.997 -70.83929209119231,-34.4674886709036,-113.997 
			</coordinates>
		</LineString>
		<LineString>
			<coordinates>
				-70.8392920911933,-34.4674886709046,-113.997 -70.8393240964044,-34.467395813479,-113.997 
			</coordinates>
		</LineString>
		<LineString>
			<coordinates>
				-70.83932409640541,-34.46739581348,-113.997 -70.83939882328851,-34.4672123834966,-113.997 
			</coordinates>
		</LineString>
		<LineString>
			<coordinates>
				-70.8393988232895,-34.4672123834976,-113.997 -70.8394264051765,-34.4671547941911,-113.997 
			</coordinates>
		</LineString>
		<LineString>
			<coordinates>
				-70.83942640517751,-34.4671547941921,-113.997 -70.8394503133062,-34.4670623942971,-113.997 
			</coordinates>
		</LineString>
		<LineString>
			<coordinates>
				-70.8394503133072,-34.4670623942981,-113.997 -70.8395263356897,-34.4668414933995,-113.997 
			</coordinates>
		</LineString>
		<LineString>
			<coordinates>
				-70.83952633569071,-34.4668414934005,-113.997 -70.8395584018258,-34.4666546352539,-113.997 
			</coordinates>
		</LineString>
		<LineString>
			<coordinates>
				-70.83955840182681,-34.4666546352549,-113.997 -70.8395736536368,-34.466564077408,-113.997 
			</coordinates>
		</LineString>
		<LineString>
			<coordinates>
				-70.8395736536378,-34.466564077409,-113.997 -70.8396432447295,-34.4664301134792,-113.997 
			</coordinates>
		</LineString>
		<LineString>
			<coordinates>
				-70.8396432447305,-34.4664301134802,-113.997 -70.839679006594,-34.4663568786805,-113.997 
			</coordinates>
		</LineString>
		<LineString>
			<coordinates>
				-70.83967900659501,-34.4663568786815,-113.997 -70.8396819652438,-34.4663084950346,-113.997 
			</coordinates>
		</LineString>
		<LineString>
			<coordinates>
				-70.83968196524479,-34.4663084950356,-113.997 -70.8395855787694,-34.4660488092695,-113.997 
			</coordinates>
		</LineString>
		<LineString>
			<coordinates>
				-70.8395855787704,-34.4660488092705,-113.997 -70.83957586544039,-34.4660035717597,-113.997 
			</coordinates>
		</LineString>
		<LineString>
			<coordinates>
				-70.8395758654414,-34.4660035717607,-113.997 -70.8395459688893,-34.4659380977984,-113.997 
			</coordinates>
		</LineString>
		<LineString>
			<coordinates>
				-70.83954596889031,-34.4659380977994,-113.997 -70.8394817974618,-34.4658448010779,-113.997 
			</coordinates>
		</LineString>
		<LineString>
			<coordinates>
				-70.8394817974628,-34.4658448010789,-113.997 -70.8394351448073,-34.4657661663771,-113.997 
			</coordinates>
		</LineString>
		<LineString>
			<coordinates>
				-70.83943514480821,-34.4657661663781,-113.997 -70.8393619368469,-34.4655392121633,-113.997 
			</coordinates>
		</LineString>
		<LineString>
			<coordinates>
				-70.83936193684789,-34.4655392121643,-113.997 -70.8393562845967,-34.4654272586123,-113.997 
			</coordinates>
		</LineString>
		<LineString>
			<coordinates>
				-70.8393562845977,-34.4654272586133,-113.997 -70.83937045951031,-34.4653474947058,-113.997 
			</coordinates>
		</LineString>
		<LineString>
			<coordinates>
				-70.8393704595113,-34.4653474947068,-113.997 -70.8393889839881,-34.4653035666861,-113.997 
			</coordinates>
		</LineString>
		<LineString>
			<coordinates>
				-70.8393889839891,-34.4653035666871,-113.997 -70.8394082468504,-34.4652404685451,-113.997 
			</coordinates>
		</LineString>
		<LineString>
			<coordinates>
				-70.83940824685141,-34.4652404685461,-113.997 -70.8394259505498,-34.4651765475867,-113.997 
			</coordinates>
		</LineString>
		<LineString>
			<coordinates>
				-70.8394259505508,-34.4651765475877,-113.997 -70.83944784465569,-34.465112032631,-113.997 
			</coordinates>
		</LineString>
		<LineString>
			<coordinates>
				-70.8394478446567,-34.465112032632,-113.997 -70.8394751180258,-34.4650440309633,-113.997 
			</coordinates>
		</LineString>
		<LineString>
			<coordinates>
				-70.8394751180268,-34.4650440309643,-113.997 -70.8395099733936,-34.4649841847765,-113.997 
			</coordinates>
		</LineString>
		<LineString>
			<coordinates>
				-70.8395099733946,-34.4649841847775,-113.997 -70.8395445926928,-34.4649204208534,-113.997 
			</coordinates>
		</LineString>
		<LineString>
			<coordinates>
				-70.8395445926938,-34.4649204208544,-113.997 -70.8395843515912,-34.4648816789109,-113.997 
			</coordinates>
		</LineString>
		<LineString>
			<coordinates>
				-70.83958435159219,-34.4648816789119,-113.997 -70.8396352655117,-34.4648307204575,-113.997 
			</coordinates>
		</LineString>
		<LineString>
			<coordinates>
				-70.8396352655127,-34.4648307204585,-113.997 -70.83968707308109,-34.4647795424778,-113.997 
			</coordinates>
		</LineString>
		<LineString>
			<coordinates>
				-70.8396870730821,-34.4647795424788,-113.997 -70.8397424377461,-34.4647287012784,-113.997 
			</coordinates>
		</LineString>
		<LineString>
			<coordinates>
				-70.83974243774711,-34.4647287012794,-113.997 -70.8398009029943,-34.4646797102352,-113.997 
			</coordinates>
		</LineString>
		<LineString>
			<coordinates>
				-70.83980090299529,-34.4646797102362,-113.997 -70.83985000825859,-34.4646385623402,-113.997 
			</coordinates>
		</LineString>
		<LineString>
			<coordinates>
				-70.8398500082596,-34.4646385623412,-113.997 -70.8398942509408,-34.4646014890092,-113.997 
			</coordinates>
		</LineString>
		<LineString>
			<coordinates>
				-70.8398942509418,-34.4646014890102,-113.997 -70.83994607471161,-34.4645876316195,-113.997 
			</coordinates>
		</LineString>
		<LineString>
			<coordinates>
				-70.8399460747126,-34.4645876316205,-113.997 -70.8399882718072,-34.4645816667004,-113.997 
			</coordinates>
		</LineString>
		<LineString>
			<coordinates>
				-70.8399882718082,-34.4645816667014,-113.997 -70.84001495334179,-34.4645817082616,-113.997 
			</coordinates>
		</LineString>
		<LineString>
			<coordinates>
				-70.8400149533428,-34.4645817082626,-113.997 -70.8400729582375,-34.4645822060591,-113.997 
			</coordinates>
		</LineString>
		<LineString>
			<coordinates>
				-70.84007295823849,-34.4645822060601,-113.997 -70.8401436468239,-34.4645769054224,-113.997 
			</coordinates>
		</LineString>
		<LineString>
			<coordinates>
				-70.8401436468249,-34.4645769054234,-113.997 -70.84022068552071,-34.4645665514974,-113.997 
			</coordinates>
		</LineString>
		<LineString>
			<coordinates>
				-70.8402206855217,-34.4645665514984,-113.997 -70.8403047851549,-34.4645385918351,-113.997 
			</coordinates>
		</LineString>
		<LineString>
			<coordinates>
				-70.84030478515589,-34.4645385918361,-113.997 -70.8403805486129,-34.464504727137,-113.997 
			</coordinates>
		</LineString>
		<LineString>
			<coordinates>
				-70.84038054861389,-34.464504727138,-113.997 -70.84045791856801,-34.4644517383423,-113.997 
			</coordinates>
		</LineString>
		<LineString>
			<coordinates>
				-70.840457918569,-34.4644517383433,-113.997 -70.8405012004504,-34.4643900240484,-113.997 
			</coordinates>
		</LineString>
		<LineString>
			<coordinates>
				-70.8405012004514,-34.4643900240494,-113.997 -70.8405387690313,-34.4642967773637,-113.997 
			</coordinates>
		</LineString>
		<LineString>
			<coordinates>
				-70.84053876903219,-34.4642967773647,-113.997 -70.8405635033625,-34.4642029724177,-113.997 
			</coordinates>
		</LineString>
		<LineString>
			<coordinates>
				-70.8405635033635,-34.4642029724187,-113.997 -70.84058266000289,-34.464105498597,-113.997 
			</coordinates>
		</LineString>
		<LineString>
			<coordinates>
				-70.8405826600039,-34.464105498598,-113.997 -70.8406084967597,-34.4639800980234,-113.997 
			</coordinates>
		</LineString>
		<LineString>
			<coordinates>
				-70.84060849676069,-34.4639800980244,-113.997 -70.84061473949779,-34.4639022860281,-113.997 
			</coordinates>
		</LineString>
		<LineString>
			<coordinates>
				-70.8406147394988,-34.4639022860291,-113.997 -70.840611348897,-34.4637903509549,-113.997 
			</coordinates>
		</LineString>
		<LineString>
			<coordinates>
				-70.84061134889799,-34.4637903509559,-113.997 -70.8406026243437,-34.4636611369132,-113.997 
			</coordinates>
		</LineString>
		<LineString>
			<coordinates>
				-70.8406026243447,-34.4636611369142,-113.997 -70.84056473993979,-34.4635565224997,-113.997 
			</coordinates>
		</LineString>
		<LineString>
			<coordinates>
				-70.8405647399408,-34.4635565225007,-113.997 -70.8404843546366,-34.4634818923868,-113.997 
			</coordinates>
		</LineString>
		<LineString>
			<coordinates>
				-70.8404843546376,-34.4634818923878,-113.997 -70.8403574730051,-34.4634304612325,-113.997 
			</coordinates>
		</LineString>
		<LineString>
			<coordinates>
				-70.84035747300609,-34.4634304612335,-113.997 -70.84024156511219,-34.4633268788072,-113.997 
			</coordinates>
		</LineString>
		<LineString>
			<coordinates>
				-70.8402415651132,-34.4633268788082,-113.997 -70.8401997099555,-34.4631804343315,-113.997 
			</coordinates>
		</LineString>
		<LineString>
			<coordinates>
				-70.84019970995649,-34.4631804343325,-113.997 -70.8402149858961,-34.463039451592,-113.997 
			</coordinates>
		</LineString>
		<LineString>
			<coordinates>
				-70.84021498589711,-34.463039451593,-113.997 -70.84026849700309,-34.4628992463116,-113.997 
			</coordinates>
		</LineString>
		<LineString>
			<coordinates>
				-70.8402684970041,-34.4628992463126,-113.997 -70.840337442977,-34.4627791639211,-113.997 
			</coordinates>
		</LineString>
		<LineString>
			<coordinates>
				-70.840337442978,-34.4627791639221,-113.997 -70.8403561455561,-34.4627265142583,-113.997 
			</coordinates>
		</LineString>
		<LineString>
			<coordinates>
				-70.8403561455571,-34.4627265142593,-113.997 -70.8403559572032,-34.4627000073648,-113.997 
			</coordinates>
		</LineString>
		<LineString>
			<coordinates>
				-70.8393590424316,-34.4705047124698,-113.997 -70.8383942761497,-34.4706589929114,-113.997 
			</coordinates>
		</LineString>
		<LineString>
			<coordinates>
				-70.8364907066714,-34.4705627854327,-113.997 -70.83778325441121,-34.4704828008806,-113.997 
			</coordinates>
		</LineString>
		<LineString>
			<coordinates>
				-70.8465232596656,-34.4677016230981,-113.997 -70.84555221524511,-34.4681608024594,-113.997 
			</coordinates>
		</LineString>
		<LineString>
			<coordinates>
				-70.8452227348136,-34.4699432584201,-113.997 -70.8452950468921,-34.4698645482719,-113.997 
			</coordinates>
		</LineString>
		<LineString>
			<coordinates>
				-70.84624869067549,-34.4673291380267,-113.997 -70.8452170988699,-34.4678169470395,-113.997 
			</coordinates>
		</LineString>
		<LineString>
			<coordinates>
				-70.8458478390135,-34.4643536189807,-113.997 -70.8442046031885,-34.4651306678383,-113.997 
			</coordinates>
		</LineString>
		<LineString>
			<coordinates>
				-70.8455981557037,-34.4639526455376,-113.997 -70.8438419563026,-34.4647831098884,-113.997 
			</coordinates>
		</LineString>
		<LineString>
			<coordinates>
				-70.8393590424316,-34.4705047124698,-113.997 -70.8394167641123,-34.4704968078535,-113.997 
			</coordinates>
		</LineString>
		<LineString>
			<coordinates>
				-70.8388859072828,-34.4705803748163,-113.997 -70.8391154322307,-34.4715648357947,-113.997 
			</coordinates>
		</LineString>
		<LineString>
			<coordinates>
				-70.8387070724787,-34.4706089730296,-113.997 -70.8384780308477,-34.4696265501034,-113.997 
			</coordinates>
		</LineString>
		<LineString>
			<coordinates>
				-70.83922478738479,-34.4705275867362,-113.997 -70.8390180666963,-34.4696409289777,-113.997 
			</coordinates>
		</LineString>
		<LineString>
			<coordinates>
				-70.8397622932074,-34.4704568772329,-113.997 -70.83955564615771,-34.4695705597115,-113.997 
			</coordinates>
		</LineString>
		<LineString>
			<coordinates>
				-70.8403099819509,-34.470402359819,-113.997 -70.84010322915709,-34.469515613837,-113.997 
			</coordinates>
		</LineString>
		<LineString>
			<coordinates>
				-70.841724897606,-34.4693390199464,-113.997 -70.8419318980431,-34.4702308728416,-113.997 
			</coordinates>
		</LineString>
		<LineString>
			<coordinates>
				-70.8411841860071,-34.4693972036286,-113.997 -70.8413900305784,-34.4702841014023,-113.997 
			</coordinates>
		</LineString>
		<LineString>
			<coordinates>
				-70.8406435242013,-34.4694556031969,-113.997 -70.84084927098409,-34.4703421044498,-113.997 
			</coordinates>
		</LineString>
		<LineString>
			<coordinates>
				-70.8411066458043,-34.4693510553452,-113.997 -70.8437588566112,-34.4690654094453,-113.997 
			</coordinates>
		</LineString>
		<LineString>
			<coordinates>
				-70.84333111150789,-34.4688302366202,-113.997 -70.8432370196044,-34.4687718779937,-113.997 
			</coordinates>
		</LineString>
		<LineString>
			<coordinates>
				-70.8432370196054,-34.4687718779947,-113.997 -70.8430528792544,-34.4686826228966,-113.997 
			</coordinates>
		</LineString>
		<LineString>
			<coordinates>
				-70.8430528792554,-34.4686826228976,-113.997 -70.8429825907932,-34.4686419177773,-113.997 
			</coordinates>
		</LineString>
		<LineString>
			<coordinates>
				-70.84298259079419,-34.4686419177783,-113.997 -70.8429229386015,-34.4686153638545,-113.997 
			</coordinates>
		</LineString>
		<LineString>
			<coordinates>
				-70.8429229386025,-34.4686153638555,-113.997 -70.8427850183966,-34.4685607856538,-113.997 
			</coordinates>
		</LineString>
		<LineString>
			<coordinates>
				-70.84278501839761,-34.4685607856548,-113.997 -70.8427137994819,-34.4685061254516,-113.997 
			</coordinates>
		</LineString>
		<LineString>
			<coordinates>
				-70.84271379948289,-34.4685061254526,-113.997 -70.8426346712387,-34.468486984413,-113.997 
			</coordinates>
		</LineString>
		<LineString>
			<coordinates>
				-70.84263467123969,-34.468486984414,-113.997 -70.8425573275848,-34.4684091627595,-113.997 
			</coordinates>
		</LineString>
		<LineString>
			<coordinates>
				-70.84255732758579,-34.4684091627605,-113.997 -70.8424724085189,-34.4683431120158,-113.997 
			</coordinates>
		</LineString>
		<LineString>
			<coordinates>
				-70.8424724085199,-34.4683431120168,-113.997 -70.84240367112371,-34.4682765076319,-113.997 
			</coordinates>
		</LineString>
		<LineString>
			<coordinates>
				-70.8424036711247,-34.4682765076329,-113.997 -70.84231452333189,-34.468191148523,-113.997 
			</coordinates>
		</LineString>
		<LineString>
			<coordinates>
				-70.8423145233328,-34.468191148524,-113.997 -70.8422627029089,-34.4681157109268,-113.997 
			</coordinates>
		</LineString>
		<LineString>
			<coordinates>
				-70.84226270290991,-34.4681157109278,-113.997 -70.8422141858948,-34.4680637914144,-113.997 
			</coordinates>
		</LineString>
		<LineString>
			<coordinates>
				-70.8422141858958,-34.4680637914154,-113.997 -70.8421406254613,-34.4679803244147,-113.997 
			</coordinates>
		</LineString>
		<LineString>
			<coordinates>
				-70.84214062546231,-34.4679803244157,-113.997 -70.8421083097776,-34.4679466779105,-113.997 
			</coordinates>
		</LineString>
		<LineString>
			<coordinates>
				-70.8421083097786,-34.4679466779115,-113.997 -70.8419196564504,-34.4678138871983,-113.997 
			</coordinates>
		</LineString>
		<LineString>
			<coordinates>
				-70.8419196564514,-34.4678138871993,-113.997 -70.8417747515187,-34.4676495910848,-113.997 
			</coordinates>
		</LineString>
		<LineString>
			<coordinates>
				-70.84177475151969,-34.4676495910858,-113.997 -70.8417112569358,-34.4675760996466,-113.997 
			</coordinates>
		</LineString>
		<LineString>
			<coordinates>
				-70.84165871236959,-34.4674993562762,-113.997 -70.8408727160508,-34.4675790631421,-113.997 
			</coordinates>
		</LineString>
		<LineString>
			<coordinates>
				-70.84086477908799,-34.4675253737498,-113.997 -70.84166025258649,-34.4674447057983,-113.997 
			</coordinates>
		</LineString>
		<LineString>
			<coordinates>
				-70.84167021101629,-34.4675257027786,-113.997 -70.8416587123686,-34.4674993562752,-113.997 
			</coordinates>
		</LineString>
		<LineString>
			<coordinates>
				-70.8422551125406,-34.469281917243,-113.997 -70.84249306057229,-34.470177339588,-113.997 
			</coordinates>
		</LineString>
		<LineString>
			<coordinates>
				-70.8395302690535,-34.4688827141629,-113.997 -70.83952994286069,-34.4688825696606,-113.997 
			</coordinates>
		</LineString>
		<LineString>
			<coordinates>
				-70.8395504345786,-34.4669687957518,-113.997 -70.840347047045,-34.4671773278718,-113.997 
			</coordinates>
		</LineString>
		<LineString>
			<coordinates>
				-70.8395299428617,-34.4688825696616,-113.997 -70.8399447844084,-34.4681731576361,-113.997 
			</coordinates>
		</LineString>
		<LineString>
			<coordinates>
				-70.8403851673736,-34.4694302224799,-113.997 -70.8402373950254,-34.4685970865588,-113.997 
			</coordinates>
		</LineString>
		<LineString>
			<coordinates>
				-70.8409831504959,-34.4693643811245,-113.997 -70.84083791644559,-34.4685455890422,-113.997 
			</coordinates>
		</LineString>
		<LineString>
			<coordinates>
				-70.8421113359779,-34.4692428561263,-113.997 -70.84196733124909,-34.4684310561649,-113.997 
			</coordinates>
		</LineString>
		<LineString>
			<coordinates>
				-70.8399447844094,-34.4681731576371,-113.997 -70.8402851012406,-34.4682508222571,-113.997 
			</coordinates>
		</LineString>
		<LineString>
			<coordinates>
				-70.84023739502641,-34.4685970865598,-113.997 -70.8402851012406,-34.4682508222571,-113.997 
			</coordinates>
		</LineString>
		<LineString>
			<coordinates>
				-70.8414367996932,-34.4684848581983,-113.997 -70.8402390321956,-34.4686063169781,-113.997 
			</coordinates>
		</LineString>
		<LineString>
			<coordinates>
				-70.84068205567741,-34.4675812675925,-113.997 -70.84032162888811,-34.4676178156986,-113.997 
			</coordinates>
		</LineString>
		<LineString>
			<coordinates>
				-70.8415384473756,-34.4670565122871,-113.997 -70.840347047045,-34.4671773278718,-113.997 
			</coordinates>
		</LineString>
		<LineString>
			<coordinates>
				-70.84131476310441,-34.4666094330945,-113.997 -70.84046609004101,-34.4667465033531,-113.997 
			</coordinates>
		</LineString>
		<LineString>
			<coordinates>
				-70.840347047046,-34.4671773278728,-113.997 -70.8402851012406,-34.4682508222571,-113.997 
			</coordinates>
		</LineString>
		<LineString>
			<coordinates>
				-70.8420436757894,-34.4688820055558,-113.997 -70.84318614155001,-34.4687472168214,-113.997 
			</coordinates>
		</LineString>
		<LineString>
			<coordinates>
				-70.8419118630696,-34.4681183597454,-113.997 -70.8422325466649,-34.4680834398355,-113.997 
			</coordinates>
		</LineString>
		<LineString>
			<coordinates>
				-70.8419673312501,-34.4684310561659,-113.997 -70.8419118630686,-34.4681183597444,-113.997 
			</coordinates>
		</LineString>
		<LineString>
			<coordinates>
				-70.8409085059194,-34.4685384309458,-113.997 -70.8407760801955,-34.4676426461887,-113.997 
			</coordinates>
		</LineString>
		<LineString>
			<coordinates>
				-70.8414160025586,-34.46848696722,-113.997 -70.8412997164496,-34.467535762229,-113.997 
			</coordinates>
		</LineString>
		<LineString>
			<coordinates>
				-70.8402199378166,-34.4668828121727,-113.997 -70.84035936790769,-34.466852488699,-113.997 
			</coordinates>
		</LineString>
		<LineString>
			<coordinates>
				-70.8406984450899,-34.4653300296035,-113.997 -70.84007155390709,-34.4653880719681,-113.997 
			</coordinates>
		</LineString>
		<LineString>
			<coordinates>
				-70.8402490761231,-34.4661461399551,-113.997 -70.83970872687421,-34.4661965171762,-113.997 
			</coordinates>
		</LineString>
		<LineString>
			<coordinates>
				-70.8456571342863,-34.4683516748552,-113.997 -70.8444779372045,-34.468880013552,-113.997 
			</coordinates>
		</LineString>
		<LineString>
			<coordinates>
				-70.8438646835008,-34.467531977487,-113.997 -70.84402330510039,-34.4679320562357,-113.997 
			</coordinates>
		</LineString>
		<LineString>
			<coordinates>
				-70.8419267989607,-34.4655625712036,-113.997 -70.8425502235619,-34.4654583234496,-113.997 
			</coordinates>
		</LineString>
		<LineString>
			<coordinates>
				-70.8419987351365,-34.4660611904121,-113.997 -70.8420652736102,-34.4657777657598,-113.997 
			</coordinates>
		</LineString>
		<LineString>
			<coordinates>
				-70.8407974411293,-34.4644324072419,-113.997 -70.8407412063726,-34.4644023854142,-113.997 
			</coordinates>
		</LineString>
		<LineString>
			<coordinates>
				-70.83695260060141,-34.469514426096,-113.997 -70.83811102715541,-34.4694427369333,-113.997 
			</coordinates>
		</LineString>
		<LineString>
			<coordinates>
				-70.83778315130129,-34.4687286298675,-113.997 -70.83771623413961,-34.4687649068032,-113.997 
			</coordinates>
		</LineString>
		<LineString>
			<coordinates>
				-70.8377162341406,-34.4687649068042,-113.997 -70.8376657397188,-34.4688355594654,-113.997 
			</coordinates>
		</LineString>
		<LineString>
			<coordinates>
				-70.8373680747591,-34.4693758825168,-113.997 -70.8373458816102,-34.469490089164,-113.997 
			</coordinates>
		</LineString>
		<LineString>
			<coordinates>
				-70.8382280758923,-34.4679737277158,-113.997 -70.83746770301281,-34.4676115771666,-113.997 
			</coordinates>
		</LineString>
		<LineString>
			<coordinates>
				-70.8374063340883,-34.4675823480135,-113.997 -70.83673614341249,-34.4672631422385,-113.997 
			</coordinates>
		</LineString>
		<LineString>
			<coordinates>
				-70.8382196698668,-34.4679855684813,-113.997 -70.83822010830841,-34.4679849453487,-113.997 
			</coordinates>
		</LineString>
		<LineString>
			<coordinates>
				-70.8382196698668,-34.4679855684813,-113.997 -70.8382255888406,-34.4679771562043,-113.997 
			</coordinates>
		</LineString>
		<LineString>
			<coordinates>
				-70.8385229468272,-34.4665105367907,-113.997 -70.8385572368762,-34.4662086275935,-113.997 
			</coordinates>
		</LineString>
		<LineString>
			<coordinates>
				-70.8385326457548,-34.467025388097,-113.997 -70.83932626725471,-34.4673904847651,-113.997 
			</coordinates>
		</LineString>
		<LineString>
			<coordinates>
				-70.8395523157904,-34.4666901003098,-113.997 -70.8385399566872,-34.4666879409087,-113.997 
			</coordinates>
		</LineString>
		<LineString>
			<coordinates>
				-70.83941320302429,-34.465698144134,-113.997 -70.8387128075925,-34.4656966499763,-113.997 
			</coordinates>
		</LineString>
		<LineString>
			<coordinates>
				-70.83855624698241,-34.4667526139391,-113.997 -70.8376617672035,-34.4667506991396,-113.997 
			</coordinates>
		</LineString>
		<LineString>
			<coordinates>
				-70.83791993612181,-34.465507164902,-113.997 -70.8387698217734,-34.4655076779382,-113.997 
			</coordinates>
		</LineString>
		<LineString>
			<coordinates>
				-70.83787127272529,-34.4638524163454,-113.997 -70.8388409350529,-34.4640265761112,-113.997 
			</coordinates>
		</LineString>
		<LineString>
			<coordinates>
				-70.838089328482,-34.4634107349254,-113.997 -70.8390787489179,-34.463597519726,-113.997 
			</coordinates>
		</LineString>
		<LineString>
			<coordinates>
				-70.8385842478492,-34.4661372953641,-113.997 -70.8378153285783,-34.4661379891451,-113.997 
			</coordinates>
		</LineString>
		<LineString>
			<coordinates>
				-70.8377480220457,-34.4661380496452,-113.997 -70.83673654186521,-34.4661389543564,-113.997 
			</coordinates>
		</LineString>
		<LineString>
			<coordinates>
				-70.8385541926482,-34.466235430797,-113.997 -70.8396557181991,-34.4662377800645,-113.997 
			</coordinates>
		</LineString>
		<LineString>
			<coordinates>
				-70.8390788380425,-34.4638209214503,-113.997 -70.83907853679941,-34.4630655273735,-113.997 
			</coordinates>
		</LineString>
		<LineString>
			<coordinates>
				-70.8390788599133,-34.463820902544,-113.997 -70.84061202238109,-34.4638230257811,-113.997 
			</coordinates>
		</LineString>
		<LineString>
			<coordinates>
				-70.8390787213695,-34.4634900489896,-113.997 -70.84049525416521,-34.4634920115743,-113.997 
			</coordinates>
		</LineString>
		<LineString>
			<coordinates>
				-70.8393495014805,-34.4630657592215,-113.997 -70.839360328745,-34.4625245383438,-113.997 
			</coordinates>
		</LineString>
		<LineString>
			<coordinates>
				-70.8388578409832,-34.4625232335586,-113.997 -70.84039902796771,-34.4625272289318,-113.997 
			</coordinates>
		</LineString>
		<LineString>
			<coordinates>
				-70.8376632009854,-34.4667507022151,-113.997 -70.8376617701706,-34.4667507511958,-113.997 
			</coordinates>
		</LineString>
		<LineString>
			<coordinates>
				-70.8375965164654,-34.4667529850396,-113.997 -70.83675497700879,-34.4667817904931,-113.997 
			</coordinates>
		</LineString>
		<LineString>
			<coordinates>
				-70.8378267989801,-34.4656446645673,-113.997 -70.83660808535571,-34.4656473001131,-113.997 
			</coordinates>
		</LineString>
		<LineString>
			<coordinates>
				-70.8377522703536,-34.4652211164742,-113.997 -70.8366152332175,-34.4652235749042,-113.997 
			</coordinates>
		</LineString>
		<LineString>
			<coordinates>
				-70.83777475008139,-34.4647664606505,-113.997 -70.8367078768359,-34.4647686356156,-113.997 
			</coordinates>
		</LineString>
		<LineString>
			<coordinates>
				-70.83777864517241,-34.4642432902356,-113.997 -70.83777817401899,-34.464243291547,-113.997 
			</coordinates>
		</LineString>
		<LineString>
			<coordinates>
				-70.8377125331566,-34.4642434743621,-113.997 -70.836749127223,-34.4642461534524,-113.997 
			</coordinates>
		</LineString>
		<LineString>
			<coordinates>
				-70.83786865876949,-34.4637150823885,-113.997 -70.83679377274861,-34.4637180721742,-113.997 
			</coordinates>
		</LineString>
		<LineString>
			<coordinates>
				-70.83692977320651,-34.4632669382333,-113.997 -70.83806974575811,-34.4632637660145,-113.997 
			</coordinates>
		</LineString>
		<LineString>
			<coordinates>
				-70.8448523199947,-34.4675258701959,-113.997 -70.8460260146967,-34.4669885240344,-113.997 
			</coordinates>
		</LineString>
		<LineString>
			<coordinates>
				-70.84384345414399,-34.4675687351473,-113.997 -70.8438646834998,-34.467531977486,-113.997 
			</coordinates>
		</LineString>
		<LineString>
			<coordinates>
				-70.8443111848724,-34.4663442078138,-113.997 -70.84529355615619,-34.4658681030198,-113.997 
			</coordinates>
		</LineString>
		<LineString>
			<coordinates>
				-70.8439550677508,-34.4660086065019,-113.997 -70.8448796564802,-34.4655605082606,-113.997 
			</coordinates>
		</LineString>
		<LineString>
			<coordinates>
				-70.8442543105558,-34.4652711380049,-113.997 -70.8433226540478,-34.4657177795521,-113.997 
			</coordinates>
		</LineString>
		<LineString>
			<coordinates>
				-70.8439136277552,-34.4649355116729,-113.997 -70.84275876233301,-34.465483230938,-113.997 
			</coordinates>
		</LineString>
		<LineString>
			<coordinates>
				-70.84533960681949,-34.4635559913489,-113.997 -70.8436145231575,-34.4643714576781,-113.997 
			</coordinates>
		</LineString>
		<LineString>
			<coordinates>
				-70.843415420103,-34.4639465782999,-113.997 -70.8450784091541,-34.4631604653871,-113.997 
			</coordinates>
		</LineString>
		<LineString>
			<coordinates>
				-70.843046033555,-34.4636011746564,-113.997 -70.844817556273,-34.4627654570445,-113.997 
			</coordinates>
		</LineString>
		<LineString>
			<coordinates>
				-70.84230804756341,-34.4634428495124,-113.997 -70.8438764117367,-34.4626895371549,-113.997 
			</coordinates>
		</LineString>
		<LineString>
			<coordinates>
				-70.8433435597014,-34.4624244171458,-113.997 -70.84186314088321,-34.4631354821561,-113.997 
			</coordinates>
		</LineString>
		<LineString>
			<coordinates>
				-70.84139421680889,-34.4628396501745,-113.997 -70.8428078862092,-34.4621606514755,-113.997 
			</coordinates>
		</LineString>
		<LineString>
			<coordinates>
				-70.8424627758701,-34.4641484878371,-113.997 -70.84323144459221,-34.4652590535664,-113.997 
			</coordinates>
		</LineString>
		<LineString>
			<coordinates>
				-70.84212271764829,-34.4643094030793,-113.997 -70.8428915723957,-34.4654202438726,-113.997 
			</coordinates>
		</LineString>
		<LineString>
			<coordinates>
				-70.84179705776209,-34.4645275113143,-113.997 -70.84239229247309,-34.465387513079,-113.997 
			</coordinates>
		</LineString>
		<LineString>
			<coordinates>
				-70.8417541656048,-34.4644655472435,-113.997 -70.8417537386422,-34.4644649490299,-113.997 
			</coordinates>
		</LineString>
		<LineString>
			<coordinates>
				-70.8417406565171,-34.4639297264036,-113.997 -70.84199970034869,-34.46430527336,-113.997 
			</coordinates>
		</LineString>
		<LineString>
			<coordinates>
				-70.84050184520029,-34.4644918413329,-113.997 -70.8407412063726,-34.4644023854142,-113.997 
			</coordinates>
		</LineString>
		<LineString>
			<coordinates>
				-70.84074120637359,-34.4644023854152,-113.997 -70.8424802405017,-34.4635799544824,-113.997 
			</coordinates>
		</LineString>
		<LineString>
			<coordinates>
				-70.8410994462121,-34.4635480126423,-113.997 -70.84067397627599,-34.4637491699744,-113.997 
			</coordinates>
		</LineString>
		<LineString>
			<coordinates>
				-70.8403790992943,-34.4633697610531,-113.997 -70.8413783972334,-34.4628973017887,-113.997 
			</coordinates>
		</LineString>
		<LineString>
			<coordinates>
				-70.84180570592569,-34.4702407649079,-113.997 -70.8419506422911,-34.471264227127,-113.997 
			</coordinates>
		</LineString>
		<LineString>
			<coordinates>
				-70.84132526744879,-34.4702910926149,-113.997 -70.8414707189313,-34.4713151213282,-113.997 
			</coordinates>
		</LineString>
		<LineString>
			<coordinates>
				-70.8408497510874,-34.4703421215857,-113.997 -70.8409937505989,-34.471365329617,-113.997 
			</coordinates>
		</LineString>
		<LineString>
			<coordinates>
				-70.8403750318669,-34.4703952060402,-113.997 -70.8405190319087,-34.471418458723,-113.997 
			</coordinates>
		</LineString>
		<LineString>
			<coordinates>
				-70.8398877716988,-34.4704422696837,-113.997 -70.8400314068778,-34.4714275382854,-113.997 
			</coordinates>
		</LineString>
		<LineString>
			<coordinates>
				-70.8394090689187,-34.4704978616638,-113.997 -70.83955800759431,-34.4715195489126,-113.997 
			</coordinates>
		</LineString>
		<LineString>
			<coordinates>
				-70.83839427615069,-34.4706589929124,-113.997 -70.8386178853965,-34.4716181049796,-113.997 
			</coordinates>
		</LineString>
		<LineString>
			<coordinates>
				-70.8409344682435,-34.4721106326986,-113.997 -70.8408200849656,-34.4714387490268,-113.997 
			</coordinates>
		</LineString>
		<LineString>
			<coordinates>
				-70.8416743438727,-34.4720661399708,-113.997 -70.84155456206879,-34.4713625819638,-113.997 
			</coordinates>
		</LineString>
		<LineString>
			<coordinates>
				-70.8438649503812,-34.4675318103378,-113.997 -70.8430508950422,-34.466877799999,-113.997 
			</coordinates>
		</LineString>
		<LineString>
			<coordinates>
				-70.8439176587723,-34.467498798647,-113.997 -70.8430963652073,-34.4668389734648,-113.997 
			</coordinates>
		</LineString>
		<LineString>
			<coordinates>
				-70.8420652736112,-34.4657777657608,-113.997 -70.8419267989597,-34.4655625712026,-113.997 
			</coordinates>
		</LineString>
		<LineString>
			<coordinates>
				-70.842077001353,-34.4662822397083,-113.997 -70.8419987351355,-34.4660611904111,-113.997 
			</coordinates>
		</LineString>
		<LineString>
			<coordinates>
				-70.83899779465391,-34.4720622432934,-113.997 -70.8390815235022,-34.4726024128635,-113.997 
			</coordinates>
		</LineString>
		<LineString>
			<coordinates>
				-70.83709502635119,-34.4627187624871,-113.997 -70.83679377274861,-34.4637180721742,-113.997 
			</coordinates>
		</LineString>
		<LineString>
			<coordinates>
				-70.8367937727496,-34.4637180721752,-113.997 -70.836749127223,-34.4642461534524,-113.997 
			</coordinates>
		</LineString>
		<LineString>
			<coordinates>
				-70.84760306108259,-34.4671725021812,-113.997 -70.8465682921571,-34.4676618295949,-113.997 
			</coordinates>
		</LineString>
		<LineString>
			<coordinates>
				-70.8463472129995,-34.4651555640301,-113.997 -70.84523087291529,-34.4656834611779,-113.997 
			</coordinates>
		</LineString>
		<LineString>
			<coordinates>
				-70.8460975247787,-34.4647545918115,-113.997 -70.8446882287387,-34.4654210189361,-113.997 
			</coordinates>
		</LineString>
		<LineString>
			<coordinates>
				-70.84456630724689,-34.4672323925687,-113.997 -70.8458124678111,-34.4666618711437,-113.997 
			</coordinates>
		</LineString>
		<LineString>
			<coordinates>
				-70.84154060965371,-34.4640243462024,-113.997 -70.84123367609411,-34.4635791116099,-113.997 
			</coordinates>
		</LineString>
		<LineString>
			<coordinates>
				-70.8396480033926,-34.4660329152484,-113.997 -70.8396391002381,-34.4659891456669,-113.997 
			</coordinates>
		</LineString>
		<LineString>
			<coordinates>
				-70.8378121523253,-34.4699978590306,-113.997 -70.8370143219944,-34.4700472317775,-113.997 
			</coordinates>
		</LineString>
		<LineString>
			<coordinates>
				-70.8369734833793,-34.470013504617,-113.997 -70.8369795928942,-34.4699431102697,-113.997 
			</coordinates>
		</LineString>
		<LineString>
			<coordinates>
				-70.8369515160478,-34.4694972013872,-113.997 -70.8369901532394,-34.4690456298788,-113.997 
			</coordinates>
		</LineString>
		<LineString>
			<coordinates>
				-70.83699015324039,-34.4690456298798,-113.997 -70.8369940386923,-34.4690090691493,-113.997 
			</coordinates>
		</LineString>
		<LineString>
			<coordinates>
				-70.83699403869331,-34.4690090691503,-113.997 -70.8370749533514,-34.4685926857793,-113.997 
			</coordinates>
		</LineString>
		<LineString>
			<coordinates>
				-70.8370749533524,-34.4685926857803,-113.997 -70.83722823851799,-34.4684505597585,-113.997 
			</coordinates>
		</LineString>
		<LineString>
			<coordinates>
				-70.837228238519,-34.4684505597595,-113.997 -70.8372403392847,-34.4684362677058,-113.997 
			</coordinates>
		</LineString>
		<LineString>
			<coordinates>
				-70.8372403392857,-34.4684362677068,-113.997 -70.8373359819069,-34.4683756797956,-113.997 
			</coordinates>
		</LineString>
		<LineString>
			<coordinates>
				-70.8373359819079,-34.4683756797967,-113.997 -70.8374145919923,-34.4682542161446,-113.997 
			</coordinates>
		</LineString>
		<LineString>
			<coordinates>
				-70.83741459199329,-34.4682542161456,-113.997 -70.8374319146329,-34.4682474190183,-113.997 
			</coordinates>
		</LineString>
		<LineString>
			<coordinates>
				-70.8374319146339,-34.4682474190193,-113.997 -70.83751735002031,-34.4681647595578,-113.997 
			</coordinates>
		</LineString>
		<LineString>
			<coordinates>
				-70.8375173500213,-34.4681647595588,-113.997 -70.8375139341107,-34.4680924743829,-113.997 
			</coordinates>
		</LineString>
		<LineString>
			<coordinates>
				-70.8375139341117,-34.4680924743839,-113.997 -70.8375128520948,-34.4679233121153,-113.997 
			</coordinates>
		</LineString>
		<LineString>
			<coordinates>
				-70.8375128520958,-34.4679233121163,-113.997 -70.8375070929812,-34.4678135351109,-113.997 
			</coordinates>
		</LineString>
		<LineString>
			<coordinates>
				-70.83750709298219,-34.4678135351119,-113.997 -70.8374904353979,-34.4677197199765,-113.997 
			</coordinates>
		</LineString>
		<LineString>
			<coordinates>
				-70.83749043539891,-34.4677197199775,-113.997 -70.837488162136,-34.4676583098404,-113.997 
			</coordinates>
		</LineString>
		<LineString>
			<coordinates>
				-70.83748816213701,-34.4676583098414,-113.997 -70.83746763621281,-34.4676114245822,-113.997 
			</coordinates>
		</LineString>
		<LineString>
			<coordinates>
				-70.8374676362138,-34.4676114245832,-113.997 -70.8375054731159,-34.4673698413083,-113.997 
			</coordinates>
		</LineString>
		<LineString>
			<coordinates>
				-70.83750547311691,-34.4673698413093,-113.997 -70.83751069237761,-34.4673204920365,-113.997 
			</coordinates>
		</LineString>
		<LineString>
			<coordinates>
				-70.8375106923786,-34.4673204920375,-113.997 -70.8376722478385,-34.4668550517928,-113.997 
			</coordinates>
		</LineString>
		<LineString>
			<coordinates>
				-70.83767224783951,-34.4668550517938,-113.997 -70.83766378668891,-34.4667861304022,-113.997 
			</coordinates>
		</LineString>
		<LineString>
			<coordinates>
				-70.8376637866899,-34.4667861304032,-113.997 -70.8376570436355,-34.4666678253947,-113.997 
			</coordinates>
		</LineString>
		<LineString>
			<coordinates>
				-70.8376570436365,-34.4666678253957,-113.997 -70.8376677470329,-34.4665964456441,-113.997 
			</coordinates>
		</LineString>
		<LineString>
			<coordinates>
				-70.8376677470339,-34.4665964456451,-113.997 -70.8376537232886,-34.4665787901046,-113.997 
			</coordinates>
		</LineString>
		<LineString>
			<coordinates>
				-70.83765372328961,-34.4665787901056,-113.997 -70.8377201529659,-34.4664556633897,-113.997 
			</coordinates>
		</LineString>
		<LineString>
			<coordinates>
				-70.8377201529669,-34.4664556633907,-113.997 -70.83783500215721,-34.4660723229893,-113.997 
			</coordinates>
		</LineString>
		<LineString>
			<coordinates>
				-70.8378350021582,-34.4660723229903,-113.997 -70.8378361403509,-34.4660557878966,-113.997 
			</coordinates>
		</LineString>
		<LineString>
			<coordinates>
				-70.8378361403519,-34.4660557878976,-113.997 -70.8378915665335,-34.4656516632889,-113.997 
			</coordinates>
		</LineString>
		<LineString>
			<coordinates>
				-70.83789156653449,-34.4656516632899,-113.997 -70.83791556370061,-34.4655168359701,-113.997 
			</coordinates>
		</LineString>
		<LineString>
			<coordinates>
				-70.8379155637016,-34.4655168359711,-113.997 -70.8379286254021,-34.465487945643,-113.997 
			</coordinates>
		</LineString>
		<LineString>
			<coordinates>
				-70.83792862540309,-34.465487945644,-113.997 -70.8378629838585,-34.4653826568285,-113.997 
			</coordinates>
		</LineString>
		<LineString>
			<coordinates>
				-70.83786298385949,-34.4653826568295,-113.997 -70.8378147454369,-34.465341126647,-113.997 
			</coordinates>
		</LineString>
		<LineString>
			<coordinates>
				-70.8378147454379,-34.465341126648,-113.997 -70.837821326069,-34.4652618988384,-113.997 
			</coordinates>
		</LineString>
		<LineString>
			<coordinates>
				-70.83782132607,-34.4652618988395,-113.997 -70.8378095266994,-34.4651273542611,-113.997 
			</coordinates>
		</LineString>
		<LineString>
			<coordinates>
				-70.8378095267004,-34.4651273542621,-113.997 -70.8378208122442,-34.4650447935091,-113.997 
			</coordinates>
		</LineString>
		<LineString>
			<coordinates>
				-70.8378208122452,-34.4650447935101,-113.997 -70.83782085099079,-34.4650298103994,-113.997 
			</coordinates>
		</LineString>
		<LineString>
			<coordinates>
				-70.8378208509918,-34.4650298104004,-113.997 -70.83782340608779,-34.4650104176466,-113.997 
			</coordinates>
		</LineString>
		<LineString>
			<coordinates>
				-70.8378234060888,-34.4650104176476,-113.997 -70.8378244054344,-34.4649282704828,-113.997 
			</coordinates>
		</LineString>
		<LineString>
			<coordinates>
				-70.8378244054354,-34.4649282704838,-113.997 -70.83782701718179,-34.4649073476832,-113.997 
			</coordinates>
		</LineString>
		<LineString>
			<coordinates>
				-70.8378270171828,-34.4649073476842,-113.997 -70.8378309872564,-34.4648778364941,-113.997 
			</coordinates>
		</LineString>
		<LineString>
			<coordinates>
				-70.83783098725741,-34.4648778364951,-113.997 -70.8378524359355,-34.4647793983304,-113.997 
			</coordinates>
		</LineString>
		<LineString>
			<coordinates>
				-70.8378524359365,-34.4647793983314,-113.997 -70.8378362562748,-34.4647480229541,-113.997 
			</coordinates>
		</LineString>
		<LineString>
			<coordinates>
				-70.83783625627581,-34.4647480229551,-113.997 -70.8377853379793,-34.4644811084366,-113.997 
			</coordinates>
		</LineString>
		<LineString>
			<coordinates>
				-70.83778533798031,-34.4644811084376,-113.997 -70.8377767085673,-34.4644178731002,-113.997 
			</coordinates>
		</LineString>
		<LineString>
			<coordinates>
				-70.8377767085683,-34.4644178731012,-113.997 -70.83776664902049,-34.4643341378986,-113.997 
			</coordinates>
		</LineString>
		<LineString>
			<coordinates>
				-70.8377666490215,-34.4643341378996,-113.997 -70.83777576472779,-34.4643170785894,-113.997 
			</coordinates>
		</LineString>
		<LineString>
			<coordinates>
				-70.8377757647287,-34.4643170785904,-113.997 -70.8377773122323,-34.4642505746085,-113.997 
			</coordinates>
		</LineString>
		<LineString>
			<coordinates>
				-70.8377773122333,-34.4642505746095,-113.997 -70.8378096171527,-34.4639775611976,-113.997 
			</coordinates>
		</LineString>
		<LineString>
			<coordinates>
				-70.8378096171537,-34.4639775611986,-113.997 -70.83781514929041,-34.4639658216673,-113.997 
			</coordinates>
		</LineString>
		<LineString>
			<coordinates>
				-70.8378151492914,-34.4639658216683,-113.997 -70.8379632008469,-34.4636666619053,-113.997 
			</coordinates>
		</LineString>
		<LineString>
			<coordinates>
				-70.83796320084789,-34.4636666619063,-113.997 -70.83796995284411,-34.4636378933992,-113.997 
			</coordinates>
		</LineString>
		<LineString>
			<coordinates>
				-70.8379699528451,-34.4636378934002,-113.997 -70.83797750939731,-34.4636249297659,-113.997 
			</coordinates>
		</LineString>
		<LineString>
			<coordinates>
				-70.8379775093983,-34.4636249297669,-113.997 -70.8379811583136,-34.4636099245699,-113.997 
			</coordinates>
		</LineString>
		<LineString>
			<coordinates>
				-70.83798115831451,-34.4636099245709,-113.997 -70.8379855599692,-34.4636077748967,-113.997 
			</coordinates>
		</LineString>
		<LineString>
			<coordinates>
				-70.83798555997021,-34.4636077748977,-113.997 -70.8379950267141,-34.4635737786788,-113.997 
			</coordinates>
		</LineString>
		<LineString>
			<coordinates>
				-70.83799502671511,-34.4635737786799,-113.997 -70.83804159529851,-34.4634659806232,-113.997 
			</coordinates>
		</LineString>
		<LineString>
			<coordinates>
				-70.8380415952995,-34.4634659806242,-113.997 -70.8380819473708,-34.4634220711721,-113.997 
			</coordinates>
		</LineString>
		<LineString>
			<coordinates>
				-70.8380819473718,-34.4634220711731,-113.997 -70.838089328481,-34.4634107349244,-113.997 
			</coordinates>
		</LineString>
		<LineString>
			<coordinates>
				-70.83986178001641,-34.4647951335937,-113.997 -70.83980775973789,-34.4647509091828,-113.997 
			</coordinates>
		</LineString>
		<LineString>
			<coordinates>
				-70.8367311031641,-34.4673321904676,-113.997 -70.8367506429439,-34.4670645073928,-113.997 
			</coordinates>
		</LineString>
		<LineString>
			<coordinates>
				-70.83675064294491,-34.4670645073938,-113.997 -70.8367582381134,-34.4669306150205,-113.997 
			</coordinates>
		</LineString>
		<LineString>
			<coordinates>
				-70.8367582381144,-34.4669306150215,-113.997 -70.8367549668703,-34.4667813278081,-113.997 
			</coordinates>
		</LineString>
		<LineString>
			<coordinates>
				-70.8367549668713,-34.4667813278091,-113.997 -70.8367368638675,-34.4661428157561,-113.997 
			</coordinates>
		</LineString>
		<LineString>
			<coordinates>
				-70.8367368638685,-34.4661428157571,-113.997 -70.8367034035509,-34.4657415625645,-113.997 
			</coordinates>
		</LineString>
		<LineString>
			<coordinates>
				-70.83670340355189,-34.4657415625655,-113.997 -70.836703105433,-34.4656468131747,-113.997 
			</coordinates>
		</LineString>
		<LineString>
			<coordinates>
				-70.8366080853567,-34.4656473001141,-113.997 -70.8365945788748,-34.4653272923452,-113.997 
			</coordinates>
		</LineString>
		<LineString>
			<coordinates>
				-70.8365945788758,-34.4653272923462,-113.997 -70.8366152332175,-34.4652235749042,-113.997 
			</coordinates>
		</LineString>
		<LineString>
			<coordinates>
				-70.8366152332185,-34.4652235749052,-113.997 -70.83659509155289,-34.4651611450226,-113.997 
			</coordinates>
		</LineString>
		<LineString>
			<coordinates>
				-70.8365950915539,-34.4651611450236,-113.997 -70.8367066749187,-34.4647726224781,-113.997 
			</coordinates>
		</LineString>
		<LineString>
			<coordinates>
				-70.8367066749197,-34.4647726224791,-113.997 -70.8368654857255,-34.4642458302798,-113.997 
			</coordinates>
		</LineString>
		<LineString>
			<coordinates>
				-70.84013436891451,-34.4623237019854,-113.997 -70.8401319649023,-34.4623257669082,-113.997 
			</coordinates>
		</LineString>
		<LineString>
			<coordinates>
				-70.84013196490331,-34.4623257669092,-113.997 -70.84013015054791,-34.4622431043773,-113.997 
			</coordinates>
		</LineString>
		<LineString>
			<coordinates>
				-70.8401301505489,-34.4622431043783,-113.997 -70.840132643584,-34.462245095562,-113.997 
			</coordinates>
		</LineString>
		<LineString>
			<coordinates>
				-70.84013264358499,-34.462245095563,-113.997 -70.8401343689135,-34.4623237019844,-113.997 
			</coordinates>
		</LineString>
		<LineString>
			<coordinates>
				-70.84013264358499,-34.462245095563,-113.997 -70.84013015054791,-34.4622431043773,-113.997 
			</coordinates>
		</LineString>
		<LineString>
			<coordinates>
				-70.8401301505489,-34.4622431043783,-113.997 -70.8402302048211,-34.4622415977325,-113.997 
			</coordinates>
		</LineString>
		<LineString>
			<coordinates>
				-70.84023020482211,-34.4622415977335,-113.997 -70.8402278008146,-34.4622436626581,-113.997 
			</coordinates>
		</LineString>
		<LineString>
			<coordinates>
				-70.8402278008156,-34.4622436626591,-113.997 -70.840132643584,-34.462245095562,-113.997 
			</coordinates>
		</LineString>
		<LineString>
			<coordinates>
				-70.8402278008156,-34.4622436626591,-113.997 -70.8402302048211,-34.4622415977325,-113.997 
			</coordinates>
		</LineString>
		<LineString>
			<coordinates>
				-70.84023020482211,-34.4622415977335,-113.997 -70.840232019274,-34.4623242602587,-113.997 
			</coordinates>
		</LineString>
		<LineString>
			<coordinates>
				-70.84023201927501,-34.4623242602597,-113.997 -70.8402295262332,-34.4623222690763,-113.997 
			</coordinates>
		</LineString>
		<LineString>
			<coordinates>
				-70.8402295262342,-34.4623222690773,-113.997 -70.8402278008146,-34.4622436626581,-113.997 
			</coordinates>
		</LineString>
		<LineString>
			<coordinates>
				-70.8402295262342,-34.4623222690773,-113.997 -70.840232019274,-34.4623242602587,-113.997 
			</coordinates>
		</LineString>
		<LineString>
			<coordinates>
				-70.84023201927501,-34.4623242602597,-113.997 -70.8401319649023,-34.4623257669082,-113.997 
			</coordinates>
		</LineString>
		<LineString>
			<coordinates>
				-70.84013196490331,-34.4623257669092,-113.997 -70.8401343689135,-34.4623237019844,-113.997 
			</coordinates>
		</LineString>
		<LineString>
			<coordinates>
				-70.84013436891451,-34.4623237019854,-113.997 -70.8402295262332,-34.4623222690763,-113.997 
			</coordinates>
		</LineString>
		<LineString>
			<coordinates>
				-70.85479515517861,-34.4749310291874,-113.997 -70.8547927511942,-34.4749330943948,-113.997 
			</coordinates>
		</LineString>
		<LineString>
			<coordinates>
				-70.85479275119521,-34.4749330943958,-113.997 -70.85479092152799,-34.474850432719,-113.997 
			</coordinates>
		</LineString>
		<LineString>
			<coordinates>
				-70.854790921529,-34.47485043272,-113.997 -70.8547934152877,-34.4748524235772,-113.997 
			</coordinates>
		</LineString>
		<LineString>
			<coordinates>
				-70.8547934152887,-34.4748524235782,-113.997 -70.8547951551776,-34.4749310291864,-113.997 
			</coordinates>
		</LineString>
		<LineString>
			<coordinates>
				-70.8547934152887,-34.4748524235782,-113.997 -70.85479092152799,-34.474850432719,-113.997 
			</coordinates>
		</LineString>
		<LineString>
			<coordinates>
				-70.854790921529,-34.47485043272,-113.997 -70.8548909900183,-34.4748489135911,-113.997 
			</coordinates>
		</LineString>
		<LineString>
			<coordinates>
				-70.8548909900193,-34.4748489135921,-113.997 -70.85488858603961,-34.4748509788012,-113.997 
			</coordinates>
		</LineString>
		<LineString>
			<coordinates>
				-70.8548885860405,-34.4748509788022,-113.997 -70.8547934152877,-34.4748524235772,-113.997 
			</coordinates>
		</LineString>
		<LineString>
			<coordinates>
				-70.8548885860405,-34.4748509788022,-113.997 -70.8548909900183,-34.4748489135911,-113.997 
			</coordinates>
		</LineString>
		<LineString>
			<coordinates>
				-70.8548909900193,-34.4748489135921,-113.997 -70.8548928197831,-34.4749315752622,-113.997 
			</coordinates>
		</LineString>
		<LineString>
			<coordinates>
				-70.8548928197841,-34.4749315752632,-113.997 -70.85489032601861,-34.4749295844062,-113.997 
			</coordinates>
		</LineString>
		<LineString>
			<coordinates>
				-70.8548903260196,-34.4749295844072,-113.997 -70.85488858603961,-34.4748509788012,-113.997 
			</coordinates>
		</LineString>
		<LineString>
			<coordinates>
				-70.8548903260196,-34.4749295844072,-113.997 -70.8548928197831,-34.4749315752622,-113.997 
			</coordinates>
		</LineString>
		<LineString>
			<coordinates>
				-70.8548928197841,-34.4749315752632,-113.997 -70.8547927511942,-34.4749330943948,-113.997 
			</coordinates>
		</LineString>
		<LineString>
			<coordinates>
				-70.85479275119521,-34.4749330943958,-113.997 -70.8547951551776,-34.4749310291864,-113.997 
			</coordinates>
		</LineString>
		<LineString>
			<coordinates>
				-70.85479515517861,-34.4749310291874,-113.997 -70.85489032601861,-34.4749295844062,-113.997 
			</coordinates>
		</LineString>
		<LineString>
			<coordinates>
				-70.84539772398929,-34.4801884158247,-113.997 -70.8453953196196,-34.4801904808577,-113.997 
			</coordinates>
		</LineString>
		<LineString>
			<coordinates>
				-70.84539531962059,-34.4801904808587,-113.997 -70.8453934988629,-34.4801078188139,-113.997 
			</coordinates>
		</LineString>
		<LineString>
			<coordinates>
				-70.8453934988639,-34.4801078188149,-113.997 -70.8453959925707,-34.4801098098645,-113.997 
			</coordinates>
		</LineString>
		<LineString>
			<coordinates>
				-70.8453959925717,-34.4801098098655,-113.997 -70.8453977239883,-34.4801884158237,-113.997 
			</coordinates>
		</LineString>
		<LineString>
			<coordinates>
				-70.8453959925717,-34.4801098098655,-113.997 -70.8453934988629,-34.4801078188139,-113.997 
			</coordinates>
		</LineString>
		<LineString>
			<coordinates>
				-70.8453934988639,-34.4801078188149,-113.997 -70.84549357416201,-34.4801063071792,-113.997 
			</coordinates>
		</LineString>
		<LineString>
			<coordinates>
				-70.845493574163,-34.4801063071802,-113.997 -70.845491169798,-34.480108372215,-113.997 
			</coordinates>
		</LineString>
		<LineString>
			<coordinates>
				-70.845491169799,-34.480108372216,-113.997 -70.8453959925707,-34.4801098098645,-113.997 
			</coordinates>
		</LineString>
		<LineString>
			<coordinates>
				-70.845491169799,-34.480108372216,-113.997 -70.84549357416201,-34.4801063071792,-113.997 
			</coordinates>
		</LineString>
		<LineString>
			<coordinates>
				-70.845493574163,-34.4801063071802,-113.997 -70.84549539501729,-34.4801889692184,-113.997 
			</coordinates>
		</LineString>
		<LineString>
			<coordinates>
				-70.8454953950183,-34.4801889692194,-113.997 -70.84549290130479,-34.48018697817,-113.997 
			</coordinates>
		</LineString>
		<LineString>
			<coordinates>
				-70.8454929013058,-34.480186978171,-113.997 -70.845491169798,-34.480108372215,-113.997 
			</coordinates>
		</LineString>
		<LineString>
			<coordinates>
				-70.8454929013058,-34.480186978171,-113.997 -70.84549539501729,-34.4801889692184,-113.997 
			</coordinates>
		</LineString>
		<LineString>
			<coordinates>
				-70.8454953950183,-34.4801889692194,-113.997 -70.8453953196196,-34.4801904808577,-113.997 
			</coordinates>
		</LineString>
		<LineString>
			<coordinates>
				-70.84539531962059,-34.4801904808587,-113.997 -70.8453977239883,-34.4801884158237,-113.997 
			</coordinates>
		</LineString>
		<LineString>
			<coordinates>
				-70.84539772398929,-34.4801884158247,-113.997 -70.84549290130479,-34.48018697817,-113.997 
			</coordinates>
		</LineString>
		<LineString>
			<coordinates>
				-70.8509827248504,-34.4784312243777,-113.997 -70.8505399837123,-34.4784550309382,-113.997 
			</coordinates>
		</LineString>
		<LineString>
			<coordinates>
				-70.8528251120925,-34.4774754050084,-113.997 -70.8528227079876,-34.4774774701801,-113.997 
			</coordinates>
		</LineString>
		<LineString>
			<coordinates>
				-70.85282270798859,-34.4774774701811,-113.997 -70.85282088009041,-34.4773948084465,-113.997 
			</coordinates>
		</LineString>
		<LineString>
			<coordinates>
				-70.8528208800914,-34.4773948084475,-113.997 -70.85282337388379,-34.4773967993432,-113.997 
			</coordinates>
		</LineString>
		<LineString>
			<coordinates>
				-70.8528233738848,-34.4773967993442,-113.997 -70.85282511209149,-34.4774754050074,-113.997 
			</coordinates>
		</LineString>
		<LineString>
			<coordinates>
				-70.8528233738848,-34.4773967993442,-113.997 -70.85282088009041,-34.4773948084465,-113.997 
			</coordinates>
		</LineString>
		<LineString>
			<coordinates>
				-70.8528208800914,-34.4773948084475,-113.997 -70.85292095173,-34.477393290834,-113.997 
			</coordinates>
		</LineString>
		<LineString>
			<coordinates>
				-70.85292095173099,-34.477393290835,-113.997 -70.85291854763079,-34.4773953560085,-113.997 
			</coordinates>
		</LineString>
		<LineString>
			<coordinates>
				-70.8529185476318,-34.4773953560095,-113.997 -70.85282337388379,-34.4773967993432,-113.997 
			</coordinates>
		</LineString>
		<LineString>
			<coordinates>
				-70.8529185476318,-34.4773953560095,-113.997 -70.85292095173,-34.477393290834,-113.997 
			</coordinates>
		</LineString>
		<LineString>
			<coordinates>
				-70.85292095173099,-34.477393290835,-113.997 -70.8529227797258,-34.4774759525629,-113.997 
			</coordinates>
		</LineString>
		<LineString>
			<coordinates>
				-70.8529227797268,-34.4774759525639,-113.997 -70.85292028592769,-34.4774739616685,-113.997 
			</coordinates>
		</LineString>
		<LineString>
			<coordinates>
				-70.8529202859287,-34.4774739616695,-113.997 -70.85291854763079,-34.4773953560085,-113.997 
			</coordinates>
		</LineString>
		<LineString>
			<coordinates>
				-70.8529202859287,-34.4774739616695,-113.997 -70.8529227797258,-34.4774759525629,-113.997 
			</coordinates>
		</LineString>
		<LineString>
			<coordinates>
				-70.8529227797268,-34.4774759525639,-113.997 -70.8528227079876,-34.4774774701801,-113.997 
			</coordinates>
		</LineString>
		<LineString>
			<coordinates>
				-70.85282270798859,-34.4774774701811,-113.997 -70.85282511209149,-34.4774754050074,-113.997 
			</coordinates>
		</LineString>
		<LineString>
			<coordinates>
				-70.8528251120925,-34.4774754050084,-113.997 -70.85292028592769,-34.4774739616685,-113.997 
			</coordinates>
		</LineString>
		<LineString>
			<coordinates>
				-70.84352285859281,-34.4784531778127,-113.997 -70.8424387349145,-34.4785916049815,-113.997 
			</coordinates>
		</LineString>
		<LineString>
			<coordinates>
				-70.8475379357334,-34.4695727329978,-113.997 -70.8474376466683,-34.4697209788688,-113.997 
			</coordinates>
		</LineString>
		<LineString>
			<coordinates>
				-70.84743764666931,-34.4697209788698,-113.997 -70.8473874558794,-34.4697338072368,-113.997 
			</coordinates>
		</LineString>
		<LineString>
			<coordinates>
				-70.84738745588039,-34.4697338072378,-113.997 -70.8473440604271,-34.4697935567527,-113.997 
			</coordinates>
		</LineString>
		<LineString>
			<coordinates>
				-70.8473440604281,-34.4697935567537,-113.997 -70.8473229633144,-34.4698431744862,-113.997 
			</coordinates>
		</LineString>
		<LineString>
			<coordinates>
				-70.84732296331531,-34.4698431744872,-113.997 -70.84733390738801,-34.4698879014308,-113.997 
			</coordinates>
		</LineString>
		<LineString>
			<coordinates>
				-70.847333907389,-34.4698879014318,-113.997 -70.84730457875941,-34.4699434015641,-113.997 
			</coordinates>
		</LineString>
		<LineString>
			<coordinates>
				-70.8473045787604,-34.4699434015651,-113.997 -70.8472868110849,-34.4699875491202,-113.997 
			</coordinates>
		</LineString>
		<LineString>
			<coordinates>
				-70.84728681108589,-34.4699875491212,-113.997 -70.8472709865668,-34.4700320360733,-113.997 
			</coordinates>
		</LineString>
		<LineString>
			<coordinates>
				-70.84727098656781,-34.4700320360743,-113.997 -70.847188900014,-34.4700329118535,-113.997 
			</coordinates>
		</LineString>
		<LineString>
			<coordinates>
				-70.847188900015,-34.4700329118545,-113.997 -70.84712616563191,-34.4700425620612,-113.997 
			</coordinates>
		</LineString>
		<LineString>
			<coordinates>
				-70.8471261656329,-34.4700425620622,-113.997 -70.84704499185629,-34.4700441506789,-113.997 
			</coordinates>
		</LineString>
		<LineString>
			<coordinates>
				-70.8470449918573,-34.4700441506799,-113.997 -70.84699998719999,-34.4700572773823,-113.997 
			</coordinates>
		</LineString>
		<LineString>
			<coordinates>
				-70.846999987201,-34.4700572773833,-113.997 -70.84696807315881,-34.4700977327649,-113.997 
			</coordinates>
		</LineString>
		<LineString>
			<coordinates>
				-70.8469680731598,-34.4700977327659,-113.997 -70.8469463084074,-34.4701487842381,-113.997 
			</coordinates>
		</LineString>
		<LineString>
			<coordinates>
				-70.84694630840841,-34.4701487842391,-113.997 -70.8469099854381,-34.4701809551378,-113.997 
			</coordinates>
		</LineString>
		<LineString>
			<coordinates>
				-70.8469099854391,-34.4701809551388,-113.997 -70.84687903919961,-34.4702162248895,-113.997 
			</coordinates>
		</LineString>
		<LineString>
			<coordinates>
				-70.8468790392006,-34.4702162248905,-113.997 -70.84685584296059,-34.4702589865461,-113.997 
			</coordinates>
		</LineString>
		<LineString>
			<coordinates>
				-70.8468558429616,-34.4702589865471,-113.997 -70.8468309798053,-34.4702930480963,-113.997 
			</coordinates>
		</LineString>
		<LineString>
			<coordinates>
				-70.8468309798063,-34.4702930480973,-113.997 -70.8468124495933,-34.4703368437457,-113.997 
			</coordinates>
		</LineString>
		<LineString>
			<coordinates>
				-70.8468124495943,-34.4703368437467,-113.997 -70.84680166384111,-34.4703944997669,-113.997 
			</coordinates>
		</LineString>
		<LineString>
			<coordinates>
				-70.8468016638421,-34.4703944997679,-113.997 -70.8467766377813,-34.4704381672749,-113.997 
			</coordinates>
		</LineString>
		<LineString>
			<coordinates>
				-70.8467766377823,-34.4704381672759,-113.997 -70.8467271307038,-34.4704846266156,-113.997 
			</coordinates>
		</LineString>
		<LineString>
			<coordinates>
				-70.84672713070471,-34.4704846266166,-113.997 -70.8466855131297,-34.4705075065911,-113.997 
			</coordinates>
		</LineString>
		<LineString>
			<coordinates>
				-70.84668551313069,-34.4705075065921,-113.997 -70.8466457624445,-34.4705358124379,-113.997 
			</coordinates>
		</LineString>
		<LineString>
			<coordinates>
				-70.8466457624455,-34.4705358124389,-113.997 -70.8465719991501,-34.4705346433052,-113.997 
			</coordinates>
		</LineString>
		<LineString>
			<coordinates>
				-70.8465719991511,-34.4705346433062,-113.997 -70.84652194865861,-34.4705613871166,-113.997 
			</coordinates>
		</LineString>
		<LineString>
			<coordinates>
				-70.8465219486596,-34.4705613871176,-113.997 -70.8464726169191,-34.4705551691849,-113.997 
			</coordinates>
		</LineString>
		<LineString>
			<coordinates>
				-70.8464726169201,-34.4705551691859,-113.997 -70.8460967075823,-34.4708038319934,-113.997 
			</coordinates>
		</LineString>
		<LineString>
			<coordinates>
				-70.84688238957629,-34.4705409358978,-113.997 -70.8467518842494,-34.4704613969476,-113.997 
			</coordinates>
		</LineString>
		<LineString>
			<coordinates>
				-70.8432629901001,-34.4680337199834,-113.997 -70.8440526762727,-34.4686777595182,-113.997 
			</coordinates>
		</LineString>
		<LineString>
			<coordinates>
				-70.8455981557037,-34.4639526455376,-113.997 -70.844817556273,-34.4627654570445,-113.997 
			</coordinates>
		</LineString>
		<LineString>
			<coordinates>
				-70.8439203545698,-34.4631887180585,-113.997 -70.843876158901,-34.462686664975,-113.997 
			</coordinates>
		</LineString>
		<LineString>
			<coordinates>
				-70.84387615890201,-34.462686664976,-113.997 -70.84226919448341,-34.4618953954991,-113.997 
			</coordinates>
		</LineString>
		<LineString>
			<coordinates>
				-70.836345883278,-34.4719204198945,-113.997 -70.8363492523016,-34.4719005826746,-113.997 
			</coordinates>
		</LineString>
		<LineString>
			<coordinates>
				-70.8363492523026,-34.4719005826756,-113.997 -70.836451671627,-34.4716763154964,-113.997 
			</coordinates>
		</LineString>
		<LineString>
			<coordinates>
				-70.836451671628,-34.4716763154974,-113.997 -70.83648039080271,-34.4716169683821,-113.997 
			</coordinates>
		</LineString>
		<LineString>
			<coordinates>
				-70.8364803908037,-34.4716169683831,-113.997 -70.83649225340589,-34.4715461928002,-113.997 
			</coordinates>
		</LineString>
		<LineString>
			<coordinates>
				-70.8364922534069,-34.4715461928012,-113.997 -70.8364994121772,-34.4715207906445,-113.997 
			</coordinates>
		</LineString>
		<LineString>
			<coordinates>
				-70.8364994121782,-34.4715207906455,-113.997 -70.8365000517104,-34.4715144317356,-113.997 
			</coordinates>
		</LineString>
		<LineString>
			<coordinates>
				-70.8365000517114,-34.4715144317366,-113.997 -70.8365087291385,-34.4714067837333,-113.997 
			</coordinates>
		</LineString>
		<LineString>
			<coordinates>
				-70.8365087291395,-34.4714067837343,-113.997 -70.8365286814231,-34.4713060149786,-113.997 
			</coordinates>
		</LineString>
		<LineString>
			<coordinates>
				-70.8365286814241,-34.4713060149796,-113.997 -70.8365428223088,-34.4712097200179,-113.997 
			</coordinates>
		</LineString>
		<LineString>
			<coordinates>
				-70.8365428223098,-34.4712097200189,-113.997 -70.8365428401402,-34.471209494285,-113.997 
			</coordinates>
		</LineString>
		<LineString>
			<coordinates>
				-70.83654284014121,-34.471209494286,-113.997 -70.8365452254908,-34.4711617291029,-113.997 
			</coordinates>
		</LineString>
		<LineString>
			<coordinates>
				-70.8365452254918,-34.4711617291039,-113.997 -70.83654312327219,-34.4710226186586,-113.997 
			</coordinates>
		</LineString>
		<LineString>
			<coordinates>
				-70.8365431232732,-34.4710226186596,-113.997 -70.83654168613231,-34.4709971870307,-113.997 
			</coordinates>
		</LineString>
		<LineString>
			<coordinates>
				-70.8365416861333,-34.4709971870317,-113.997 -70.8365225543735,-34.4708736093039,-113.997 
			</coordinates>
		</LineString>
		<LineString>
			<coordinates>
				-70.8365225543745,-34.4708736093049,-113.997 -70.83652031621961,-34.4708625571404,-113.997 
			</coordinates>
		</LineString>
		<LineString>
			<coordinates>
				-70.8365203162206,-34.4708625571414,-113.997 -70.8365028767419,-34.4707448860138,-113.997 
			</coordinates>
		</LineString>
		<LineString>
			<coordinates>
				-70.8365028767429,-34.4707448860148,-113.997 -70.8364915083813,-34.4706104372698,-113.997 
			</coordinates>
		</LineString>
		<LineString>
			<coordinates>
				-70.8364915083823,-34.4706104372708,-113.997 -70.8364873962112,-34.470366018033,-113.997 
			</coordinates>
		</LineString>
		<LineString>
			<coordinates>
				-70.83648739621221,-34.470366018034,-113.997 -70.8364908481614,-34.4703143964058,-113.997 
			</coordinates>
		</LineString>
		<LineString>
			<coordinates>
				-70.8364908481624,-34.4703143964068,-113.997 -70.8364964837764,-34.4702242770745,-113.997 
			</coordinates>
		</LineString>
		<LineString>
			<coordinates>
				-70.8364964837774,-34.4702242770756,-113.997 -70.836501329889,-34.4701378938358,-113.997 
			</coordinates>
		</LineString>
		<LineString>
			<coordinates>
				-70.83650132989,-34.4701378938368,-113.997 -70.83651011728639,-34.4700271208631,-113.997 
			</coordinates>
		</LineString>
		<LineString>
			<coordinates>
				-70.8365101172874,-34.4700271208641,-113.997 -70.83651028233091,-34.470025240756,-113.997 
			</coordinates>
		</LineString>
		<LineString>
			<coordinates>
				-70.8366079189878,-34.4681394639057,-113.997 -70.8363849001139,-34.4683462449726,-113.997 
			</coordinates>
		</LineString>
		<LineString>
			<coordinates>
				-70.83638490011489,-34.4683462449736,-113.997 -70.83626931017081,-34.468941040213,-113.997 
			</coordinates>
		</LineString>
		<LineString>
			<coordinates>
				-70.8362693101718,-34.468941040214,-113.997 -70.83626286698571,-34.4690016633355,-113.997 
			</coordinates>
		</LineString>
		<LineString>
			<coordinates>
				-70.8362628669867,-34.4690016633365,-113.997 -70.8361853006099,-34.4698952992473,-113.997 
			</coordinates>
		</LineString>
		<LineString>
			<coordinates>
				-70.8367311031641,-34.4673321904676,-113.997 -70.8367095611473,-34.4674921007874,-113.997 
			</coordinates>
		</LineString>
		<LineString>
			<coordinates>
				-70.8367095611483,-34.4674921007884,-113.997 -70.8366871887783,-34.4675713606161,-113.997 
			</coordinates>
		</LineString>
		<LineString>
			<coordinates>
				-70.83668718877929,-34.4675713606171,-113.997 -70.83662397376339,-34.467757896742,-113.997 
			</coordinates>
		</LineString>
		<LineString>
			<coordinates>
				-70.8366239737644,-34.467757896743,-113.997 -70.83655545854531,-34.4679584329933,-113.997 
			</coordinates>
		</LineString>
		<LineString>
			<coordinates>
				-70.8365554585463,-34.4679584329943,-113.997 -70.8365294556538,-34.4680516167912,-113.997 
			</coordinates>
		</LineString>
		<LineString>
			<coordinates>
				-70.8365294556548,-34.4680516167922,-113.997 -70.83651488398159,-34.4680900906464,-113.997 
			</coordinates>
		</LineString>
		<LineString>
			<coordinates>
				-70.8369204975412,-34.4690937585698,-113.997 -70.83625127904141,-34.4691351679949,-113.997 
			</coordinates>
		</LineString>
		<LineString>
			<coordinates>
				-70.83690898155599,-34.470002241437,-113.997 -70.8361944830057,-34.4700410113636,-113.997 
			</coordinates>
		</LineString>
		<LineString>
			<coordinates>
				-70.85529853998619,-34.4814928686731,-113.997 -70.8550498546502,-34.4814099064421,-113.997 
			</coordinates>
		</LineString>
		<LineString>
			<coordinates>
				-70.8550498546512,-34.4814099064431,-113.997 -70.854801875123,-34.4813464103625,-113.997 
			</coordinates>
		</LineString>
		<LineString>
			<coordinates>
				-70.854801875124,-34.4813464103635,-113.997 -70.85455189100369,-34.4812836540756,-113.997 
			</coordinates>
		</LineString>
		<LineString>
			<coordinates>
				-70.8545518910047,-34.4812836540766,-113.997 -70.8543751480593,-34.4812402012247,-113.997 
			</coordinates>
		</LineString>
		<LineString>
			<coordinates>
				-70.85437915552551,-34.4812387903486,-113.997 -70.854371140594,-34.4812416121017,-113.997 
			</coordinates>
		</LineString>
		<LineString>
			<coordinates>
				-70.85437114059501,-34.4812416121027,-113.997 -70.8542320968654,-34.4809707894177,-113.997 
			</coordinates>
		</LineString>
		<LineString>
			<coordinates>
				-70.8542320968664,-34.4809707894187,-113.997 -70.8542401117756,-34.4809679676733,-113.997 
			</coordinates>
		</LineString>
		<LineString>
			<coordinates>
				-70.85424011177651,-34.4809679676743,-113.997 -70.8543791555245,-34.4812387903476,-113.997 
			</coordinates>
		</LineString>
		<LineString>
			<coordinates>
				-70.83945731021581,-34.4810013593412,-113.997 -70.8394487903946,-34.4810028553363,-113.997 
			</coordinates>
		</LineString>
		<LineString>
			<coordinates>
				-70.83944879039559,-34.4810028553373,-113.997 -70.83941875218321,-34.4808855470541,-113.997 
			</coordinates>
		</LineString>
		<LineString>
			<coordinates>
				-70.8394187521842,-34.4808855470551,-113.997 -70.8394275554185,-34.4808851579267,-113.997 
			</coordinates>
		</LineString>
		<LineString>
			<coordinates>
				-70.8394275554195,-34.4808851579278,-113.997 -70.8394573102148,-34.4810013593402,-113.997 
			</coordinates>
		</LineString>
		<LineString>
			<coordinates>
				-70.8394275554195,-34.4808851579278,-113.997 -70.83941875218321,-34.4808855470541,-113.997 
			</coordinates>
		</LineString>
		<LineString>
			<coordinates>
				-70.8394187521842,-34.4808855470551,-113.997 -70.83945704099089,-34.4805766612314,-113.997 
			</coordinates>
		</LineString>
		<LineString>
			<coordinates>
				-70.8394570409919,-34.4805766612324,-113.997 -70.8394657987497,-34.4805766387107,-113.997 
			</coordinates>
		</LineString>
		<LineString>
			<coordinates>
				-70.83946579875069,-34.4805766387117,-113.997 -70.8394275554185,-34.4808851579267,-113.997 
			</coordinates>
		</LineString>
		<LineString>
			<coordinates>
				-70.83946579875069,-34.4805766387117,-113.997 -70.83945704099089,-34.4805766612314,-113.997 
			</coordinates>
		</LineString>
		<LineString>
			<coordinates>
				-70.8394570409919,-34.4805766612324,-113.997 -70.8394340887186,-34.4804021735267,-113.997 
			</coordinates>
		</LineString>
		<LineString>
			<coordinates>
				-70.8394340887196,-34.4804021735277,-113.997 -70.8394428263481,-34.4804019981194,-113.997 
			</coordinates>
		</LineString>
		<LineString>
			<coordinates>
				-70.8394428263491,-34.4804019981204,-113.997 -70.8394657987497,-34.4805766387107,-113.997 
			</coordinates>
		</LineString>
		<LineString>
			<coordinates>
				-70.8394428263491,-34.4804019981204,-113.997 -70.8394340887186,-34.4804021735267,-113.997 
			</coordinates>
		</LineString>
		<LineString>
			<coordinates>
				-70.8394340887196,-34.4804021735277,-113.997 -70.83945248750121,-34.4801486525136,-113.997 
			</coordinates>
		</LineString>
		<LineString>
			<coordinates>
				-70.8394524875022,-34.4801486525146,-113.997 -70.83946122191399,-34.4801485210642,-113.997 
			</coordinates>
		</LineString>
		<LineString>
			<coordinates>
				-70.839461221915,-34.4801485210652,-113.997 -70.8394428263481,-34.4804019981194,-113.997 
			</coordinates>
		</LineString>
		<LineString>
			<coordinates>
				-70.839461221915,-34.4801485210652,-113.997 -70.83945248750121,-34.4801486525136,-113.997 
			</coordinates>
		</LineString>
		<LineString>
			<coordinates>
				-70.8394524875022,-34.4801486525146,-113.997 -70.83944327477271,-34.4800697324132,-113.997 
			</coordinates>
		</LineString>
		<LineString>
			<coordinates>
				-70.8394432747737,-34.4800697324142,-113.997 -70.83945184234079,-34.4800681717727,-113.997 
			</coordinates>
		</LineString>
		<LineString>
			<coordinates>
				-70.8394518423418,-34.4800681717737,-113.997 -70.83946122191399,-34.4801485210642,-113.997 
			</coordinates>
		</LineString>
		<LineString>
			<coordinates>
				-70.8394518423418,-34.4800681717737,-113.997 -70.83944327477271,-34.4800697324132,-113.997 
			</coordinates>
		</LineString>
		<LineString>
			<coordinates>
				-70.8394432747737,-34.4800697324142,-113.997 -70.83940097563961,-34.4799696527774,-113.997 
			</coordinates>
		</LineString>
		<LineString>
			<coordinates>
				-70.8394009756406,-34.4799696527785,-113.997 -70.83940979465891,-34.4799686870956,-113.997 
			</coordinates>
		</LineString>
		<LineString>
			<coordinates>
				-70.8394097946599,-34.4799686870966,-113.997 -70.83945184234079,-34.4800681717727,-113.997 
			</coordinates>
		</LineString>
		<LineString>
			<coordinates>
				-70.8394097946599,-34.4799686870966,-113.997 -70.83940097563961,-34.4799696527774,-113.997 
			</coordinates>
		</LineString>
		<LineString>
			<coordinates>
				-70.8394009756406,-34.4799696527785,-113.997 -70.83940152889819,-34.4799634508771,-113.997 
			</coordinates>
		</LineString>
		<LineString>
			<coordinates>
				-70.8394015288992,-34.4799634508781,-113.997 -70.83941021437209,-34.4799639822034,-113.997 
			</coordinates>
		</LineString>
		<LineString>
			<coordinates>
				-70.839410214373,-34.4799639822044,-113.997 -70.83940979465891,-34.4799686870956,-113.997 
			</coordinates>
		</LineString>
		<LineString>
			<coordinates>
				-70.8384732095401,-34.4802102457541,-113.997 -70.83847075393081,-34.4802171651756,-113.997 
			</coordinates>
		</LineString>
		<LineString>
			<coordinates>
				-70.8384707539318,-34.4802171651766,-113.997 -70.8371669098061,-34.4798998518015,-113.997 
			</coordinates>
		</LineString>
		<LineString>
			<coordinates>
				-70.8371669098071,-34.4798998518025,-113.997 -70.83716936551519,-34.4798929324018,-113.997 
			</coordinates>
		</LineString>
		<LineString>
			<coordinates>
				-70.8371693655162,-34.4798929324028,-113.997 -70.8384732095391,-34.4802102457531,-113.997 
			</coordinates>
		</LineString>
		<LineString>
			<coordinates>
				-70.8509748316458,-34.4702782924393,-113.997 -70.8503123109862,-34.4705771816793,-113.997 
			</coordinates>
		</LineString>
		<LineString>
			<coordinates>
				-70.85031231098711,-34.4705771816803,-113.997 -70.84996161959729,-34.4706289873184,-113.997 
			</coordinates>
		</LineString>
		<LineString>
			<coordinates>
				-70.8513223404893,-34.4713644586565,-113.997 -70.85131469328159,-34.4713679086317,-113.997 
			</coordinates>
		</LineString>
		<LineString>
			<coordinates>
				-70.8513146932826,-34.4713679086327,-113.997 -70.8506842404408,-34.4704093903043,-113.997 
			</coordinates>
		</LineString>
		<LineString>
			<coordinates>
				-70.85068424044179,-34.4704093903053,-113.997 -70.8506918875897,-34.470405940369,-113.997 
			</coordinates>
		</LineString>
		<LineString>
			<coordinates>
				-70.8506918875907,-34.47040594037,-113.997 -70.8513223404883,-34.4713644586555,-113.997 
			</coordinates>
		</LineString>
		<LineString>
			<coordinates>
				-70.85068598121249,-34.4704044986726,-113.997 -70.8506901468192,-34.4704108320018,-113.997 
			</coordinates>
		</LineString>
		<LineString>
			<coordinates>
				-70.8506901468202,-34.4704108320028,-113.997 -70.8503137722834,-34.4705806287304,-113.997 
			</coordinates>
		</LineString>
		<LineString>
			<coordinates>
				-70.85031377228439,-34.4705806287314,-113.997 -70.85031084968909,-34.4705737346282,-113.997 
			</coordinates>
		</LineString>
		<LineString>
			<coordinates>
				-70.85031084969,-34.4705737346292,-113.997 -70.8506859812115,-34.4704044986716,-113.997 
			</coordinates>
		</LineString>
		<LineString>
			<coordinates>
				-70.85031084969,-34.4705737346292,-113.997 -70.8503137722834,-34.4705806287304,-113.997 
			</coordinates>
		</LineString>
		<LineString>
			<coordinates>
				-70.85031377228439,-34.4705806287314,-113.997 -70.84996238415511,-34.4706325372963,-113.997 
			</coordinates>
		</LineString>
		<LineString>
			<coordinates>
				-70.8499623841561,-34.4706325372973,-113.997 -70.8499608550396,-34.4706254373404,-113.997 
			</coordinates>
		</LineString>
		<LineString>
			<coordinates>
				-70.84996085504061,-34.4706254373414,-113.997 -70.85031084968909,-34.4705737346282,-113.997 
			</coordinates>
		</LineString>
		<LineString>
			<coordinates>
				-70.83876982177441,-34.4655076779392,-113.997 -70.8387699715387,-34.4649395484026,-113.997 
			</coordinates>
		</LineString>
		<LineString>
			<coordinates>
				-70.8387699715397,-34.4649395484036,-113.997 -70.8388409350529,-34.4640265761112,-113.997 
			</coordinates>
		</LineString>
		<LineString>
			<coordinates>
				-70.84031839717871,-34.4794560350681,-113.997 -70.8390561986799,-34.4795683808388,-113.997 
			</coordinates>
		</LineString>
		<LineString>
			<coordinates>
				-70.83897637473071,-34.4797527751497,-113.997 -70.837579246245,-34.4796781036459,-113.997 
			</coordinates>
		</LineString>
		<LineString>
			<coordinates>
				-70.83840051729661,-34.4625220442509,-113.997 -70.8404328779355,-34.4625273164663,-113.997 
			</coordinates>
		</LineString>
		<LineString>
			<coordinates>
				-70.8381745712702,-34.4629432468593,-113.997 -70.8370014001388,-34.4626992930107,-113.997 
			</coordinates>
		</LineString>
		<LineString>
			<coordinates>
				-70.8402120558481,-34.4630664932517,-113.997 -70.83907853679941,-34.4630655273735,-113.997 
			</coordinates>
		</LineString>
		<LineString>
			<coordinates>
				-70.83692977320651,-34.4632669382333,-113.997 -70.83806974575811,-34.4632637660145,-113.997 
			</coordinates>
		</LineString>
		<LineString>
			<coordinates>
				-70.83830728000829,-34.4625490176736,-113.997 -70.8369262377109,-34.462261836941,-113.997 
			</coordinates>
		</LineString>
		<LineString>
			<coordinates>
				-70.83701694722291,-34.4619226617717,-113.997 -70.8385987425991,-34.4622515869258,-113.997 
			</coordinates>
		</LineString>
		<LineString>
			<coordinates>
				-70.8371111411269,-34.4615704552537,-113.997 -70.83875468535081,-34.4619122205925,-113.997 
			</coordinates>
		</LineString>
		<LineString>
			<coordinates>
				-70.84139421680889,-34.4628396501745,-113.997 -70.8428078862092,-34.4621606514755,-113.997 
			</coordinates>
		</LineString>
		<LineString>
			<coordinates>
				-70.84029853791181,-34.4618027367342,-113.997 -70.8413457240549,-34.461299772777,-113.997 
			</coordinates>
		</LineString>
		<LineString>
			<coordinates>
				-70.84176851189591,-34.4616183015887,-113.997 -70.84043122290529,-34.462257834418,-113.997 
			</coordinates>
		</LineString>
		<LineString>
			<coordinates>
				-70.8410293802787,-34.4624939151655,-113.997 -70.842261868241,-34.4618913409486,-113.997 
			</coordinates>
		</LineString>
		<LineString>
			<coordinates>
				-70.8422691944844,-34.4618953955001,-113.997 -70.84142305276499,-34.4614271110339,-113.997 
			</coordinates>
		</LineString>
		<LineString>
			<coordinates>
				-70.8413457240559,-34.461299772778,-113.997 -70.8411017589758,-34.4608980291093,-113.997 
			</coordinates>
		</LineString>
		<LineString>
			<coordinates>
				-70.841423052766,-34.4614271110349,-113.997 -70.8413457240549,-34.461299772777,-113.997 
			</coordinates>
		</LineString>
		<LineString>
			<coordinates>
				-70.8402080350815,-34.4613252803627,-113.997 -70.8412761022347,-34.4608146817872,-113.997 
			</coordinates>
		</LineString>
		<LineString>
			<coordinates>
				-70.83996367655121,-34.4609216550325,-113.997 -70.8410311648766,-34.4604113337516,-113.997 
			</coordinates>
		</LineString>
		<LineString>
			<coordinates>
				-70.8412761022357,-34.4608146817882,-113.997 -70.8410311648766,-34.4604113337516,-113.997 
			</coordinates>
		</LineString>
		<LineString>
			<coordinates>
				-70.8395155002831,-34.4606153700333,-113.997 -70.8408723897679,-34.4599646466724,-113.997 
			</coordinates>
		</LineString>
		<LineString>
			<coordinates>
				-70.8392500683609,-34.4602218093318,-113.997 -70.8406274374767,-34.4595612654973,-113.997 
			</coordinates>
		</LineString>
		<LineString>
			<coordinates>
				-70.8392369663634,-34.4597072416266,-113.997 -70.8402399359296,-34.4592262482361,-113.997 
			</coordinates>
		</LineString>
		<LineString>
			<coordinates>
				-70.84103116487761,-34.4604113337526,-113.997 -70.8407852808715,-34.4600064222221,-113.997 
			</coordinates>
		</LineString>
		<LineString>
			<coordinates>
				-70.8408723897689,-34.4599646466734,-113.997 -70.840627198606,-34.4595608721288,-113.997 
			</coordinates>
		</LineString>
		<LineString>
			<coordinates>
				-70.8402399359306,-34.4592262482371,-113.997 -70.8403618779154,-34.4591590697547,-113.997 
			</coordinates>
		</LineString>
		<LineString>
			<coordinates>
				-70.840627198607,-34.4595608721298,-113.997 -70.8403875258813,-34.4591741561672,-113.997 
			</coordinates>
		</LineString>
		<LineString>
			<coordinates>
				-70.84038752588231,-34.4591741561682,-113.997 -70.8403618779154,-34.4591590697547,-113.997 
			</coordinates>
		</LineString>
		<LineString>
			<coordinates>
				-70.8403747018982,-34.4591666129626,-113.997 -70.8404802594771,-34.4588558317582,-113.997 
			</coordinates>
		</LineString>
		<LineString>
			<coordinates>
				-70.8404802594781,-34.4588558317592,-113.997 -70.8403756836846,-34.4586836153854,-113.997 
			</coordinates>
		</LineString>
		<LineString>
			<coordinates>
				-70.84037568368559,-34.4586836153864,-113.997 -70.8403192994826,-34.4586631521066,-113.997 
			</coordinates>
		</LineString>
		<LineString>
			<coordinates>
				-70.8403192994836,-34.4586631521076,-113.997 -70.84021840122421,-34.4586295531124,-113.997 
			</coordinates>
		</LineString>
		<LineString>
			<coordinates>
				-70.8402184012252,-34.4586295531134,-113.997 -70.8399706856663,-34.4584992654338,-113.997 
			</coordinates>
		</LineString>
		<LineString>
			<coordinates>
				-70.8399706856673,-34.4584992654348,-113.997 -70.8395708130295,-34.4582585417099,-113.997 
			</coordinates>
		</LineString>
		<LineString>
			<coordinates>
				-70.83957081303051,-34.4582585417109,-113.997 -70.8393399844437,-34.4581195814172,-113.997 
			</coordinates>
		</LineString>
		<LineString>
			<coordinates>
				-70.83933998444461,-34.4581195814182,-113.997 -70.8390562298369,-34.4579637256402,-113.997 
			</coordinates>
		</LineString>
		<LineString>
			<coordinates>
				-70.83905622983789,-34.4579637256412,-113.997 -70.8389788841281,-34.4579194122011,-113.997 
			</coordinates>
		</LineString>
		<LineString>
			<coordinates>
				-70.8387179155519,-34.4621622653426,-113.997 -70.84032992249141,-34.4621664459297,-113.997 
			</coordinates>
		</LineString>
		<LineString>
			<coordinates>
				-70.8370014001398,-34.4626992930117,-113.997 -70.8371210616005,-34.462302350655,-113.997 
			</coordinates>
		</LineString>
		<LineString>
			<coordinates>
				-70.8372053343049,-34.4612182486691,-113.997 -70.83882254940229,-34.461554539557,-113.997 
			</coordinates>
		</LineString>
		<LineString>
			<coordinates>
				-70.8369789570384,-34.4604275838678,-113.997 -70.8386725804836,-34.4607797700908,-113.997 
			</coordinates>
		</LineString>
		<LineString>
			<coordinates>
				-70.8369646253601,-34.4600528089507,-113.997 -70.8384430960912,-34.4603602578017,-113.997 
			</coordinates>
		</LineString>
		<LineString>
			<coordinates>
				-70.8388491061035,-34.4617629205801,-113.997 -70.84021898629319,-34.4617604790625,-113.997 
			</coordinates>
		</LineString>
		<LineString>
			<coordinates>
				-70.83883714580389,-34.461371678469,-113.997 -70.838838992978,-34.4613485373489,-113.997 
			</coordinates>
		</LineString>
		<LineString>
			<coordinates>
				-70.84015473720019,-34.4613618193879,-113.997 -70.8389036968975,-34.461357842027,-113.997 
			</coordinates>
		</LineString>
		<LineString>
			<coordinates>
				-70.8372053343049,-34.4612182486691,-113.997 -70.83738871388699,-34.460884588638,-113.997 
			</coordinates>
		</LineString>
		<LineString>
			<coordinates>
				-70.83885174215941,-34.4611888173752,-113.997 -70.83719100131449,-34.4608434738604,-113.997 
			</coordinates>
		</LineString>
		<LineString>
			<coordinates>
				-70.8369385057624,-34.4596228383281,-113.997 -70.8383849967903,-34.4599277411898,-113.997 
			</coordinates>
		</LineString>
		<LineString>
			<coordinates>
				-70.8369646253601,-34.4600528089507,-113.997 -70.83716120255259,-34.4596974404221,-113.997 
			</coordinates>
		</LineString>
		<LineString>
			<coordinates>
				-70.8371612025536,-34.4596974404231,-113.997 -70.83714408506179,-34.4596661731553,-113.997 
			</coordinates>
		</LineString>
		<LineString>
			<coordinates>
				-70.8369385057624,-34.4596228383281,-113.997 -70.83700632047839,-34.4592650361501,-113.997 
			</coordinates>
		</LineString>
		<LineString>
			<coordinates>
				-70.8371910013154,-34.4608434738614,-113.997 -70.8373743802052,-34.4605098138568,-113.997 
			</coordinates>
		</LineString>
		<LineString>
			<coordinates>
				-70.8369789570384,-34.4604275838678,-113.997 -70.8371623359545,-34.4600939241621,-113.997 
			</coordinates>
		</LineString>
		<LineString>
			<coordinates>
				-70.8399038657555,-34.460950247606,-113.997 -70.8388159337977,-34.4609484585212,-113.997 
			</coordinates>
		</LineString>
		<LineString>
			<coordinates>
				-70.83851054712839,-34.4603525015387,-113.997 -70.83923240349129,-34.4603541422897,-113.997 
			</coordinates>
		</LineString>
		<LineString>
			<coordinates>
				-70.8391635417983,-34.4596515401467,-113.997 -70.8384211036436,-34.4596463131598,-113.997 
			</coordinates>
		</LineString>
		<LineString>
			<coordinates>
				-70.8380282878752,-34.4633905288356,-113.997 -70.83802689063251,-34.4633926747802,-113.997 
			</coordinates>
		</LineString>
		<LineString>
			<coordinates>
				-70.8380268906335,-34.4633926747812,-113.997 -70.83798351099171,-34.4634398786655,-113.997 
			</coordinates>
		</LineString>
		<LineString>
			<coordinates>
				-70.8379835109927,-34.4634398786665,-113.997 -70.8379322506552,-34.4635585371021,-113.997 
			</coordinates>
		</LineString>
		<LineString>
			<coordinates>
				-70.83793225065619,-34.4635585371031,-113.997 -70.8379282285191,-34.4635729810405,-113.997 
			</coordinates>
		</LineString>
		<LineString>
			<coordinates>
				-70.8379282285201,-34.4635729810415,-113.997 -70.83792289090739,-34.4635755878119,-113.997 
			</coordinates>
		</LineString>
		<LineString>
			<coordinates>
				-70.8379228909084,-34.4635755878129,-113.997 -70.83791511628,-34.4636075588057,-113.997 
			</coordinates>
		</LineString>
		<LineString>
			<coordinates>
				-70.837915116281,-34.4636075588067,-113.997 -70.8379074622388,-34.4636206896661,-113.997 
			</coordinates>
		</LineString>
		<LineString>
			<coordinates>
				-70.8379074622398,-34.4636206896671,-113.997 -70.83790032652929,-34.463651092975,-113.997 
			</coordinates>
		</LineString>
		<LineString>
			<coordinates>
				-70.8379003265303,-34.463651092976,-113.997 -70.8377545134213,-34.4639457291696,-113.997 
			</coordinates>
		</LineString>
		<LineString>
			<coordinates>
				-70.8377545134223,-34.4639457291706,-113.997 -70.83774550198819,-34.4639648519434,-113.997 
			</coordinates>
		</LineString>
		<LineString>
			<coordinates>
				-70.8377455019892,-34.4639648519444,-113.997 -70.8377120673822,-34.4642474106411,-113.997 
			</coordinates>
		</LineString>
		<LineString>
			<coordinates>
				-70.83771206738319,-34.4642474106422,-113.997 -70.8377107238518,-34.4643051469032,-113.997 
			</coordinates>
		</LineString>
		<LineString>
			<coordinates>
				-70.83771072385279,-34.4643051469043,-113.997 -70.83769995775,-34.4643252947592,-113.997 
			</coordinates>
		</LineString>
		<LineString>
			<coordinates>
				-70.837699957751,-34.4643252947602,-113.997 -70.8377117662363,-34.4644235887035,-113.997 
			</coordinates>
		</LineString>
		<LineString>
			<coordinates>
				-70.83771176623721,-34.4644235887045,-113.997 -70.83772060661239,-34.4644883703262,-113.997 
			</coordinates>
		</LineString>
		<LineString>
			<coordinates>
				-70.8377206066134,-34.4644883703272,-113.997 -70.8377730146937,-34.4647630954047,-113.997 
			</coordinates>
		</LineString>
		<LineString>
			<coordinates>
				-70.8377730146947,-34.4647630954057,-113.997 -70.83778469231819,-34.4647857405316,-113.997 
			</coordinates>
		</LineString>
		<LineString>
			<coordinates>
				-70.8377846923192,-34.4647857405326,-113.997 -70.83776632654561,-34.4648700294598,-113.997 
			</coordinates>
		</LineString>
		<LineString>
			<coordinates>
				-70.8377663265466,-34.4648700294608,-113.997 -70.83776208326501,-34.464901571319,-113.997 
			</coordinates>
		</LineString>
		<LineString>
			<coordinates>
				-70.837762083266,-34.46490157132,-113.997 -70.8377591324782,-34.4649252100272,-113.997 
			</coordinates>
		</LineString>
		<LineString>
			<coordinates>
				-70.83775913247921,-34.4649252100282,-113.997 -70.8377581349385,-34.4650072034081,-113.997 
			</coordinates>
		</LineString>
		<LineString>
			<coordinates>
				-70.83775813493941,-34.4650072034091,-113.997 -70.8377555516483,-34.4650268100252,-113.997 
			</coordinates>
		</LineString>
		<LineString>
			<coordinates>
				-70.83775555164929,-34.4650268100262,-113.997 -70.83775551317351,-34.4650416835421,-113.997 
			</coordinates>
		</LineString>
		<LineString>
			<coordinates>
				-70.8377555131745,-34.4650416835431,-113.997 -70.83774395179969,-34.4651262616664,-113.997 
			</coordinates>
		</LineString>
		<LineString>
			<coordinates>
				-70.8377439518006,-34.4651262616674,-113.997 -70.8377558559707,-34.4652620024804,-113.997 
			</coordinates>
		</LineString>
		<LineString>
			<coordinates>
				-70.83775585597169,-34.4652620024814,-113.997 -70.8377476047543,-34.4653613424047,-113.997 
			</coordinates>
		</LineString>
		<LineString>
			<coordinates>
				-70.83774760475529,-34.4653613424057,-113.997 -70.8378093221762,-34.4654144771849,-113.997 
			</coordinates>
		</LineString>
		<LineString>
			<coordinates>
				-70.83780932217719,-34.4654144771859,-113.997 -70.8378573073019,-34.4654914452633,-113.997 
			</coordinates>
		</LineString>
		<LineString>
			<coordinates>
				-70.8378573073029,-34.4654914452643,-113.997 -70.83785196768859,-34.4655032555829,-113.997 
			</coordinates>
		</LineString>
		<LineString>
			<coordinates>
				-70.8378519676896,-34.4655032555839,-113.997 -70.83782679897909,-34.4656446645663,-113.997 
			</coordinates>
		</LineString>
		<LineString>
			<coordinates>
				-70.8378267989801,-34.4656446645673,-113.997 -70.837771042887,-34.4660511923091,-113.997 
			</coordinates>
		</LineString>
		<LineString>
			<coordinates>
				-70.83777104288799,-34.4660511923101,-113.997 -70.8377701475024,-34.4660641998497,-113.997 
			</coordinates>
		</LineString>
		<LineString>
			<coordinates>
				-70.83777014750341,-34.4660641998507,-113.997 -70.8376581628751,-34.4664379780355,-113.997 
			</coordinates>
		</LineString>
		<LineString>
			<coordinates>
				-70.8376581628761,-34.4664379780365,-113.997 -70.8375795050399,-34.4665837692603,-113.997 
			</coordinates>
		</LineString>
		<LineString>
			<coordinates>
				-70.83757950504091,-34.4665837692613,-113.997 -70.837599973775,-34.4666095389165,-113.997 
			</coordinates>
		</LineString>
		<LineString>
			<coordinates>
				-70.83759997377599,-34.4666095389175,-113.997 -70.8375915445185,-34.4666657523722,-113.997 
			</coordinates>
		</LineString>
		<LineString>
			<coordinates>
				-70.8375915445195,-34.4666657523732,-113.997 -70.83759863441909,-34.4667901444217,-113.997 
			</coordinates>
		</LineString>
		<LineString>
			<coordinates>
				-70.8375986344201,-34.4667901444227,-113.997 -70.8376059996065,-34.4668501388976,-113.997 
			</coordinates>
		</LineString>
		<LineString>
			<coordinates>
				-70.8376059996075,-34.4668501388986,-113.997 -70.8374461831462,-34.4673105680064,-113.997 
			</coordinates>
		</LineString>
		<LineString>
			<coordinates>
				-70.83744618314719,-34.4673105680074,-113.997 -70.83744053207769,-34.467363999718,-113.997 
			</coordinates>
		</LineString>
		<LineString>
			<coordinates>
				-70.8374405320786,-34.467363999719,-113.997 -70.83740082797441,-34.4676175035063,-113.997 
			</coordinates>
		</LineString>
		<LineString>
			<coordinates>
				-70.8374008279754,-34.4676175035073,-113.997 -70.8374232038892,-34.4676686146084,-113.997 
			</coordinates>
		</LineString>
		<LineString>
			<coordinates>
				-70.8374232038902,-34.4676686146094,-113.997 -70.8374252725759,-34.4677244994913,-113.997 
			</coordinates>
		</LineString>
		<LineString>
			<coordinates>
				-70.83742527257689,-34.4677244994923,-113.997 -70.83744199095349,-34.4678186574316,-113.997 
			</coordinates>
		</LineString>
		<LineString>
			<coordinates>
				-70.8374419909545,-34.4678186574326,-113.997 -70.8374475503893,-34.4679246298553,-113.997 
			</coordinates>
		</LineString>
		<LineString>
			<coordinates>
				-70.83744755039029,-34.4679246298563,-113.997 -70.8374486315287,-34.4680936756731,-113.997 
			</coordinates>
		</LineString>
		<LineString>
			<coordinates>
				-70.8374486315297,-34.4680936756741,-113.997 -70.8374510894856,-34.4681456901772,-113.997 
			</coordinates>
		</LineString>
		<LineString>
			<coordinates>
				-70.83745108948661,-34.4681456901782,-113.997 -70.83739136129989,-34.4682034776611,-113.997 
			</coordinates>
		</LineString>
		<LineString>
			<coordinates>
				-70.8373913613009,-34.4682034776621,-113.997 -70.83736719170621,-34.4682129614156,-113.997 
			</coordinates>
		</LineString>
		<LineString>
			<coordinates>
				-70.8373671917072,-34.4682129614166,-113.997 -70.8372850899086,-34.4683398201596,-113.997 
			</coordinates>
		</LineString>
		<LineString>
			<coordinates>
				-70.8372850899096,-34.4683398201606,-113.997 -70.83719265429809,-34.4683983764494,-113.997 
			</coordinates>
		</LineString>
		<LineString>
			<coordinates>
				-70.837192654299,-34.4683983764504,-113.997 -70.8371769715277,-34.4684168991465,-113.997 
			</coordinates>
		</LineString>
		<LineString>
			<coordinates>
				-70.83717697152871,-34.4684168991475,-113.997 -70.8370135109369,-34.4685684597006,-113.997 
			</coordinates>
		</LineString>
		<LineString>
			<coordinates>
				-70.83701351093789,-34.4685684597016,-113.997 -70.8369291857577,-34.4690023917959,-113.997 
			</coordinates>
		</LineString>
		<LineString>
			<coordinates>
				-70.83692918575871,-34.4690023917969,-113.997 -70.836925048746,-34.469041319319,-113.997 
			</coordinates>
		</LineString>
		<LineString>
			<coordinates>
				-70.83692504874701,-34.46904131932,-113.997 -70.8368851260169,-34.4695013095937,-113.997 
			</coordinates>
		</LineString>
		<LineString>
			<coordinates>
				-70.8431216016282,-34.4640008715229,-113.997 -70.8431191976462,-34.4640029365031,-113.997 
			</coordinates>
		</LineString>
		<LineString>
			<coordinates>
				-70.8431191976472,-34.4640029365041,-113.997 -70.84311738023359,-34.463920274134,-113.997 
			</coordinates>
		</LineString>
		<LineString>
			<coordinates>
				-70.8431173802346,-34.463920274135,-113.997 -70.8431198733896,-34.4639222652533,-113.997 
			</coordinates>
		</LineString>
		<LineString>
			<coordinates>
				-70.84311987339061,-34.4639222652543,-113.997 -70.8431216016272,-34.4640008715219,-113.997 
			</coordinates>
		</LineString>
		<LineString>
			<coordinates>
				-70.84311987339061,-34.4639222652543,-113.997 -70.84311738023359,-34.463920274134,-113.997 
			</coordinates>
		</LineString>
		<LineString>
			<coordinates>
				-70.8431173802346,-34.463920274135,-113.997 -70.8432174363395,-34.4639187649803,-113.997 
			</coordinates>
		</LineString>
		<LineString>
			<coordinates>
				-70.8432174363405,-34.4639187649813,-113.997 -70.8432150323632,-34.4639208299633,-113.997 
			</coordinates>
		</LineString>
		<LineString>
			<coordinates>
				-70.8432150323642,-34.4639208299643,-113.997 -70.8431198733896,-34.4639222652533,-113.997 
			</coordinates>
		</LineString>
		<LineString>
			<coordinates>
				-70.8432150323642,-34.4639208299643,-113.997 -70.8432174363395,-34.4639187649803,-113.997 
			</coordinates>
		</LineString>
		<LineString>
			<coordinates>
				-70.8432174363405,-34.4639187649813,-113.997 -70.84321925385071,-34.4640014273448,-113.997 
			</coordinates>
		</LineString>
		<LineString>
			<coordinates>
				-70.8432192538517,-34.4640014273458,-113.997 -70.8432167606899,-34.4639994362277,-113.997 
			</coordinates>
		</LineString>
		<LineString>
			<coordinates>
				-70.84321676069089,-34.4639994362287,-113.997 -70.8432150323632,-34.4639208299633,-113.997 
			</coordinates>
		</LineString>
		<LineString>
			<coordinates>
				-70.84321676069089,-34.4639994362287,-113.997 -70.84321925385071,-34.4640014273448,-113.997 
			</coordinates>
		</LineString>
		<LineString>
			<coordinates>
				-70.8432192538517,-34.4640014273458,-113.997 -70.8431191976462,-34.4640029365031,-113.997 
			</coordinates>
		</LineString>
		<LineString>
			<coordinates>
				-70.8431191976472,-34.4640029365041,-113.997 -70.8431216016272,-34.4640008715219,-113.997 
			</coordinates>
		</LineString>
		<LineString>
			<coordinates>
				-70.8431216016282,-34.4640008715229,-113.997 -70.8432167606899,-34.4639994362277,-113.997 
			</coordinates>
		</LineString>
		<LineString>
			<coordinates>
				-70.83668741832869,-34.4700161425664,-113.997 -70.8366850140166,-34.4700182074287,-113.997 
			</coordinates>
		</LineString>
		<LineString>
			<coordinates>
				-70.8366850140176,-34.4700182074297,-113.997 -70.83668320253931,-34.4699355448419,-113.997 
			</coordinates>
		</LineString>
		<LineString>
			<coordinates>
				-70.8366832025403,-34.4699355448429,-113.997 -70.8366856957342,-34.4699375360898,-113.997 
			</coordinates>
		</LineString>
		<LineString>
			<coordinates>
				-70.8366856957352,-34.4699375360908,-113.997 -70.8366874183277,-34.4700161425654,-113.997 
			</coordinates>
		</LineString>
		<LineString>
			<coordinates>
				-70.8366856957352,-34.4699375360908,-113.997 -70.83668320253931,-34.4699355448419,-113.997 
			</coordinates>
		</LineString>
		<LineString>
			<coordinates>
				-70.8366832025403,-34.4699355448429,-113.997 -70.83678326618541,-34.469934040726,-113.997 
			</coordinates>
		</LineString>
		<LineString>
			<coordinates>
				-70.8367832661864,-34.469934040727,-113.997 -70.83678086187901,-34.4699361055911,-113.997 
			</coordinates>
		</LineString>
		<LineString>
			<coordinates>
				-70.83678086188,-34.4699361055921,-113.997 -70.8366856957342,-34.4699375360898,-113.997 
			</coordinates>
		</LineString>
		<LineString>
			<coordinates>
				-70.83678086188,-34.4699361055921,-113.997 -70.83678326618541,-34.469934040726,-113.997 
			</coordinates>
		</LineString>
		<LineString>
			<coordinates>
				-70.8367832661864,-34.469934040727,-113.997 -70.83678507776131,-34.4700167033082,-113.997 
			</coordinates>
		</LineString>
		<LineString>
			<coordinates>
				-70.8367850777623,-34.4700167033092,-113.997 -70.8367825845616,-34.4700147120625,-113.997 
			</coordinates>
		</LineString>
		<LineString>
			<coordinates>
				-70.8367825845626,-34.4700147120635,-113.997 -70.83678086187901,-34.4699361055911,-113.997 
			</coordinates>
		</LineString>
		<LineString>
			<coordinates>
				-70.8367825845626,-34.4700147120635,-113.997 -70.83678507776131,-34.4700167033082,-113.997 
			</coordinates>
		</LineString>
		<LineString>
			<coordinates>
				-70.8367850777623,-34.4700167033092,-113.997 -70.8366850140166,-34.4700182074287,-113.997 
			</coordinates>
		</LineString>
		<LineString>
			<coordinates>
				-70.8366850140176,-34.4700182074297,-113.997 -70.8366874183277,-34.4700161425654,-113.997 
			</coordinates>
		</LineString>
		<LineString>
			<coordinates>
				-70.83668741832869,-34.4700161425664,-113.997 -70.8367825845616,-34.4700147120625,-113.997 
			</coordinates>
		</LineString>
		<LineString>
			<coordinates>
				-70.8428682543946,-34.4684763998319,-113.997 -70.84286585028291,-34.46847846481,-113.997 
			</coordinates>
		</LineString>
		<LineString>
			<coordinates>
				-70.8428658502839,-34.468478464811,-113.997 -70.8428640328161,-34.4683958024897,-113.997 
			</coordinates>
		</LineString>
		<LineString>
			<coordinates>
				-70.8428640328171,-34.4683958024907,-113.997 -70.8428665261045,-34.4683977936087,-113.997 
			</coordinates>
		</LineString>
		<LineString>
			<coordinates>
				-70.8428665261055,-34.4683977936097,-113.997 -70.84286825439359,-34.4684763998309,-113.997 
			</coordinates>
		</LineString>
		<LineString>
			<coordinates>
				-70.8428665261055,-34.4683977936097,-113.997 -70.8428640328161,-34.4683958024897,-113.997 
			</coordinates>
		</LineString>
		<LineString>
			<coordinates>
				-70.8428640328171,-34.4683958024907,-113.997 -70.84296409427689,-34.4683942933727,-113.997 
			</coordinates>
		</LineString>
		<LineString>
			<coordinates>
				-70.8429640942778,-34.4683942933737,-113.997 -70.8429616901708,-34.4683963583537,-113.997 
			</coordinates>
		</LineString>
		<LineString>
			<coordinates>
				-70.8429616901718,-34.4683963583547,-113.997 -70.8428665261045,-34.4683977936087,-113.997 
			</coordinates>
		</LineString>
		<LineString>
			<coordinates>
				-70.8429616901718,-34.4683963583547,-113.997 -70.84296409427689,-34.4683942933727,-113.997 
			</coordinates>
		</LineString>
		<LineString>
			<coordinates>
				-70.8429640942778,-34.4683942933737,-113.997 -70.8429659118421,-34.4684769556884,-113.997 
			</coordinates>
		</LineString>
		<LineString>
			<coordinates>
				-70.84296591184309,-34.4684769556894,-113.997 -70.842963418549,-34.4684749645716,-113.997 
			</coordinates>
		</LineString>
		<LineString>
			<coordinates>
				-70.84296341855,-34.4684749645726,-113.997 -70.8429616901708,-34.4683963583537,-113.997 
			</coordinates>
		</LineString>
		<LineString>
			<coordinates>
				-70.84296341855,-34.4684749645726,-113.997 -70.8429659118421,-34.4684769556884,-113.997 
			</coordinates>
		</LineString>
		<LineString>
			<coordinates>
				-70.84296591184309,-34.4684769556894,-113.997 -70.84286585028291,-34.46847846481,-113.997 
			</coordinates>
		</LineString>
		<LineString>
			<coordinates>
				-70.8428658502839,-34.468478464811,-113.997 -70.84286825439359,-34.4684763998309,-113.997 
			</coordinates>
		</LineString>
		<LineString>
			<coordinates>
				-70.8428682543946,-34.4684763998319,-113.997 -70.842963418549,-34.4684749645716,-113.997 
			</coordinates>
		</LineString>
		<LineString>
			<coordinates>
				-70.8488836156843,-34.4719736350618,-113.997 -70.8488812116301,-34.4719757001557,-113.997 
			</coordinates>
		</LineString>
		<LineString>
			<coordinates>
				-70.8488812116311,-34.4719757001567,-113.997 -70.8488793879948,-34.4718930381633,-113.997 
			</coordinates>
		</LineString>
		<LineString>
			<coordinates>
				-70.84887938799579,-34.4718930381643,-113.997 -70.8488818815283,-34.4718950291505,-113.997 
			</coordinates>
		</LineString>
		<LineString>
			<coordinates>
				-70.84888188152929,-34.4718950291515,-113.997 -70.84888361568331,-34.4719736350608,-113.997 
			</coordinates>
		</LineString>
		<LineString>
			<coordinates>
				-70.84888188152929,-34.4718950291515,-113.997 -70.8488793879948,-34.4718930381633,-113.997 
			</coordinates>
		</LineString>
		<LineString>
			<coordinates>
				-70.84887938799579,-34.4718930381643,-113.997 -70.8489794532898,-34.4718915239884,-113.997 
			</coordinates>
		</LineString>
		<LineString>
			<coordinates>
				-70.8489794532908,-34.4718915239894,-113.997 -70.8489770492413,-34.4718935890851,-113.997 
			</coordinates>
		</LineString>
		<LineString>
			<coordinates>
				-70.84897704924229,-34.4718935890861,-113.997 -70.8488818815283,-34.4718950291505,-113.997 
			</coordinates>
		</LineString>
		<LineString>
			<coordinates>
				-70.84897704924229,-34.4718935890861,-113.997 -70.8489794532898,-34.4718915239884,-113.997 
			</coordinates>
		</LineString>
		<LineString>
			<coordinates>
				-70.8489794532908,-34.4718915239894,-113.997 -70.8489812770236,-34.4719741859762,-113.997 
			</coordinates>
		</LineString>
		<LineString>
			<coordinates>
				-70.84898127702461,-34.4719741859772,-113.997 -70.84897878348541,-34.4719721949912,-113.997 
			</coordinates>
		</LineString>
		<LineString>
			<coordinates>
				-70.8489787834863,-34.4719721949922,-113.997 -70.8489770492413,-34.4718935890851,-113.997 
			</coordinates>
		</LineString>
		<LineString>
			<coordinates>
				-70.8489787834863,-34.4719721949922,-113.997 -70.8489812770236,-34.4719741859762,-113.997 
			</coordinates>
		</LineString>
		<LineString>
			<coordinates>
				-70.84898127702461,-34.4719741859772,-113.997 -70.8488812116301,-34.4719757001557,-113.997 
			</coordinates>
		</LineString>
		<LineString>
			<coordinates>
				-70.8488812116311,-34.4719757001567,-113.997 -70.84888361568331,-34.4719736350608,-113.997 
			</coordinates>
		</LineString>
		<LineString>
			<coordinates>
				-70.8488836156843,-34.4719736350618,-113.997 -70.84897878348541,-34.4719721949912,-113.997 
			</coordinates>
		</LineString>
		<LineString>
			<coordinates>
				-70.8524561105319,-34.4717353555662,-113.997 -70.8524537065756,-34.4717374207274,-113.997 
			</coordinates>
		</LineString>
		<LineString>
			<coordinates>
				-70.8524537065766,-34.4717374207284,-113.997 -70.8524518794341,-34.4716547588989,-113.997 
			</coordinates>
		</LineString>
		<LineString>
			<coordinates>
				-70.85245187943509,-34.4716547588999,-113.997 -70.85245437304179,-34.4716567498107,-113.997 
			</coordinates>
		</LineString>
		<LineString>
			<coordinates>
				-70.8524543730428,-34.4716567498117,-113.997 -70.85245611053089,-34.4717353555652,-113.997 
			</coordinates>
		</LineString>
		<LineString>
			<coordinates>
				-70.8524543730428,-34.4716567498117,-113.997 -70.8524518794341,-34.4716547588989,-113.997 
			</coordinates>
		</LineString>
		<LineString>
			<coordinates>
				-70.85245187943509,-34.4716547588999,-113.997 -70.85255194424241,-34.4716532418084,-113.997 
			</coordinates>
		</LineString>
		<LineString>
			<coordinates>
				-70.8525519442434,-34.4716532418094,-113.997 -70.8525495402919,-34.4716553069724,-113.997 
			</coordinates>
		</LineString>
		<LineString>
			<coordinates>
				-70.8525495402929,-34.4716553069734,-113.997 -70.85245437304179,-34.4716567498107,-113.997 
			</coordinates>
		</LineString>
		<LineString>
			<coordinates>
				-70.8525495402929,-34.4716553069734,-113.997 -70.85255194424241,-34.4716532418084,-113.997 
			</coordinates>
		</LineString>
		<LineString>
			<coordinates>
				-70.8525519442434,-34.4716532418094,-113.997 -70.8525537714826,-34.4717359036324,-113.997 
			</coordinates>
		</LineString>
		<LineString>
			<coordinates>
				-70.8525537714836,-34.4717359036334,-113.997 -70.85255127787021,-34.4717339127228,-113.997 
			</coordinates>
		</LineString>
		<LineString>
			<coordinates>
				-70.8525512778712,-34.4717339127238,-113.997 -70.8525495402919,-34.4716553069724,-113.997 
			</coordinates>
		</LineString>
		<LineString>
			<coordinates>
				-70.8525512778712,-34.4717339127238,-113.997 -70.8525537714826,-34.4717359036324,-113.997 
			</coordinates>
		</LineString>
		<LineString>
			<coordinates>
				-70.8525537714836,-34.4717359036334,-113.997 -70.8524537065756,-34.4717374207274,-113.997 
			</coordinates>
		</LineString>
		<LineString>
			<coordinates>
				-70.8524537065766,-34.4717374207284,-113.997 -70.85245611053089,-34.4717353555652,-113.997 
			</coordinates>
		</LineString>
		<LineString>
			<coordinates>
				-70.8524561105319,-34.4717353555662,-113.997 -70.85255127787021,-34.4717339127228,-113.997 
			</coordinates>
		</LineString>
		<LineString>
			<coordinates>
				-70.8415485717663,-34.467684579886,-113.997 -70.8415461676426,-34.4676866448388,-113.997 
			</coordinates>
		</LineString>
		<LineString>
			<coordinates>
				-70.8415461676436,-34.4676866448398,-113.997 -70.8415443515307,-34.4676039824463,-113.997 
			</coordinates>
		</LineString>
		<LineString>
			<coordinates>
				-70.8415443515317,-34.4676039824473,-113.997 -70.84154684476449,-34.4676059735942,-113.997 
			</coordinates>
		</LineString>
		<LineString>
			<coordinates>
				-70.8415468447655,-34.4676059735952,-113.997 -70.8415485717653,-34.467684579885,-113.997 
			</coordinates>
		</LineString>
		<LineString>
			<coordinates>
				-70.8415468447655,-34.4676059735952,-113.997 -70.8415443515307,-34.4676039824463,-113.997 
			</coordinates>
		</LineString>
		<LineString>
			<coordinates>
				-70.8415443515317,-34.4676039824473,-113.997 -70.8416444121208,-34.4676024744398,-113.997 
			</coordinates>
		</LineString>
		<LineString>
			<coordinates>
				-70.84164441212179,-34.4676024744408,-113.997 -70.84164200800291,-34.4676045393953,-113.997 
			</coordinates>
		</LineString>
		<LineString>
			<coordinates>
				-70.8416420080039,-34.4676045393963,-113.997 -70.84154684476449,-34.4676059735942,-113.997 
			</coordinates>
		</LineString>
		<LineString>
			<coordinates>
				-70.8416420080039,-34.4676045393963,-113.997 -70.8416444121208,-34.4676024744398,-113.997 
			</coordinates>
		</LineString>
		<LineString>
			<coordinates>
				-70.84164441212179,-34.4676024744408,-113.997 -70.8416462283313,-34.4676851368276,-113.997 
			</coordinates>
		</LineString>
		<LineString>
			<coordinates>
				-70.84164622833229,-34.4676851368286,-113.997 -70.8416437350927,-34.4676831456819,-113.997 
			</coordinates>
		</LineString>
		<LineString>
			<coordinates>
				-70.8416437350937,-34.4676831456829,-113.997 -70.84164200800291,-34.4676045393953,-113.997 
			</coordinates>
		</LineString>
		<LineString>
			<coordinates>
				-70.8416437350937,-34.4676831456829,-113.997 -70.8416462283313,-34.4676851368276,-113.997 
			</coordinates>
		</LineString>
		<LineString>
			<coordinates>
				-70.84164622833229,-34.4676851368286,-113.997 -70.8415461676426,-34.4676866448388,-113.997 
			</coordinates>
		</LineString>
		<LineString>
			<coordinates>
				-70.8415461676436,-34.4676866448398,-113.997 -70.8415485717653,-34.467684579885,-113.997 
			</coordinates>
		</LineString>
		<LineString>
			<coordinates>
				-70.8415485717663,-34.467684579886,-113.997 -70.8416437350927,-34.4676831456819,-113.997 
			</coordinates>
		</LineString>
		<LineString>
			<coordinates>
				-70.8411909317614,-34.4635170776967,-113.997 -70.8411905048079,-34.4635164794808,-113.997 
			</coordinates>
		</LineString>
		<LineString>
			<coordinates>
				-70.8514662468115,-34.4739843230967,-113.997 -70.8505740518746,-34.4741961011375,-113.997 
			</coordinates>
		</LineString>
		<LineString>
			<coordinates>
				-70.8505740518756,-34.4741961011385,-113.997 -70.8498767893837,-34.4743757819767,-113.997 
			</coordinates>
		</LineString>
		<LineString>
			<coordinates>
				-70.84987678938469,-34.4743757819777,-113.997 -70.8482037310831,-34.4745429895599,-113.997 
			</coordinates>
		</LineString>
		<LineString>
			<coordinates>
				-70.83892323048499,-34.4578875266703,-113.997 -70.8377501827168,-34.4580317630861,-113.997 
			</coordinates>
		</LineString>
		<LineString>
			<coordinates>
				-70.8363942286478,-34.4586517955042,-113.997 -70.8379527691188,-34.4585725543902,-113.997 
			</coordinates>
		</LineString>
		<LineString>
			<coordinates>
				-70.8358566123101,-34.4576358119183,-113.997 -70.8374158717556,-34.4575565407667,-113.997 
			</coordinates>
		</LineString>
		<LineString>
			<coordinates>
				-70.8356583265691,-34.4572998346894,-113.997 -70.8372186504092,-34.4572205118393,-113.997 
			</coordinates>
		</LineString>
		<LineString>
			<coordinates>
				-70.83622378836399,-34.4583146248936,-113.997 -70.8377823228431,-34.4582353861456,-113.997 
			</coordinates>
		</LineString>
		<LineString>
			<coordinates>
				-70.83605142502159,-34.4579736468567,-113.997 -70.8376099534413,-34.4578944105013,-113.997 
			</coordinates>
		</LineString>
		<LineString>
			<coordinates>
				-70.8354600424654,-34.4569638570702,-113.997 -70.8370214306921,-34.4568844825252,-113.997 
			</coordinates>
		</LineString>
		<LineString>
			<coordinates>
				-70.835261759999,-34.4566278790608,-113.997 -70.8368242126043,-34.4565484528246,-113.997 
			</coordinates>
		</LineString>
		<LineString>
			<coordinates>
				-70.8350634791699,-34.4562919006612,-113.997 -70.8366269961457,-34.4562124227374,-113.997 
			</coordinates>
		</LineString>
		<LineString>
			<coordinates>
				-70.8388225494033,-34.461554539558,-113.997 -70.8388517421584,-34.4611888173742,-113.997 
			</coordinates>
		</LineString>
		<LineString>
			<coordinates>
				-70.83885174215941,-34.4611888173752,-113.997 -70.8386725804836,-34.4607797700908,-113.997 
			</coordinates>
		</LineString>
		<LineString>
			<coordinates>
				-70.8386725804846,-34.4607797700918,-113.997 -70.8384430960912,-34.4603602578017,-113.997 
			</coordinates>
		</LineString>
		<LineString>
			<coordinates>
				-70.83844309609221,-34.4603602578027,-113.997 -70.8383849967903,-34.4599277411898,-113.997 
			</coordinates>
		</LineString>
		<LineString>
			<coordinates>
				-70.83838499679131,-34.4599277411908,-113.997 -70.8384043013647,-34.4598284555324,-113.997 
			</coordinates>
		</LineString>
		<LineString>
			<coordinates>
				-70.8384043013657,-34.4598284555334,-113.997 -70.8383630477375,-34.4596834250413,-113.997 
			</coordinates>
		</LineString>
		<LineString>
			<coordinates>
				-70.8383630477385,-34.4596834250423,-113.997 -70.83832156481159,-34.4594996890223,-113.997 
			</coordinates>
		</LineString>
		<LineString>
			<coordinates>
				-70.8383215648126,-34.4594996890233,-113.997 -70.83819558999851,-34.4590528850539,-113.997 
			</coordinates>
		</LineString>
		<LineString>
			<coordinates>
				-70.8400850445408,-34.4785836653166,-113.997 -70.83966252658711,-34.476462712432,-113.997 
			</coordinates>
		</LineString>
		<LineString>
			<coordinates>
				-70.84004668145801,-34.4798456106232,-113.997 -70.8394046842905,-34.4799096352297,-113.997 
			</coordinates>
		</LineString>
		<LineString>
			<coordinates>
				-70.83940468429149,-34.4799096352307,-113.997 -70.8390629027415,-34.4800018711307,-113.997 
			</coordinates>
		</LineString>
		<LineString>
			<coordinates>
				-70.83894309497251,-34.4800342031426,-113.997 -70.8385215910714,-34.480147951477,-113.997 
			</coordinates>
		</LineString>
		<LineString>
			<coordinates>
				-70.8359488316337,-34.471942856556,-113.997 -70.83735164664689,-34.4718635802323,-113.997 
			</coordinates>
		</LineString>
		<LineString>
			<coordinates>
				-70.8380259670041,-34.4716923381631,-113.997 -70.8381271033942,-34.4728725450798,-113.997 
			</coordinates>
		</LineString>
		<LineString>
			<coordinates>
				-70.8385865564446,-34.4754258133658,-113.997 -70.8403525006314,-34.4752659125599,-113.997 
			</coordinates>
		</LineString>
		<LineString>
			<coordinates>
				-70.8405082632881,-34.4752518074828,-113.997 -70.840755842485,-34.4752293875451,-113.997 
			</coordinates>
		</LineString>
		<LineString>
			<coordinates>
				-70.8402398659025,-34.4715031366112,-113.997 -70.8403303190085,-34.4714929455901,-113.997 
			</coordinates>
		</LineString>
		<LineString>
			<coordinates>
				-70.8403303190095,-34.4714929455911,-113.997 -70.8405562025165,-34.4714690553231,-113.997 
			</coordinates>
		</LineString>
		<LineString>
			<coordinates>
				-70.8405562025175,-34.4714690553241,-113.997 -70.84075357254071,-34.4714464918698,-113.997 
			</coordinates>
		</LineString>
		<LineString>
			<coordinates>
				-70.8407535725417,-34.4714464918708,-113.997 -70.8409308737661,-34.4714258518003,-113.997 
			</coordinates>
		</LineString>
		<LineString>
			<coordinates>
				-70.84093087376711,-34.4714258518013,-113.997 -70.84115872228929,-34.4714038576897,-113.997 
			</coordinates>
		</LineString>
		<LineString>
			<coordinates>
				-70.8411587222903,-34.4714038576907,-113.997 -70.84139776731671,-34.4713766887468,-113.997 
			</coordinates>
		</LineString>
		<LineString>
			<coordinates>
				-70.8413977673177,-34.4713766887478,-113.997 -70.8416250718725,-34.47135454366,-113.997 
			</coordinates>
		</LineString>
		<LineString>
			<coordinates>
				-70.84162507187349,-34.471354543661,-113.997 -70.84183899441391,-34.4713307869307,-113.997 
			</coordinates>
		</LineString>
		<LineString>
			<coordinates>
				-70.8418389944149,-34.4713307869317,-113.997 -70.84195645086911,-34.4713181347511,-113.997 
			</coordinates>
		</LineString>
		<LineString>
			<coordinates>
				-70.8419564508701,-34.4713181347521,-113.997 -70.84195655529631,-34.4713181126288,-113.997 
			</coordinates>
		</LineString>
		<LineString>
			<coordinates>
				-70.84032502811171,-34.4748670019474,-113.997 -70.8391383689728,-34.4749392207392,-113.997 
			</coordinates>
		</LineString>
		<LineString>
			<coordinates>
				-70.839891089571,-34.4725537415229,-113.997 -70.83899879562919,-34.4726073861821,-113.997 
			</coordinates>
		</LineString>
		<LineString>
			<coordinates>
				-70.8389164096926,-34.4734832213044,-113.997 -70.8389134626326,-34.4734683328241,-113.997 
			</coordinates>
		</LineString>
		<LineString>
			<coordinates>
				-70.8389134626336,-34.4734683328251,-113.997 -70.8388560840509,-34.4731698773973,-113.997 
			</coordinates>
		</LineString>
		<LineString>
			<coordinates>
				-70.8388560840519,-34.4731698773983,-113.997 -70.8387883760592,-34.4728120252081,-113.997 
			</coordinates>
		</LineString>
		<LineString>
			<coordinates>
				-70.83878837606019,-34.4728120252091,-113.997 -70.8387797586947,-34.4727646717565,-113.997 
			</coordinates>
		</LineString>
		<LineString>
			<coordinates>
				-70.83989086620601,-34.472607987599,-113.997 -70.8390036229662,-34.4726613286107,-113.997 
			</coordinates>
		</LineString>
		<LineString>
			<coordinates>
				-70.84240070104551,-34.4795221896981,-113.997 -70.8415060505797,-34.4796369637218,-113.997 
			</coordinates>
		</LineString>
		<LineString>
			<coordinates>
				-70.8415060505807,-34.4796369637228,-113.997 -70.84131309594579,-34.4796581067622,-113.997 
			</coordinates>
		</LineString>
		<LineString>
			<coordinates>
				-70.8413130959468,-34.4796581067632,-113.997 -70.8412339143966,-34.4796706992922,-113.997 
			</coordinates>
		</LineString>
		<LineString>
			<coordinates>
				-70.84123391439751,-34.4796706992932,-113.997 -70.8410877183283,-34.4796918682282,-113.997 
			</coordinates>
		</LineString>
		<LineString>
			<coordinates>
				-70.84108771832931,-34.4796918682292,-113.997 -70.8409800745215,-34.4797065440232,-113.997 
			</coordinates>
		</LineString>
		<LineString>
			<coordinates>
				-70.8402806257521,-34.475326833787,-113.997 -70.8407607174033,-34.4752833587712,-113.997 
			</coordinates>
		</LineString>
		<LineString>
			<coordinates>
				-70.8386098611245,-34.4754781159632,-113.997 -70.8401225948756,-34.4753411439451,-113.997 
			</coordinates>
		</LineString>
		<LineString>
			<coordinates>
				-70.8404511189229,-34.4753113948767,-113.997 -70.84076067867259,-34.4752833622689,-113.997 
			</coordinates>
		</LineString>
		<LineString>
			<coordinates>
				-70.84091492498079,-34.4797154262456,-113.997 -70.8407502803868,-34.479737873051,-113.997 
			</coordinates>
		</LineString>
		<LineString>
			<coordinates>
				-70.84075028038779,-34.479737873052,-113.997 -70.8406871285095,-34.4797480471016,-113.997 
			</coordinates>
		</LineString>
		<LineString>
			<coordinates>
				-70.8406871285105,-34.4797480471026,-113.997 -70.8400513653098,-34.4798449197415,-113.997 
			</coordinates>
		</LineString>
		<LineString>
			<coordinates>
				-70.8400513653108,-34.4798449197425,-113.997 -70.8400473754796,-34.4798452128886,-113.997 
			</coordinates>
		</LineString>
		<LineString>
			<coordinates>
				-70.84486110469351,-34.4803601277459,-113.997 -70.84502724666341,-34.4812437431893,-113.997 
			</coordinates>
		</LineString>
		<LineString>
			<coordinates>
				-70.84240070104551,-34.4795221896981,-113.997 -70.8425186871556,-34.4795089374119,-113.997 
			</coordinates>
		</LineString>
		<LineString>
			<coordinates>
				-70.840755842486,-34.4752293875462,-113.997 -70.84191381916931,-34.4751908491358,-113.997 
			</coordinates>
		</LineString>
		<LineString>
			<coordinates>
				-70.8415868012659,-34.4713582752542,-113.997 -70.8416249101319,-34.4713545624767,-113.997 
			</coordinates>
		</LineString>
		<LineString>
			<coordinates>
				-70.84162491013289,-34.4713545624777,-113.997 -70.8418392287488,-34.4713307617619,-113.997 
			</coordinates>
		</LineString>
		<LineString>
			<coordinates>
				-70.84183922874981,-34.4713307617629,-113.997 -70.8421294348133,-34.4712995011207,-113.997 
			</coordinates>
		</LineString>
		<LineString>
			<coordinates>
				-70.8422213458215,-34.4713385259103,-113.997 -70.8422492758307,-34.4714133579616,-113.997 
			</coordinates>
		</LineString>
		<LineString>
			<coordinates>
				-70.8422492758317,-34.4714133579626,-113.997 -70.84227684628659,-34.4715054356356,-113.997 
			</coordinates>
		</LineString>
		<LineString>
			<coordinates>
				-70.8422768462876,-34.4715054356366,-113.997 -70.8423190144122,-34.4717023070857,-113.997 
			</coordinates>
		</LineString>
		<LineString>
			<coordinates>
				-70.84231901441321,-34.4717023070867,-113.997 -70.8423727834703,-34.4719884404185,-113.997 
			</coordinates>
		</LineString>
		<LineString>
			<coordinates>
				-70.8423727834713,-34.4719884404195,-113.997 -70.8424273604153,-34.4722697043196,-113.997 
			</coordinates>
		</LineString>
		<LineString>
			<coordinates>
				-70.84242736041629,-34.4722697043206,-113.997 -70.8424793583895,-34.4725365986438,-113.997 
			</coordinates>
		</LineString>
		<LineString>
			<coordinates>
				-70.84247935839051,-34.4725365986449,-113.997 -70.84252754281221,-34.472830624386,-113.997 
			</coordinates>
		</LineString>
		<LineString>
			<coordinates>
				-70.8425275428132,-34.472830624387,-113.997 -70.8425894801052,-34.4731483013469,-113.997 
			</coordinates>
		</LineString>
		<LineString>
			<coordinates>
				-70.8425894801062,-34.4731483013479,-113.997 -70.8429631267677,-34.4750871738664,-113.997 
			</coordinates>
		</LineString>
		<LineString>
			<coordinates>
				-70.8429233499252,-34.4751288183942,-113.997 -70.84191381916931,-34.4751908491358,-113.997 
			</coordinates>
		</LineString>
		<LineString>
			<coordinates>
				-70.8426418574515,-34.4805145865045,-113.997 -70.8426325166314,-34.4795530676478,-113.997 
			</coordinates>
		</LineString>
		<LineString>
			<coordinates>
				-70.844229934075,-34.477148774645,-113.997 -70.8432309472159,-34.4771921769842,-113.997 
			</coordinates>
		</LineString>
		<LineString>
			<coordinates>
				-70.8462771735725,-34.4768658756785,-113.997 -70.8452573024106,-34.4769003410664,-113.997 
			</coordinates>
		</LineString>
		<LineString>
			<coordinates>
				-70.8459489528405,-34.4754805015166,-113.997 -70.8461746307558,-34.4762175732938,-113.997 
			</coordinates>
		</LineString>
		<LineString>
			<coordinates>
				-70.84617463075681,-34.4762175732948,-113.997 -70.84626325892491,-34.4765070319459,-113.997 
			</coordinates>
		</LineString>
		<LineString>
			<coordinates>
				-70.8462632589259,-34.4765070319469,-113.997 -70.84628220197941,-34.4765659610905,-113.997 
			</coordinates>
		</LineString>
		<LineString>
			<coordinates>
				-70.8462993902215,-34.4766194311813,-113.997 -70.84709647096351,-34.4790989481326,-113.997 
			</coordinates>
		</LineString>
		<LineString>
			<coordinates>
				-70.8470964709645,-34.4790989481336,-113.997 -70.84723066839381,-34.4795668436909,-113.997 
			</coordinates>
		</LineString>
		<LineString>
			<coordinates>
				-70.8472306683948,-34.4795668436919,-113.997 -70.84732889109171,-34.4799077970072,-113.997 
			</coordinates>
		</LineString>
		<LineString>
			<coordinates>
				-70.8473288910927,-34.4799077970082,-113.997 -70.8473963707778,-34.4801420326351,-113.997 
			</coordinates>
		</LineString>
		<LineString>
			<coordinates>
				-70.8429333692098,-34.4751816861567,-113.997 -70.8429810229066,-34.475178868137,-113.997 
			</coordinates>
		</LineString>
		<LineString>
			<coordinates>
				-70.84304674602529,-34.4751768943737,-113.997 -70.84320044788829,-34.4751802905503,-113.997 
			</coordinates>
		</LineString>
		<LineString>
			<coordinates>
				-70.8432004478892,-34.4751802905513,-113.997 -70.8434551298805,-34.4751938726958,-113.997 
			</coordinates>
		</LineString>
		<LineString>
			<coordinates>
				-70.84345512988151,-34.4751938726968,-113.997 -70.8437455838034,-34.4752052581759,-113.997 
			</coordinates>
		</LineString>
		<LineString>
			<coordinates>
				-70.84374558380441,-34.4752052581769,-113.997 -70.8440457975946,-34.4752187290567,-113.997 
			</coordinates>
		</LineString>
		<LineString>
			<coordinates>
				-70.8440457975956,-34.4752187290577,-113.997 -70.84422856279519,-34.4752266388906,-113.997 
			</coordinates>
		</LineString>
		<LineString>
			<coordinates>
				-70.8418081481655,-34.4752484982755,-113.997 -70.8419154476078,-34.4752449228449,-113.997 
			</coordinates>
		</LineString>
		<LineString>
			<coordinates>
				-70.8459705711757,-34.4758814497704,-113.997 -70.84387625395701,-34.4759514792176,-113.997 
			</coordinates>
		</LineString>
		<LineString>
			<coordinates>
				-70.8467389225689,-34.4783022765929,-113.997 -70.84468968188069,-34.4783715273944,-113.997 
			</coordinates>
		</LineString>
		<LineString>
			<coordinates>
				-70.84658500435781,-34.4778234765743,-113.997 -70.8445361127315,-34.4778927130201,-113.997 
			</coordinates>
		</LineString>
		<LineString>
			<coordinates>
				-70.8464310880257,-34.4773446762695,-113.997 -70.84438254545729,-34.4774138983607,-113.997 
			</coordinates>
		</LineString>
		<LineString>
			<coordinates>
				-70.84525869999941,-34.4769046985795,-113.997 -70.84423037155091,-34.4769394411458,-113.997 
			</coordinates>
		</LineString>
		<LineString>
			<coordinates>
				-70.8461253631036,-34.4763870037568,-113.997 -70.8441023304225,-34.4764546527419,-113.997 
			</coordinates>
		</LineString>
		<LineString>
			<coordinates>
				-70.8429249860727,-34.4751828916356,-113.997 -70.8419154476078,-34.4752449228449,-113.997 
			</coordinates>
		</LineString>
		<LineString>
			<coordinates>
				-70.8439261055547,-34.4761081403772,-113.997 -70.8429904471265,-34.4761490737574,-113.997 
			</coordinates>
		</LineString>
		<LineString>
			<coordinates>
				-70.84277186047299,-34.4737514887819,-113.997 -70.84529752863951,-34.4735940793073,-113.997 
			</coordinates>
		</LineString>
		<LineString>
			<coordinates>
				-70.84269692420121,-34.473362636139,-113.997 -70.8452022259187,-34.4732064973788,-113.997 
			</coordinates>
		</LineString>
		<LineString>
			<coordinates>
				-70.8426215799343,-34.4729736289678,-113.997 -70.8451068862413,-34.4728187377794,-113.997 
			</coordinates>
		</LineString>
		<LineString>
			<coordinates>
				-70.8425523402318,-34.4725797426673,-113.997 -70.8450104467653,-34.4724265479654,-113.997 
			</coordinates>
		</LineString>
		<LineString>
			<coordinates>
				-70.84246243030771,-34.472109530655,-113.997 -70.84489521822999,-34.4719579154998,-113.997 
			</coordinates>
		</LineString>
		<LineString>
			<coordinates>
				-70.8423815750043,-34.4716847010295,-113.997 -70.8447911178574,-34.471534536002,-113.997 
			</coordinates>
		</LineString>
		<LineString>
			<coordinates>
				-70.841579765183,-34.4713044997783,-113.997 -70.8416178740251,-34.4713007870037,-113.997 
			</coordinates>
		</LineString>
		<LineString>
			<coordinates>
				-70.8416178740261,-34.4713007870047,-113.997 -70.84183219250779,-34.4712769863055,-113.997 
			</coordinates>
		</LineString>
		<LineString>
			<coordinates>
				-70.8418321925088,-34.4712769863065,-113.997 -70.8421053432164,-34.4712475628685,-113.997 
			</coordinates>
		</LineString>
		<LineString>
			<coordinates>
				-70.84655484059709,-34.4746524369189,-113.997 -70.8481809000166,-34.4744899492008,-113.997 
			</coordinates>
		</LineString>
		<LineString>
			<coordinates>
				-70.8452678061512,-34.4732021818393,-113.997 -70.8477413117714,-34.4730538389606,-113.997 
			</coordinates>
		</LineString>
		<LineString>
			<coordinates>
				-70.8463624319407,-34.4726746542942,-113.997 -70.8477165304878,-34.4725934391222,-113.997 
			</coordinates>
		</LineString>
		<LineString>
			<coordinates>
				-70.84504396295389,-34.4722918320672,-113.997 -70.8474033846619,-34.4721503358403,-113.997 
			</coordinates>
		</LineString>
		<LineString>
			<coordinates>
				-70.8461385837646,-34.4717643064823,-113.997 -70.8474013905913,-34.4716885691531,-113.997 
			</coordinates>
		</LineString>
		<LineString>
			<coordinates>
				-70.8454003277092,-34.4713466915758,-113.997 -70.8467367991091,-34.4712665437101,-113.997 
			</coordinates>
		</LineString>
		<LineString>
			<coordinates>
				-70.844252043967,-34.480415357436,-113.997 -70.84441778814561,-34.4812938371621,-113.997 
			</coordinates>
		</LineString>
		<LineString>
			<coordinates>
				-70.8430581557808,-34.4805447758087,-113.997 -70.8432197973639,-34.4814367187707,-113.997 
			</coordinates>
		</LineString>
		<LineString>
			<coordinates>
				-70.84861915708299,-34.4802426068807,-113.997 -70.8488702241763,-34.4811140506854,-113.997 
			</coordinates>
		</LineString>
		<LineString>
			<coordinates>
				-70.8491841936779,-34.4802214243912,-113.997 -70.849435322179,-34.4810930600251,-113.997 
			</coordinates>
		</LineString>
		<LineString>
			<coordinates>
				-70.8497476365233,-34.4801947090795,-113.997 -70.8499986463967,-34.4810659118038,-113.997 
			</coordinates>
		</LineString>
		<LineString>
			<coordinates>
				-70.8443282398966,-34.470002250482,-113.997 -70.84446348504351,-34.4709570773444,-113.997 
			</coordinates>
		</LineString>
		<LineString>
			<coordinates>
				-70.84818575226529,-34.4788884642443,-113.997 -70.8470432405024,-34.4789333667309,-113.997 
			</coordinates>
		</LineString>
		<LineString>
			<coordinates>
				-70.84780767575209,-34.477964921298,-113.997 -70.8467453679003,-34.4780067754086,-113.997 
			</coordinates>
		</LineString>
		<LineString>
			<coordinates>
				-70.8476590080087,-34.4775024750064,-113.997 -70.84659670692091,-34.4775443275995,-113.997 
			</coordinates>
		</LineString>
		<LineString>
			<coordinates>
				-70.8475103420183,-34.4770400284477,-113.997 -70.8464480476943,-34.4770818795234,-113.997 
			</coordinates>
		</LineString>
		<LineString>
			<coordinates>
				-70.8473106275724,-34.4765795929925,-113.997 -70.84629939022049,-34.4766194311803,-113.997 
			</coordinates>
		</LineString>
		<LineString>
			<coordinates>
				-70.8473113111599,-34.476525418898,-113.997 -70.84628220197941,-34.4765659610905,-113.997 
			</coordinates>
		</LineString>
		<LineString>
			<coordinates>
				-70.8516729273895,-34.4789375318672,-113.997 -70.85320079205751,-34.4783143223039,-113.997 
			</coordinates>
		</LineString>
		<LineString>
			<coordinates>
				-70.85164345182589,-34.478889285791,-113.997 -70.8531249711328,-34.4782849808427,-113.997 
			</coordinates>
		</LineString>
		<LineString>
			<coordinates>
				-70.84991641502771,-34.4765306384798,-113.997 -70.85035802395559,-34.4765545585533,-113.997 
			</coordinates>
		</LineString>
		<LineString>
			<coordinates>
				-70.8423083634997,-34.4701949594372,-113.997 -70.8424467869357,-34.4711723902458,-113.997 
			</coordinates>
		</LineString>
		<LineString>
			<coordinates>
				-70.8433130769608,-34.4700991077002,-113.997 -70.8434499196085,-34.4710652950024,-113.997 
			</coordinates>
		</LineString>
		<LineString>
			<coordinates>
				-70.8428107205653,-34.4701470345927,-113.997 -70.8429483536401,-34.4711188436438,-113.997 
			</coordinates>
		</LineString>
		<LineString>
			<coordinates>
				-70.84382074121579,-34.4700506722704,-113.997 -70.843956785017,-34.4710111784257,-113.997 
			</coordinates>
		</LineString>
		<LineString>
			<coordinates>
				-70.8448520796462,-34.4699522672885,-113.997 -70.8449865003513,-34.4709012319902,-113.997 
			</coordinates>
		</LineString>
		<LineString>
			<coordinates>
				-70.8427930255376,-34.4692239830594,-113.997 -70.8430326940726,-34.4701258576549,-113.997 
			</coordinates>
		</LineString>
		<LineString>
			<coordinates>
				-70.84332499281859,-34.4691666868429,-113.997 -70.8435663629206,-34.4700749423628,-113.997 
			</coordinates>
		</LineString>
		<LineString>
			<coordinates>
				-70.84385865534701,-34.4691157704681,-113.997 -70.8441000310123,-34.4700240247595,-113.997 
			</coordinates>
		</LineString>
		<LineString>
			<coordinates>
				-70.8415813797272,-34.4692999303552,-113.997 -70.8414367996922,-34.4684848581973,-113.997 
			</coordinates>
		</LineString>
		<LineString>
			<coordinates>
				-70.84030093439181,-34.4660868730614,-113.997 -70.8404673383025,-34.4667514888547,-113.997 
			</coordinates>
		</LineString>
		<LineString>
			<coordinates>
				-70.84040339056,-34.4667624719527,-113.997 -70.84024907612211,-34.4661461399541,-113.997 
			</coordinates>
		</LineString>
		<LineString>
			<coordinates>
				-70.83783564107981,-34.4709734898409,-113.997 -70.8378317282253,-34.4709042668018,-113.997 
			</coordinates>
		</LineString>
		<LineString>
			<coordinates>
				-70.83783172822631,-34.4709042668028,-113.997 -70.83780325082471,-34.4707203409619,-113.997 
			</coordinates>
		</LineString>
		<LineString>
			<coordinates>
				-70.8378032508257,-34.4707203409629,-113.997 -70.83780156101901,-34.4707119972097,-113.997 
			</coordinates>
		</LineString>
		<LineString>
			<coordinates>
				-70.83780156102,-34.4707119972107,-113.997 -70.8377913339208,-34.4706429979992,-113.997 
			</coordinates>
		</LineString>
		<LineString>
			<coordinates>
				-70.8377913339218,-34.4706429980002,-113.997 -70.83778461402009,-34.4705635390422,-113.997 
			</coordinates>
		</LineString>
		<LineString>
			<coordinates>
				-70.837784614021,-34.4705635390432,-113.997 -70.83778157255119,-34.4703829258329,-113.997 
			</coordinates>
		</LineString>
		<LineString>
			<coordinates>
				-70.8377815725521,-34.4703829258339,-113.997 -70.8377827896856,-34.4703647201819,-113.997 
			</coordinates>
		</LineString>
		<LineString>
			<coordinates>
				-70.8377827896866,-34.4703647201829,-113.997 -70.8377887068339,-34.4702700754514,-113.997 
			</coordinates>
		</LineString>
		<LineString>
			<coordinates>
				-70.8377887068349,-34.4702700754524,-113.997 -70.8377931560867,-34.4701907444978,-113.997 
			</coordinates>
		</LineString>
		<LineString>
			<coordinates>
				-70.8377931560877,-34.4701907444988,-113.997 -70.837800887744,-34.4700932610776,-113.997 
			</coordinates>
		</LineString>
		<LineString>
			<coordinates>
				-70.837800887745,-34.4700932610786,-113.997 -70.8378044586069,-34.4700525763398,-113.997 
			</coordinates>
		</LineString>
		<LineString>
			<coordinates>
				-70.8378121523253,-34.4699978590306,-113.997 -70.83783622299779,-34.4698872080161,-113.997 
			</coordinates>
		</LineString>
		<LineString>
			<coordinates>
				-70.84865511625431,-34.4767086535933,-113.997 -70.84864681540721,-34.4767064721831,-113.997 
			</coordinates>
		</LineString>
		<LineString>
			<coordinates>
				-70.8486468154082,-34.4767064721841,-113.997 -70.8488294456363,-34.4762298664464,-113.997 
			</coordinates>
		</LineString>
		<LineString>
			<coordinates>
				-70.84882944563731,-34.4762298664474,-113.997 -70.8488377464387,-34.4762320478447,-113.997 
			</coordinates>
		</LineString>
		<LineString>
			<coordinates>
				-70.8488377464397,-34.4762320478457,-113.997 -70.8486551162533,-34.4767086535923,-113.997 
			</coordinates>
		</LineString>
		<LineString>
			<coordinates>
				-70.8429963926126,-34.4761524247177,-113.997 -70.84299593323379,-34.4761452227299,-113.997 
			</coordinates>
		</LineString>
		<LineString>
			<coordinates>
				-70.8429959332348,-34.4761452227309,-113.997 -70.84392587582509,-34.4761045393858,-113.997 
			</coordinates>
		</LineString>
		<LineString>
			<coordinates>
				-70.8439258758261,-34.4761045393868,-113.997 -70.8439263352823,-34.4761117413666,-113.997 
			</coordinates>
		</LineString>
		<LineString>
			<coordinates>
				-70.8439263352833,-34.4761117413676,-113.997 -70.8429963926116,-34.4761524247167,-113.997 
			</coordinates>
		</LineString>
		<LineString>
			<coordinates>
				-70.8419514380449,-34.4761767315506,-113.997 -70.8419511935809,-34.4761695223614,-113.997 
			</coordinates>
		</LineString>
		<LineString>
			<coordinates>
				-70.84195119358191,-34.4761695223624,-113.997 -70.8429960406464,-34.4761452191317,-113.997 
			</coordinates>
		</LineString>
		<LineString>
			<coordinates>
				-70.84299604064741,-34.4761452191327,-113.997 -70.84299628519901,-34.476152428315,-113.997 
			</coordinates>
		</LineString>
		<LineString>
			<coordinates>
				-70.8429962852,-34.476152428316,-113.997 -70.84195143804391,-34.4761767315496,-113.997 
			</coordinates>
		</LineString>
		<LineString>
			<coordinates>
				-70.84966941322421,-34.4764784997853,-113.997 -70.84966939537981,-34.4764712877909,-113.997 
			</coordinates>
		</LineString>
		<LineString>
			<coordinates>
				-70.8496693953808,-34.4764712877919,-113.997 -70.8498803123756,-34.4764709297292,-113.997 
			</coordinates>
		</LineString>
		<LineString>
			<coordinates>
				-70.8498803123766,-34.4764709297302,-113.997 -70.8498803302372,-34.476478141722,-113.997 
			</coordinates>
		</LineString>
		<LineString>
			<coordinates>
				-70.84988033023819,-34.476478141723,-113.997 -70.8496694132233,-34.4764784997843,-113.997 
			</coordinates>
		</LineString>
		<LineString>
			<coordinates>
				-70.8471122326555,-34.4692390778659,-113.997 -70.8470365192092,-34.4692449016293,-113.997 
			</coordinates>
		</LineString>
		<LineString>
			<coordinates>
				-70.84703651921011,-34.4692449016303,-113.997 -70.8469669059467,-34.4692573419057,-113.997 
			</coordinates>
		</LineString>
		<LineString>
			<coordinates>
				-70.8469669059477,-34.4692573419067,-113.997 -70.84688035475109,-34.4692827275571,-113.997 
			</coordinates>
		</LineString>
		<LineString>
			<coordinates>
				-70.846880354752,-34.4692827275581,-113.997 -70.84681526839989,-34.4693028122862,-113.997 
			</coordinates>
		</LineString>
		<LineString>
			<coordinates>
				-70.8468152684009,-34.4693028122872,-113.997 -70.8467456381746,-34.4693190898794,-113.997 
			</coordinates>
		</LineString>
		<LineString>
			<coordinates>
				-70.84674563817561,-34.4693190898804,-113.997 -70.84673497781149,-34.4693209159376,-113.997 
			</coordinates>
		</LineString>
		<LineString>
			<coordinates>
				-70.8387615701221,-34.4800013203689,-113.997 -70.8387591655878,-34.4800033852764,-113.997 
			</coordinates>
		</LineString>
		<LineString>
			<coordinates>
				-70.8387591655888,-34.4800033852774,-113.997 -70.83875735138911,-34.4799207229212,-113.997 
			</coordinates>
		</LineString>
		<LineString>
			<coordinates>
				-70.8387573513901,-34.4799207229222,-113.997 -70.8387598449397,-34.4799227141125,-113.997 
			</coordinates>
		</LineString>
		<LineString>
			<coordinates>
				-70.8387598449407,-34.4799227141135,-113.997 -70.83876157012109,-34.4800013203679,-113.997 
			</coordinates>
		</LineString>
		<LineString>
			<coordinates>
				-70.8387598449407,-34.4799227141135,-113.997 -70.83875735138911,-34.4799207229212,-113.997 
			</coordinates>
		</LineString>
		<LineString>
			<coordinates>
				-70.8387573513901,-34.4799207229222,-113.997 -70.8388574268387,-34.4799192167275,-113.997 
			</coordinates>
		</LineString>
		<LineString>
			<coordinates>
				-70.8388574268397,-34.4799192167285,-113.997 -70.8388550223102,-34.4799212816378,-113.997 
			</coordinates>
		</LineString>
		<LineString>
			<coordinates>
				-70.83885502231119,-34.4799212816388,-113.997 -70.8387598449397,-34.4799227141125,-113.997 
			</coordinates>
		</LineString>
		<LineString>
			<coordinates>
				-70.83885502231119,-34.4799212816388,-113.997 -70.8388574268387,-34.4799192167275,-113.997 
			</coordinates>
		</LineString>
		<LineString>
			<coordinates>
				-70.8388574268397,-34.4799192167285,-113.997 -70.83885924113601,-34.4800018790782,-113.997 
			</coordinates>
		</LineString>
		<LineString>
			<coordinates>
				-70.838859241137,-34.4800018790792,-113.997 -70.83885674758081,-34.479999887889,-113.997 
			</coordinates>
		</LineString>
		<LineString>
			<coordinates>
				-70.8388567475818,-34.47999988789,-113.997 -70.8388550223102,-34.4799212816378,-113.997 
			</coordinates>
		</LineString>
		<LineString>
			<coordinates>
				-70.8388567475818,-34.47999988789,-113.997 -70.83885924113601,-34.4800018790782,-113.997 
			</coordinates>
		</LineString>
		<LineString>
			<coordinates>
				-70.838859241137,-34.4800018790792,-113.997 -70.8387591655878,-34.4800033852764,-113.997 
			</coordinates>
		</LineString>
		<LineString>
			<coordinates>
				-70.8387591655888,-34.4800033852774,-113.997 -70.83876157012109,-34.4800013203679,-113.997 
			</coordinates>
		</LineString>
		<LineString>
			<coordinates>
				-70.8387615701221,-34.4800013203689,-113.997 -70.83885674758081,-34.479999887889,-113.997 
			</coordinates>
		</LineString>
		<LineString>
			<coordinates>
				-70.8400393522429,-34.47551207053,-113.997 -70.840036947865,-34.475514135459,-113.997 
			</coordinates>
		</LineString>
		<LineString>
			<coordinates>
				-70.840036947866,-34.47551413546,-113.997 -70.8400351327104,-34.4754314731023,-113.997 
			</coordinates>
		</LineString>
		<LineString>
			<coordinates>
				-70.84003513271129,-34.4754314731033,-113.997 -70.8400376261514,-34.4754334642723,-113.997 
			</coordinates>
		</LineString>
		<LineString>
			<coordinates>
				-70.84003762615239,-34.4754334642733,-113.997 -70.8400393522419,-34.475512070529,-113.997 
			</coordinates>
		</LineString>
		<LineString>
			<coordinates>
				-70.84003762615239,-34.4754334642733,-113.997 -70.8400351327104,-34.4754314731023,-113.997 
			</coordinates>
		</LineString>
		<LineString>
			<coordinates>
				-70.84003513271129,-34.4754314731033,-113.997 -70.84013520272821,-34.4754299660332,-113.997 
			</coordinates>
		</LineString>
		<LineString>
			<coordinates>
				-70.8401352027292,-34.4754299660342,-113.997 -70.840132798356,-34.4754320309649,-113.997 
			</coordinates>
		</LineString>
		<LineString>
			<coordinates>
				-70.840132798357,-34.4754320309659,-113.997 -70.8400376261514,-34.4754334642723,-113.997 
			</coordinates>
		</LineString>
		<LineString>
			<coordinates>
				-70.840132798357,-34.4754320309659,-113.997 -70.84013520272821,-34.4754299660332,-113.997 
			</coordinates>
		</LineString>
		<LineString>
			<coordinates>
				-70.8401352027292,-34.4754299660342,-113.997 -70.84013701798141,-34.4755126283853,-113.997 
			</coordinates>
		</LineString>
		<LineString>
			<coordinates>
				-70.8401370179824,-34.4755126283863,-113.997 -70.8401345245356,-34.4755106372175,-113.997 
			</coordinates>
		</LineString>
		<LineString>
			<coordinates>
				-70.84013452453659,-34.4755106372185,-113.997 -70.840132798356,-34.4754320309649,-113.997 
			</coordinates>
		</LineString>
		<LineString>
			<coordinates>
				-70.84013452453659,-34.4755106372185,-113.997 -70.84013701798141,-34.4755126283853,-113.997 
			</coordinates>
		</LineString>
		<LineString>
			<coordinates>
				-70.8401370179824,-34.4755126283863,-113.997 -70.840036947865,-34.475514135459,-113.997 
			</coordinates>
		</LineString>
		<LineString>
			<coordinates>
				-70.840036947866,-34.47551413546,-113.997 -70.8400393522419,-34.475512070529,-113.997 
			</coordinates>
		</LineString>
		<LineString>
			<coordinates>
				-70.8400393522429,-34.47551207053,-113.997 -70.8401345245356,-34.4755106372175,-113.997 
			</coordinates>
		</LineString>
		<LineString>
			<coordinates>
				-70.84302989777611,-34.4750260247896,-113.997 -70.84302749348809,-34.4750280897747,-113.997 
			</coordinates>
		</LineString>
		<LineString>
			<coordinates>
				-70.8430274934891,-34.4750280897757,-113.997 -70.84302567541729,-34.4749454275506,-113.997 
			</coordinates>
		</LineString>
		<LineString>
			<coordinates>
				-70.8430256754183,-34.4749454275516,-113.997 -70.8430281689116,-34.4749474186579,-113.997 
			</coordinates>
		</LineString>
		<LineString>
			<coordinates>
				-70.8430281689126,-34.4749474186589,-113.997 -70.8430298977751,-34.4750260247886,-113.997 
			</coordinates>
		</LineString>
		<LineString>
			<coordinates>
				-70.8430281689126,-34.4749474186589,-113.997 -70.84302567541729,-34.4749454275506,-113.997 
			</coordinates>
		</LineString>
		<LineString>
			<coordinates>
				-70.8430256754183,-34.4749454275516,-113.997 -70.8431257446864,-34.4749439180516,-113.997 
			</coordinates>
		</LineString>
		<LineString>
			<coordinates>
				-70.8431257446874,-34.4749439180526,-113.997 -70.8431233404042,-34.4749459830395,-113.997 
			</coordinates>
		</LineString>
		<LineString>
			<coordinates>
				-70.8431233404052,-34.4749459830405,-113.997 -70.8430281689116,-34.4749474186579,-113.997 
			</coordinates>
		</LineString>
		<LineString>
			<coordinates>
				-70.8431233404052,-34.4749459830405,-113.997 -70.8431257446864,-34.4749439180516,-113.997 
			</coordinates>
		</LineString>
		<LineString>
			<coordinates>
				-70.8431257446874,-34.4749439180526,-113.997 -70.8431275628558,-34.4750265802711,-113.997 
			</coordinates>
		</LineString>
		<LineString>
			<coordinates>
				-70.84312756285679,-34.4750265802721,-113.997 -70.8431250693568,-34.475024589166,-113.997 
			</coordinates>
		</LineString>
		<LineString>
			<coordinates>
				-70.8431250693578,-34.475024589167,-113.997 -70.8431233404042,-34.4749459830395,-113.997 
			</coordinates>
		</LineString>
		<LineString>
			<coordinates>
				-70.8431250693578,-34.475024589167,-113.997 -70.8431275628558,-34.4750265802711,-113.997 
			</coordinates>
		</LineString>
		<LineString>
			<coordinates>
				-70.84312756285679,-34.4750265802721,-113.997 -70.84302749348809,-34.4750280897747,-113.997 
			</coordinates>
		</LineString>
		<LineString>
			<coordinates>
				-70.8430274934891,-34.4750280897757,-113.997 -70.8430298977751,-34.4750260247886,-113.997 
			</coordinates>
		</LineString>
		<LineString>
			<coordinates>
				-70.84302989777611,-34.4750260247896,-113.997 -70.8431250693568,-34.475024589166,-113.997 
			</coordinates>
		</LineString>
		<LineString>
			<coordinates>
				-70.84514514034881,-34.4726195932341,-113.997 -70.8451427361812,-34.4726216582577,-113.997 
			</coordinates>
		</LineString>
		<LineString>
			<coordinates>
				-70.8451427361822,-34.4726216582587,-113.997 -70.8451409161881,-34.4725389960996,-113.997 
			</coordinates>
		</LineString>
		<LineString>
			<coordinates>
				-70.8451409161891,-34.4725389961006,-113.997 -70.8451434096564,-34.4725409871651,-113.997 
			</coordinates>
		</LineString>
		<LineString>
			<coordinates>
				-70.8451434096574,-34.4725409871661,-113.997 -70.8451451403478,-34.4726195932331,-113.997 
			</coordinates>
		</LineString>
		<LineString>
			<coordinates>
				-70.8451434096574,-34.4725409871661,-113.997 -70.8451409161881,-34.4725389960996,-113.997 
			</coordinates>
		</LineString>
		<LineString>
			<coordinates>
				-70.8451409161891,-34.4725389961006,-113.997 -70.8452409824653,-34.4725374849606,-113.997 
			</coordinates>
		</LineString>
		<LineString>
			<coordinates>
				-70.84524098246629,-34.4725374849616,-113.997 -70.84523857830339,-34.4725395499871,-113.997 
			</coordinates>
		</LineString>
		<LineString>
			<coordinates>
				-70.8452385783044,-34.4725395499881,-113.997 -70.8451434096564,-34.4725409871651,-113.997 
			</coordinates>
		</LineString>
		<LineString>
			<coordinates>
				-70.8452385783044,-34.4725395499881,-113.997 -70.8452409824653,-34.4725374849606,-113.997 
			</coordinates>
		</LineString>
		<LineString>
			<coordinates>
				-70.84524098246629,-34.4725374849616,-113.997 -70.845242802557,-34.4726201471141,-113.997 
			</coordinates>
		</LineString>
		<LineString>
			<coordinates>
				-70.845242802558,-34.4726201471151,-113.997 -70.84524030908401,-34.4726181560508,-113.997 
			</coordinates>
		</LineString>
		<LineString>
			<coordinates>
				-70.845240309085,-34.4726181560518,-113.997 -70.84523857830339,-34.4725395499871,-113.997 
			</coordinates>
		</LineString>
		<LineString>
			<coordinates>
				-70.845240309085,-34.4726181560518,-113.997 -70.845242802557,-34.4726201471141,-113.997 
			</coordinates>
		</LineString>
		<LineString>
			<coordinates>
				-70.845242802558,-34.4726201471151,-113.997 -70.8451427361812,-34.4726216582577,-113.997 
			</coordinates>
		</LineString>
		<LineString>
			<coordinates>
				-70.8451427361822,-34.4726216582587,-113.997 -70.8451451403478,-34.4726195932331,-113.997 
			</coordinates>
		</LineString>
		<LineString>
			<coordinates>
				-70.84514514034881,-34.4726195932341,-113.997 -70.84524030908401,-34.4726181560508,-113.997 
			</coordinates>
		</LineString>
		<LineString>
			<coordinates>
				-70.8479540718733,-34.4745747713201,-113.997 -70.84795166772371,-34.474576836398,-113.997 
			</coordinates>
		</LineString>
		<LineString>
			<coordinates>
				-70.8479516677247,-34.474576836399,-113.997 -70.8479498448278,-34.4744941743974,-113.997 
			</coordinates>
		</LineString>
		<LineString>
			<coordinates>
				-70.8479498448288,-34.4744941743984,-113.997 -70.8479523384205,-34.4744961654009,-113.997 
			</coordinates>
		</LineString>
		<LineString>
			<coordinates>
				-70.84795233842151,-34.4744961654019,-113.997 -70.84795407187229,-34.4745747713191,-113.997 
			</coordinates>
		</LineString>
		<LineString>
			<coordinates>
				-70.84795233842151,-34.4744961654019,-113.997 -70.8479498448278,-34.4744941743974,-113.997 
			</coordinates>
		</LineString>
		<LineString>
			<coordinates>
				-70.8479498448288,-34.4744941743984,-113.997 -70.84804991328021,-34.4744926608841,-113.997 
			</coordinates>
		</LineString>
		<LineString>
			<coordinates>
				-70.8480499132812,-34.4744926608851,-113.997 -70.84804750913629,-34.4744947259647,-113.997 
			</coordinates>
		</LineString>
		<LineString>
			<coordinates>
				-70.8480475091373,-34.4744947259657,-113.997 -70.8479523384205,-34.4744961654009,-113.997 
			</coordinates>
		</LineString>
		<LineString>
			<coordinates>
				-70.8480475091373,-34.4744947259657,-113.997 -70.84804991328021,-34.4744926608841,-113.997 
			</coordinates>
		</LineString>
		<LineString>
			<coordinates>
				-70.8480499132812,-34.4744926608851,-113.997 -70.8480517362747,-34.47457532288,-113.997 
			</coordinates>
		</LineString>
		<LineString>
			<coordinates>
				-70.84805173627571,-34.474575322881,-113.997 -70.84804924267731,-34.4745733318786,-113.997 
			</coordinates>
		</LineString>
		<LineString>
			<coordinates>
				-70.8480492426783,-34.4745733318796,-113.997 -70.84804750913629,-34.4744947259647,-113.997 
			</coordinates>
		</LineString>
		<LineString>
			<coordinates>
				-70.8480492426783,-34.4745733318796,-113.997 -70.8480517362747,-34.47457532288,-113.997 
			</coordinates>
		</LineString>
		<LineString>
			<coordinates>
				-70.84805173627571,-34.474575322881,-113.997 -70.84795166772371,-34.474576836398,-113.997 
			</coordinates>
		</LineString>
		<LineString>
			<coordinates>
				-70.8479516677247,-34.474576836399,-113.997 -70.84795407187229,-34.4745747713191,-113.997 
			</coordinates>
		</LineString>
		<LineString>
			<coordinates>
				-70.8479540718733,-34.4745747713201,-113.997 -70.84804924267731,-34.4745733318786,-113.997 
			</coordinates>
		</LineString>
		<LineString>
			<coordinates>
				-70.836908696883,-34.469998643127,-113.997 -70.8369092662281,-34.4700058397459,-113.997 
			</coordinates>
		</LineString>
		<LineString>
			<coordinates>
				-70.8369092662291,-34.4700058397469,-113.997 -70.83619476764839,-34.4700446096762,-113.997 
			</coordinates>
		</LineString>
		<LineString>
			<coordinates>
				-70.8361947676494,-34.4700446096772,-113.997 -70.8361941983631,-34.470037413051,-113.997 
			</coordinates>
		</LineString>
		<LineString>
			<coordinates>
				-70.8361941983641,-34.470037413052,-113.997 -70.83690869688201,-34.469998643126,-113.997 
			</coordinates>
		</LineString>
		<LineString>
			<coordinates>
				-70.843921894942,-34.4761090592792,-113.997 -70.84393031616639,-34.476107221474,-113.997 
			</coordinates>
		</LineString>
		<LineString>
			<coordinates>
				-70.8439303161674,-34.476107221475,-113.997 -70.84402463180071,-34.4764036112731,-113.997 
			</coordinates>
		</LineString>
		<LineString>
			<coordinates>
				-70.8440246318017,-34.4764036112741,-113.997 -70.8440162105482,-34.4764054490845,-113.997 
			</coordinates>
		</LineString>
		<LineString>
			<coordinates>
				-70.8440162105492,-34.4764054490855,-113.997 -70.843921894941,-34.4761090592782,-113.997 
			</coordinates>
		</LineString>
		<LineString>
			<coordinates>
				-70.8407974411293,-34.4644324072419,-113.997 -70.8408376408269,-34.4644825956998,-113.997 
			</coordinates>
		</LineString>
		<LineString>
			<coordinates>
				-70.8408376408279,-34.4644825957008,-113.997 -70.8411324926186,-34.464825911555,-113.997 
			</coordinates>
		</LineString>
		<LineString>
			<coordinates>
				-70.84366462790091,-34.4804748828584,-113.997 -70.8438256860512,-34.4813622690776,-113.997 
			</coordinates>
		</LineString>
		<LineString>
			<coordinates>
				-70.8460325519011,-34.4803274564307,-113.997 -70.8462053698269,-34.4812017317108,-113.997 
			</coordinates>
		</LineString>
		<LineString>
			<coordinates>
				-70.8454362465245,-34.4803366148531,-113.997 -70.8456104008953,-34.4812170079794,-113.997 
			</coordinates>
		</LineString>
		<LineString>
			<coordinates>
				-70.8425000360936,-34.4806526217048,-113.997 -70.8420113419386,-34.4807248416171,-113.997 
			</coordinates>
		</LineString>
		<LineString>
			<coordinates>
				-70.8420113419396,-34.4807248416181,-113.997 -70.8420155393746,-34.4807066663871,-113.997 
			</coordinates>
		</LineString>
		<LineString>
			<coordinates>
				-70.84201553937559,-34.4807066663881,-113.997 -70.84200486612011,-34.4806731650117,-113.997 
			</coordinates>
		</LineString>
		<LineString>
			<coordinates>
				-70.8420048661211,-34.4806731650127,-113.997 -70.8410472632454,-34.4807961570447,-113.997 
			</coordinates>
		</LineString>
		<LineString>
			<coordinates>
				-70.8420048661211,-34.4806731650127,-113.997 -70.8419756600142,-34.4796314541717,-113.997 
			</coordinates>
		</LineString>
		<LineString>
			<coordinates>
				-70.841511711835,-34.4796908917047,-113.997 -70.841523336495,-34.4807317902949,-113.997 
			</coordinates>
		</LineString>
		<LineString>
			<coordinates>
				-70.8420113419396,-34.4807248416181,-113.997 -70.83946434521189,-34.4810540698107,-113.997 
			</coordinates>
		</LineString>
		<LineString>
			<coordinates>
				-70.83804265173291,-34.4819950694191,-113.038 -70.8379490990125,-34.4817392504536,-113.038 
			</coordinates>
		</LineString>
		<LineString>
			<coordinates>
				-70.8379490990135,-34.4817392504546,-113.038 -70.8375650100689,-34.4810710055425,-113.038 
			</coordinates>
		</LineString>
		<LineString>
			<coordinates>
				-70.83756501006989,-34.4810710055435,-113.038 -70.8375137076424,-34.480981747706,-113.038 
			</coordinates>
		</LineString>
		<LineString>
			<coordinates>
				-70.8375137076434,-34.480981747707,-113.038 -70.83743150938309,-34.4806355237208,-113.038 
			</coordinates>
		</LineString>
		<LineString>
			<coordinates>
				-70.8374315093841,-34.4806355237218,-113.038 -70.8373167199379,-34.4803343426317,-113.038 
			</coordinates>
		</LineString>
		<LineString>
			<coordinates>
				-70.8373167199389,-34.4803343426327,-113.038 -70.8372618854995,-34.4802114429031,-113.038 
			</coordinates>
		</LineString>
		<LineString>
			<coordinates>
				-70.8372618855005,-34.4802114429041,-113.038 -70.8370964646534,-34.4802641353546,-113.038 
			</coordinates>
		</LineString>
		<LineString>
			<coordinates>
				-70.83709646465439,-34.4802641353556,-113.038 -70.83704737860781,-34.4801032168777,-113.038 
			</coordinates>
		</LineString>
		<LineString>
			<coordinates>
				-70.8370473786088,-34.4801032168787,-113.038 -70.8370914999263,-34.4799470461714,-113.038 
			</coordinates>
		</LineString>
		<LineString>
			<coordinates>
				-70.8370914999273,-34.4799470461724,-113.038 -70.8371734909139,-34.4799263114199,-113.038 
			</coordinates>
		</LineString>
		<LineString>
			<coordinates>
				-70.83717349091491,-34.4799263114209,-113.038 -70.8371681376607,-34.4798963921017,-113.038 
			</coordinates>
		</LineString>
		<LineString>
			<coordinates>
				-70.83716813766171,-34.4798963921027,-113.038 -70.837579246245,-34.4796781036459,-113.038 
			</coordinates>
		</LineString>
		<LineString>
			<coordinates>
				-70.83757924624599,-34.4796781036469,-113.038 -70.8379903526483,-34.4794598138674,-113.038 
			</coordinates>
		</LineString>
		<LineString>
			<coordinates>
				-70.8379903526493,-34.4794598138684,-113.038 -70.8379530388038,-34.4793408181856,-113.038 
			</coordinates>
		</LineString>
		<LineString>
			<coordinates>
				-70.8379530388048,-34.4793408181866,-113.038 -70.83795086902801,-34.4793338986525,-113.038 
			</coordinates>
		</LineString>
		<LineString>
			<coordinates>
				-70.837950869029,-34.4793338986535,-113.038 -70.8377798397695,-34.4789974280429,-113.038 
			</coordinates>
		</LineString>
		<LineString>
			<coordinates>
				-70.83777983977041,-34.4789974280439,-113.038 -70.83774165096899,-34.4789140481058,-113.038 
			</coordinates>
		</LineString>
		<LineString>
			<coordinates>
				-70.83774165097,-34.4789140481068,-113.038 -70.83753142277931,-34.478455040698,-113.038 
			</coordinates>
		</LineString>
		<LineString>
			<coordinates>
				-70.8375314227803,-34.478455040699,-113.038 -70.83761456317779,-34.4784422560674,-113.038 
			</coordinates>
		</LineString>
		<LineString>
			<coordinates>
				-70.8376145631788,-34.4784422560684,-113.038 -70.83760096315061,-34.478003345808,-113.038 
			</coordinates>
		</LineString>
		<LineString>
			<coordinates>
				-70.8376009631516,-34.478003345809,-113.038 -70.837559484266,-34.4775245065655,-113.038 
			</coordinates>
		</LineString>
		<LineString>
			<coordinates>
				-70.837559484267,-34.4775245065665,-113.038 -70.8375610754096,-34.4770665109961,-113.038 
			</coordinates>
		</LineString>
		<LineString>
			<coordinates>
				-70.8375610754106,-34.4770665109971,-113.038 -70.8374928984295,-34.4766187444162,-113.038 
			</coordinates>
		</LineString>
		<LineString>
			<coordinates>
				-70.8374928984305,-34.4766187444172,-113.038 -70.8373636078726,-34.476179937961,-113.038 
			</coordinates>
		</LineString>
		<LineString>
			<coordinates>
				-70.8373636078736,-34.476179937962,-113.038 -70.83723431877129,-34.4757411312957,-113.038 
			</coordinates>
		</LineString>
		<LineString>
			<coordinates>
				-70.8372343187723,-34.4757411312967,-113.038 -70.8370802240804,-34.4753059614422,-113.038 
			</coordinates>
		</LineString>
		<LineString>
			<coordinates>
				-70.8370802240814,-34.4753059614432,-113.038 -70.8368030396346,-34.4748888378899,-113.038 
			</coordinates>
		</LineString>
		<LineString>
			<coordinates>
				-70.8368030396356,-34.4748888378909,-113.038 -70.8365468003602,-34.4745032294226,-113.038 
			</coordinates>
		</LineString>
		<LineString>
			<coordinates>
				-70.83654680036111,-34.4745032294236,-113.038 -70.83626528859401,-34.4741284737152,-113.038 
			</coordinates>
		</LineString>
		<LineString>
			<coordinates>
				-70.836265288595,-34.4741284737162,-113.038 -70.83597160439641,-34.4737429728354,-113.038 
			</coordinates>
		</LineString>
		<LineString>
			<coordinates>
				-70.8359716043974,-34.4737429728364,-113.038 -70.8357015606916,-34.4733884994432,-113.038 
			</coordinates>
		</LineString>
		<LineString>
			<coordinates>
				-70.8357015606926,-34.4733884994442,-113.038 -70.8357057521724,-34.4730990024771,-113.038 
			</coordinates>
		</LineString>
		<LineString>
			<coordinates>
				-70.8357057521734,-34.4730990024781,-113.038 -70.8357232971274,-34.4730708689739,-113.038 
			</coordinates>
		</LineString>
		<LineString>
			<coordinates>
				-70.8357232971284,-34.4730708689749,-113.038 -70.8359107467795,-34.4727702903753,-113.038 
			</coordinates>
		</LineString>
		<LineString>
			<coordinates>
				-70.8359107467805,-34.4727702903763,-113.038 -70.8359341195974,-34.4726977682522,-113.038 
			</coordinates>
		</LineString>
		<LineString>
			<coordinates>
				-70.83593411959841,-34.4726977682532,-113.038 -70.8358244707138,-34.4727043747002,-113.038 
			</coordinates>
		</LineString>
		<LineString>
			<coordinates>
				-70.8358244707148,-34.4727043747012,-113.038 -70.83588889060159,-34.4723099040995,-113.038 
			</coordinates>
		</LineString>
		<LineString>
			<coordinates>
				-70.8358888906026,-34.4723099041005,-113.038 -70.83594883163271,-34.471942856555,-113.038 
			</coordinates>
		</LineString>
		<LineString>
			<coordinates>
				-70.8359488316337,-34.471942856556,-113.038 -70.836345883277,-34.4719204198935,-113.038 
			</coordinates>
		</LineString>
		<LineString>
			<coordinates>
				-70.836345883278,-34.4719204198945,-113.038 -70.8363492523016,-34.4719005826746,-113.038 
			</coordinates>
		</LineString>
		<LineString>
			<coordinates>
				-70.8363492523026,-34.4719005826756,-113.038 -70.83648039080271,-34.4716169683821,-113.038 
			</coordinates>
		</LineString>
		<LineString>
			<coordinates>
				-70.8364803908037,-34.4716169683831,-113.038 -70.83649225340589,-34.4715461928002,-113.038 
			</coordinates>
		</LineString>
		<LineString>
			<coordinates>
				-70.8364922534069,-34.4715461928012,-113.038 -70.8364994121772,-34.4715207906445,-113.038 
			</coordinates>
		</LineString>
		<LineString>
			<coordinates>
				-70.8364994121782,-34.4715207906455,-113.038 -70.836500257772,-34.4715118754375,-113.038 
			</coordinates>
		</LineString>
		<LineString>
			<coordinates>
				-70.836500257773,-34.4715118754385,-113.038 -70.8365087291385,-34.4714067837333,-113.038 
			</coordinates>
		</LineString>
		<LineString>
			<coordinates>
				-70.8365087291395,-34.4714067837343,-113.038 -70.8365428401402,-34.471209494285,-113.038 
			</coordinates>
		</LineString>
		<LineString>
			<coordinates>
				-70.83654284014121,-34.471209494286,-113.038 -70.83654363910171,-34.4710567528347,-113.038 
			</coordinates>
		</LineString>
		<LineString>
			<coordinates>
				-70.8365436391027,-34.4710567528357,-113.038 -70.83654168613231,-34.4709971870307,-113.038 
			</coordinates>
		</LineString>
		<LineString>
			<coordinates>
				-70.8365416861333,-34.4709971870317,-113.038 -70.8365115964736,-34.4708037215779,-113.038 
			</coordinates>
		</LineString>
		<LineString>
			<coordinates>
				-70.83651159647459,-34.4708037215789,-113.038 -70.8365028767419,-34.4707448860138,-113.038 
			</coordinates>
		</LineString>
		<LineString>
			<coordinates>
				-70.8365028767429,-34.4707448860148,-113.038 -70.8364915083813,-34.4706104372698,-113.038 
			</coordinates>
		</LineString>
		<LineString>
			<coordinates>
				-70.8364915083823,-34.4706104372708,-113.038 -70.8364907066704,-34.4705627854317,-113.038 
			</coordinates>
		</LineString>
		<LineString>
			<coordinates>
				-70.8364907066714,-34.4705627854327,-113.038 -70.8364873962112,-34.470366018033,-113.038 
			</coordinates>
		</LineString>
		<LineString>
			<coordinates>
				-70.83648739621221,-34.470366018034,-113.038 -70.83651011728639,-34.4700271208631,-113.038 
			</coordinates>
		</LineString>
		<LineString>
			<coordinates>
				-70.8350634791699,-34.4562919006612,-113.038 -70.83526175999801,-34.4566278790598,-113.038 
			</coordinates>
		</LineString>
		<LineString>
			<coordinates>
				-70.835261759999,-34.4566278790608,-113.038 -70.8354600424644,-34.4569638570692,-113.038 
			</coordinates>
		</LineString>
		<LineString>
			<coordinates>
				-70.8354600424654,-34.4569638570702,-113.038 -70.83565832656809,-34.4572998346884,-113.038 
			</coordinates>
		</LineString>
		<LineString>
			<coordinates>
				-70.8356583265691,-34.4572998346894,-113.038 -70.8358566123091,-34.4576358119173,-113.038 
			</coordinates>
		</LineString>
		<LineString>
			<coordinates>
				-70.8358566123101,-34.4576358119183,-113.038 -70.8360514239592,-34.4579736469096,-113.038 
			</coordinates>
		</LineString>
		<LineString>
			<coordinates>
				-70.8360514239602,-34.4579736469106,-113.038 -70.83622378059709,-34.4583146252874,-113.038 
			</coordinates>
		</LineString>
		<LineString>
			<coordinates>
				-70.8362237805981,-34.4583146252884,-113.038 -70.8363942286468,-34.4586517955032,-113.038 
			</coordinates>
		</LineString>
		<LineString>
			<coordinates>
				-70.8363942286478,-34.4586517955042,-113.038 -70.8365638582784,-34.45898734368,-113.038 
			</coordinates>
		</LineString>
		<LineString>
			<coordinates>
				-70.8365638582794,-34.458987343681,-113.038 -70.83676533781831,-34.4589771006844,-113.038 
			</coordinates>
		</LineString>
		<LineString>
			<coordinates>
				-70.8367653378193,-34.4589771006854,-113.038 -70.8381223969848,-34.4589081006052,-113.038 
			</coordinates>
		</LineString>
		<LineString>
			<coordinates>
				-70.8381223969858,-34.4589081006062,-113.038 -70.8379527691188,-34.4585725543902,-113.038 
			</coordinates>
		</LineString>
		<LineString>
			<coordinates>
				-70.83795276911979,-34.4585725543912,-113.038 -70.8377823228431,-34.4582353861456,-113.038 
			</coordinates>
		</LineString>
		<LineString>
			<coordinates>
				-70.83778232284411,-34.4582353861466,-113.038 -70.8376099534413,-34.4578944105013,-113.038 
			</coordinates>
		</LineString>
		<LineString>
			<coordinates>
				-70.8376099534423,-34.4578944105023,-113.038 -70.8374158717556,-34.4575565407667,-113.038 
			</coordinates>
		</LineString>
		<LineString>
			<coordinates>
				-70.8374158717566,-34.4575565407677,-113.038 -70.8372186504092,-34.4572205118393,-113.038 
			</coordinates>
		</LineString>
		<LineString>
			<coordinates>
				-70.83721865041019,-34.4572205118403,-113.038 -70.8370214306921,-34.4568844825252,-113.038 
			</coordinates>
		</LineString>
		<LineString>
			<coordinates>
				-70.8370214306931,-34.4568844825262,-113.038 -70.8368242126043,-34.4565484528246,-113.038 
			</coordinates>
		</LineString>
		<LineString>
			<coordinates>
				-70.83682421260529,-34.4565484528256,-113.038 -70.8366269961457,-34.4562124227374,-113.038 
			</coordinates>
		</LineString>
		<LineString>
			<coordinates>
				-70.8367653378193,-34.4589771006854,-113.997 -70.83700632047839,-34.4592650361501,-113.997 
			</coordinates>
		</LineString>
		<LineString>
			<coordinates>
				-70.8370063204793,-34.4592650361511,-113.997 -70.83693850576149,-34.4596228383271,-113.997 
			</coordinates>
		</LineString>
		<LineString>
			<coordinates>
				-70.8369385057624,-34.4596228383281,-113.997 -70.83714408506179,-34.4596661731553,-113.997 
			</coordinates>
		</LineString>
		<LineString>
			<coordinates>
				-70.8371440850628,-34.4596661731563,-113.997 -70.83716120255259,-34.4596974404221,-113.997 
			</coordinates>
		</LineString>
		<LineString>
			<coordinates>
				-70.8371612025536,-34.4596974404231,-113.997 -70.8369646253591,-34.4600528089497,-113.997 
			</coordinates>
		</LineString>
		<LineString>
			<coordinates>
				-70.8369646253601,-34.4600528089507,-113.997 -70.8371623359545,-34.4600939241621,-113.997 
			</coordinates>
		</LineString>
		<LineString>
			<coordinates>
				-70.8371623359555,-34.4600939241631,-113.997 -70.8369789570374,-34.4604275838668,-113.997 
			</coordinates>
		</LineString>
		<LineString>
			<coordinates>
				-70.8369789570384,-34.4604275838678,-113.997 -70.8373743802052,-34.4605098138568,-113.997 
			</coordinates>
		</LineString>
		<LineString>
			<coordinates>
				-70.8373743802062,-34.4605098138578,-113.997 -70.83719100131449,-34.4608434738604,-113.997 
			</coordinates>
		</LineString>
		<LineString>
			<coordinates>
				-70.8371910013154,-34.4608434738614,-113.997 -70.83738871388699,-34.460884588638,-113.997 
			</coordinates>
		</LineString>
		<LineString>
			<coordinates>
				-70.837388713888,-34.460884588639,-113.997 -70.8372053343039,-34.4612182486681,-113.997 
			</coordinates>
		</LineString>
		<LineString>
			<coordinates>
				-70.8372053343049,-34.4612182486691,-113.997 -70.8371111411259,-34.4615704552527,-113.997 
			</coordinates>
		</LineString>
		<LineString>
			<coordinates>
				-70.8371111411269,-34.4615704552537,-113.997 -70.837016947222,-34.4619226617707,-113.997 
			</coordinates>
		</LineString>
		<LineString>
			<coordinates>
				-70.83701694722291,-34.4619226617717,-113.997 -70.8369262377109,-34.462261836941,-113.997 
			</coordinates>
		</LineString>
		<LineString>
			<coordinates>
				-70.83692623771189,-34.462261836942,-113.997 -70.8371210616005,-34.462302350655,-113.997 
			</coordinates>
		</LineString>
		<LineString>
			<coordinates>
				-70.83712106160149,-34.462302350656,-113.997 -70.83700078084,-34.4626991642279,-113.997 
			</coordinates>
		</LineString>
		<LineString>
			<coordinates>
				-70.837000780841,-34.4626991642289,-113.997 -70.83709505677921,-34.4627186615467,-113.997 
			</coordinates>
		</LineString>
		<LineString>
			<coordinates>
				-70.8370950567802,-34.4627186615477,-113.997 -70.8369297732055,-34.4632669382323,-113.997 
			</coordinates>
		</LineString>
		<LineString>
			<coordinates>
				-70.83885174215941,-34.4611888173752,-113.038 -70.83882254940229,-34.461554539557,-113.038 
			</coordinates>
		</LineString>
		<LineString>
			<coordinates>
				-70.8388225494033,-34.461554539558,-113.038 -70.83875468535081,-34.4619122205925,-113.038 
			</coordinates>
		</LineString>
		<LineString>
			<coordinates>
				-70.8387546853518,-34.4619122205935,-113.038 -70.8387406435248,-34.4619862284308,-113.038 
			</coordinates>
		</LineString>
		<LineString>
			<coordinates>
				-70.8387406435258,-34.4619862284318,-113.038 -70.8385987425991,-34.4622515869258,-113.038 
			</coordinates>
		</LineString>
		<LineString>
			<coordinates>
				-70.8385987426001,-34.4622515869268,-113.038 -70.8385644241984,-34.4623157629798,-113.038 
			</coordinates>
		</LineString>
		<LineString>
			<coordinates>
				-70.8385644241994,-34.4623157629808,-113.038 -70.83833965131871,-34.4624955767185,-113.038 
			</coordinates>
		</LineString>
		<LineString>
			<coordinates>
				-70.8383396513197,-34.4624955767195,-113.038 -70.8383048192679,-34.4625485059901,-113.038 
			</coordinates>
		</LineString>
		<LineString>
			<coordinates>
				-70.8383048192689,-34.4625485059911,-113.038 -70.83817457126921,-34.4629432468583,-113.038 
			</coordinates>
		</LineString>
		<LineString>
			<coordinates>
				-70.8381745712702,-34.4629432468593,-113.038 -70.83806974575811,-34.4632637660145,-113.038 
			</coordinates>
		</LineString>
		<LineString>
			<coordinates>
				-70.8380697457591,-34.4632637660155,-113.038 -70.8380282878742,-34.4633905288346,-113.038 
			</coordinates>
		</LineString>
		<LineString>
			<coordinates>
				-70.8380282878752,-34.4633905288356,-113.038 -70.83798351099171,-34.4634398786655,-113.038 
			</coordinates>
		</LineString>
		<LineString>
			<coordinates>
				-70.8377501827178,-34.4580317630871,-113.038 -70.8380457255752,-34.4586163912271,-113.038 
			</coordinates>
		</LineString>
		<LineString>
			<coordinates>
				-70.83804572557619,-34.4586163912281,-113.038 -70.8382447401446,-34.4590100666442,-113.038 
			</coordinates>
		</LineString>
		<LineString>
			<coordinates>
				-70.8382447401456,-34.4590100666452,-113.038 -70.8382579372724,-34.4590361720441,-113.038 
			</coordinates>
		</LineString>
		<LineString>
			<coordinates>
				-70.8382579372734,-34.4590361720451,-113.038 -70.83838548718541,-34.4594885613477,-113.038 
			</coordinates>
		</LineString>
		<LineString>
			<coordinates>
				-70.8383854871864,-34.4594885613487,-113.038 -70.8384211036436,-34.4596463131598,-113.038 
			</coordinates>
		</LineString>
		<LineString>
			<coordinates>
				-70.83842110364461,-34.4596463131608,-113.038 -70.8384269584665,-34.4596722451777,-113.038 
			</coordinates>
		</LineString>
		<LineString>
			<coordinates>
				-70.83842695846749,-34.4596722451787,-113.038 -70.8384708300436,-34.4598264788542,-113.038 
			</coordinates>
		</LineString>
		<LineString>
			<coordinates>
				-70.8384708300446,-34.4598264788552,-113.038 -70.8384508818868,-34.4599290749584,-113.038 
			</coordinates>
		</LineString>
		<LineString>
			<coordinates>
				-70.83845088188779,-34.4599290749594,-113.038 -70.8385068534237,-34.4603457491802,-113.038 
			</coordinates>
		</LineString>
		<LineString>
			<coordinates>
				-70.8385068534247,-34.4603457491812,-113.038 -70.8385105471274,-34.4603525015377,-113.038 
			</coordinates>
		</LineString>
		<LineString>
			<coordinates>
				-70.83851054712839,-34.4603525015387,-113.038 -70.8387331066926,-34.4607593541874,-113.038 
			</coordinates>
		</LineString>
		<LineString>
			<coordinates>
				-70.8387331066936,-34.4607593541884,-113.038 -70.8388159337977,-34.4609484585212,-113.038 
			</coordinates>
		</LineString>
		<LineString>
			<coordinates>
				-70.8388159337987,-34.4609484585222,-113.038 -70.8389131310274,-34.4611703703612,-113.038 
			</coordinates>
		</LineString>
		<LineString>
			<coordinates>
				-70.83891313102841,-34.4611703703622,-113.038 -70.83891690383059,-34.461192385782,-113.038 
			</coordinates>
		</LineString>
		<LineString>
			<coordinates>
				-70.8389169038316,-34.461192385783,-113.038 -70.8389036968975,-34.461357842027,-113.038 
			</coordinates>
		</LineString>
		<LineString>
			<coordinates>
				-70.8389036968985,-34.461357842028,-113.038 -70.8388875266626,-34.4615604218342,-113.038 
			</coordinates>
		</LineString>
		<LineString>
			<coordinates>
				-70.8388875266636,-34.4615604218352,-113.038 -70.8388491061025,-34.4617629205791,-113.038 
			</coordinates>
		</LineString>
		<LineString>
			<coordinates>
				-70.8388491061035,-34.4617629205801,-113.038 -70.83880381480201,-34.4620016310082,-113.038 
			</coordinates>
		</LineString>
		<LineString>
			<coordinates>
				-70.838803814803,-34.4620016310092,-113.038 -70.8387179155509,-34.4621622653416,-113.038 
			</coordinates>
		</LineString>
		<LineString>
			<coordinates>
				-70.8387179155519,-34.4621622653426,-113.038 -70.83861897886629,-34.4623472792873,-113.038 
			</coordinates>
		</LineString>
		<LineString>
			<coordinates>
				-70.8386189788673,-34.4623472792883,-113.038 -70.8384005172957,-34.4625220442499,-113.038 
			</coordinates>
		</LineString>
		<LineString>
			<coordinates>
				-70.83840051729661,-34.4625220442509,-113.038 -70.838391833017,-34.4625289914795,-113.038 
			</coordinates>
		</LineString>
		<LineString>
			<coordinates>
				-70.83839183301799,-34.4625289914805,-113.038 -70.83837131596199,-34.4625601683409,-113.038 
			</coordinates>
		</LineString>
		<LineString>
			<coordinates>
				-70.838371315963,-34.4625601683419,-113.038 -70.8382623040229,-34.4628818363165,-113.038 
			</coordinates>
		</LineString>
		<LineString>
			<coordinates>
				-70.8382623040239,-34.4628818363175,-113.038 -70.838089328481,-34.4634107349244,-113.038 
			</coordinates>
		</LineString>
		<LineString>
			<coordinates>
				-70.83862542213041,-34.4585853375675,-113.038 -70.8380457255752,-34.4586163912271,-113.038 
			</coordinates>
		</LineString>
		<LineString>
			<coordinates>
				-70.8380457348978,-34.4586164096675,-112.425 -70.8382447401446,-34.4590100666442,-112.425 
			</coordinates>
		</LineString>
		<LineString>
			<coordinates>
				-70.8382447401456,-34.4590100666452,-112.425 -70.8382579372724,-34.4590361720441,-112.425 
			</coordinates>
		</LineString>
		<LineString>
			<coordinates>
				-70.8382579372734,-34.4590361720451,-112.425 -70.83838548718541,-34.4594885613477,-112.425 
			</coordinates>
		</LineString>
		<LineString>
			<coordinates>
				-70.8383854871864,-34.4594885613487,-112.425 -70.8384211036436,-34.4596463131598,-112.425 
			</coordinates>
		</LineString>
		<LineString>
			<coordinates>
				-70.8390785368004,-34.4630655273745,-113.038 -70.8382621331846,-34.4628823586835,-113.038 
			</coordinates>
		</LineString>
		<LineString>
			<coordinates>
				-70.83907874891889,-34.463597519727,-113.997 -70.83907885991231,-34.463820902543,-113.997 
			</coordinates>
		</LineString>
		<LineString>
			<coordinates>
				-70.8390788599133,-34.463820902544,-113.997 -70.8388409350529,-34.4640265761112,-113.997 
			</coordinates>
		</LineString>
		<LineString>
			<coordinates>
				-70.8402120558481,-34.4630664932517,-113.997 -70.8402149858961,-34.463039451592,-113.997 
			</coordinates>
		</LineString>
		<LineString>
			<coordinates>
				-70.84021498589711,-34.463039451593,-113.997 -70.84026849700309,-34.4628992463116,-113.997 
			</coordinates>
		</LineString>
		<LineString>
			<coordinates>
				-70.8402684970041,-34.4628992463126,-113.997 -70.840337442977,-34.4627791639211,-113.997 
			</coordinates>
		</LineString>
		<LineString>
			<coordinates>
				-70.840337442978,-34.4627791639221,-113.997 -70.8403561455561,-34.4627265142583,-113.997 
			</coordinates>
		</LineString>
		<LineString>
			<coordinates>
				-70.8403561455571,-34.4627265142593,-113.997 -70.8403555142424,-34.4626376692177,-113.997 
			</coordinates>
		</LineString>
		<LineString>
			<coordinates>
				-70.8403555142434,-34.4626376692187,-113.997 -70.8403859481699,-34.462570287022,-113.997 
			</coordinates>
		</LineString>
		<LineString>
			<coordinates>
				-70.8403859481709,-34.462570287023,-113.997 -70.8404328779355,-34.4625273164663,-113.997 
			</coordinates>
		</LineString>
		<LineString>
			<coordinates>
				-70.8405892381618,-34.4625144823396,-112.242 -70.8404876257154,-34.4625588354721,-112.242 
			</coordinates>
		</LineString>
		<LineString>
			<coordinates>
				-70.84048762571631,-34.4625588354731,-112.242 -70.8404435097633,-34.462596031048,-112.242 
			</coordinates>
		</LineString>
		<LineString>
			<coordinates>
				-70.8404435097643,-34.462596031049,-112.242 -70.84042061946209,-34.4626431354748,-112.242 
			</coordinates>
		</LineString>
		<LineString>
			<coordinates>
				-70.8404206194631,-34.4626431354758,-112.242 -70.8404215060491,-34.4627341505156,-112.242 
			</coordinates>
		</LineString>
		<LineString>
			<coordinates>
				-70.84042150605011,-34.4627341505166,-112.242 -70.8403986357236,-34.4627985329484,-112.242 
			</coordinates>
		</LineString>
		<LineString>
			<coordinates>
				-70.8403986357246,-34.4627985329494,-112.242 -70.8403294074235,-34.4629191072251,-112.242 
			</coordinates>
		</LineString>
		<LineString>
			<coordinates>
				-70.84032940742451,-34.4629191072261,-112.242 -70.8402793949405,-34.4630501459678,-112.242 
			</coordinates>
		</LineString>
		<LineString>
			<coordinates>
				-70.8390788599133,-34.463820902544,-113.038 -70.8388409350529,-34.4640265761112,-113.038 
			</coordinates>
		</LineString>
		<LineString>
			<coordinates>
				-70.83986178001641,-34.4647951335937,-113.997 -70.8399692310952,-34.4647614982664,-113.997 
			</coordinates>
		</LineString>
		<LineString>
			<coordinates>
				-70.83996923109611,-34.4647614982674,-113.997 -70.8401119113305,-34.4647939478508,-113.997 
			</coordinates>
		</LineString>
		<LineString>
			<coordinates>
				-70.8401119113315,-34.4647939478518,-113.997 -70.84017943948611,-34.4648229930562,-113.997 
			</coordinates>
		</LineString>
		<LineString>
			<coordinates>
				-70.8401794394871,-34.4648229930572,-113.997 -70.84025686307881,-34.4648648721338,-113.997 
			</coordinates>
		</LineString>
		<LineString>
			<coordinates>
				-70.8402568630798,-34.4648648721348,-113.997 -70.8403359272416,-34.4650535771877,-113.997 
			</coordinates>
		</LineString>
		<LineString>
			<coordinates>
				-70.84033592724251,-34.4650535771887,-113.997 -70.84054100728071,-34.4651477770469,-113.997 
			</coordinates>
		</LineString>
		<LineString>
			<coordinates>
				-70.8405410072817,-34.4651477770479,-113.997 -70.840640288941,-34.4651780081737,-113.997 
			</coordinates>
		</LineString>
		<LineString>
			<coordinates>
				-70.840640288942,-34.4651780081747,-113.997 -70.8407083267663,-34.4652481888107,-113.997 
			</coordinates>
		</LineString>
		<LineString>
			<coordinates>
				-70.8407083267673,-34.4652481888117,-113.997 -70.8406896140943,-34.4653204146217,-113.997 
			</coordinates>
		</LineString>
		<LineString>
			<coordinates>
				-70.8406896140953,-34.4653204146227,-113.997 -70.8406984450889,-34.4653300296025,-113.997 
			</coordinates>
		</LineString>
		<LineString>
			<coordinates>
				-70.8406984450899,-34.4653300296035,-113.997 -70.84077509268261,-34.4654134815896,-113.997 
			</coordinates>
		</LineString>
		<LineString>
			<coordinates>
				-70.8407750926836,-34.4654134815906,-113.997 -70.8408431452736,-34.4656085014323,-113.997 
			</coordinates>
		</LineString>
		<LineString>
			<coordinates>
				-70.8408431452746,-34.4656085014333,-113.997 -70.84085326293631,-34.4657024862786,-113.997 
			</coordinates>
		</LineString>
		<LineString>
			<coordinates>
				-70.8408532629373,-34.4657024862796,-113.997 -70.8408685266885,-34.4657477194731,-113.997 
			</coordinates>
		</LineString>
		<LineString>
			<coordinates>
				-70.84086852668941,-34.4657477194741,-113.997 -70.84088660250259,-34.4658012859701,-113.997 
			</coordinates>
		</LineString>
		<LineString>
			<coordinates>
				-70.8408866025036,-34.4658012859711,-113.997 -70.8409114608411,-34.4659741572193,-113.997 
			</coordinates>
		</LineString>
		<LineString>
			<coordinates>
				-70.84091146084209,-34.4659741572203,-113.997 -70.84093540326251,-34.4660619327557,-113.997 
			</coordinates>
		</LineString>
		<LineString>
			<coordinates>
				-70.8409354032635,-34.4660619327567,-113.997 -70.84087735592691,-34.4660333526587,-113.997 
			</coordinates>
		</LineString>
		<LineString>
			<coordinates>
				-70.8408773559279,-34.4660333526597,-113.997 -70.8403009343908,-34.4660868730604,-113.997 
			</coordinates>
		</LineString>
		<LineString>
			<coordinates>
				-70.84030093439181,-34.4660868730614,-113.997 -70.84024774967369,-34.4660918110903,-113.997 
			</coordinates>
		</LineString>
		<LineString>
			<coordinates>
				-70.8402477496747,-34.4660918110913,-113.997 -70.84007155390709,-34.4653880719681,-113.997 
			</coordinates>
		</LineString>
		<LineString>
			<coordinates>
				-70.8400715539081,-34.4653880719691,-113.997 -70.8406984450889,-34.4653300296025,-113.997 
			</coordinates>
		</LineString>
		<LineString>
			<coordinates>
				-70.8400715539081,-34.4653880719691,-113.038 -70.83945839614501,-34.4653030065687,-113.038 
			</coordinates>
		</LineString>
		<LineString>
			<coordinates>
				-70.8400715539081,-34.4653880719691,-113.038 -70.83945839614501,-34.4653030065687,-113.038 
			</coordinates>
		</LineString>
		<LineString>
			<coordinates>
				-70.84040339056,-34.4667624719527,-113.997 -70.8403925781429,-34.4667687545719,-113.997 
			</coordinates>
		</LineString>
		<LineString>
			<coordinates>
				-70.84039257814391,-34.4667687545729,-113.997 -70.84038193222911,-34.4667770321285,-113.997 
			</coordinates>
		</LineString>
		<LineString>
			<coordinates>
				-70.8403819322301,-34.4667770321295,-113.997 -70.8403735518983,-34.4667857257901,-113.997 
			</coordinates>
		</LineString>
		<LineString>
			<coordinates>
				-70.8403735518993,-34.4667857257911,-113.997 -70.8403674738918,-34.4667940237633,-113.997 
			</coordinates>
		</LineString>
		<LineString>
			<coordinates>
				-70.8403674738928,-34.4667940237643,-113.997 -70.8403622337496,-34.466803748086,-113.997 
			</coordinates>
		</LineString>
		<LineString>
			<coordinates>
				-70.8403622337506,-34.466803748087,-113.997 -70.8403588129592,-34.466813113109,-113.997 
			</coordinates>
		</LineString>
		<LineString>
			<coordinates>
				-70.8403588129602,-34.46681311311,-113.997 -70.84035688743791,-34.4668219842762,-113.997 
			</coordinates>
		</LineString>
		<LineString>
			<coordinates>
				-70.8403568874389,-34.4668219842772,-113.997 -70.84035621876291,-34.4668289727561,-113.997 
			</coordinates>
		</LineString>
		<LineString>
			<coordinates>
				-70.8403562187639,-34.4668289727571,-113.997 -70.8403565464092,-34.4668391208301,-113.997 
			</coordinates>
		</LineString>
		<LineString>
			<coordinates>
				-70.84035654641021,-34.4668391208311,-113.997 -70.8403576177039,-34.4668458470111,-113.997 
			</coordinates>
		</LineString>
		<LineString>
			<coordinates>
				-70.8403576177049,-34.4668458470121,-113.997 -70.8403586987212,-34.4668526342352,-113.997 
			</coordinates>
		</LineString>
		<LineString>
			<coordinates>
				-70.8403586987222,-34.4668526342362,-113.997 -70.8402199378156,-34.4668828121717,-113.997 
			</coordinates>
		</LineString>
		<LineString>
			<coordinates>
				-70.8402199378166,-34.4668828121727,-113.997 -70.84020867653081,-34.4671411065757,-113.997 
			</coordinates>
		</LineString>
		<LineString>
			<coordinates>
				-70.83695260060141,-34.469514426096,-113.997 -70.8369717698278,-34.469818867108,-113.997 
			</coordinates>
		</LineString>
		<LineString>
			<coordinates>
				-70.83697176982881,-34.469818867109,-113.997 -70.8369795928942,-34.4699431102697,-113.997 
			</coordinates>
		</LineString>
		<LineString>
			<coordinates>
				-70.8369795928951,-34.4699431102707,-113.997 -70.83697653813719,-34.469978307443,-113.997 
			</coordinates>
		</LineString>
		<LineString>
			<coordinates>
				-70.8369765381382,-34.469978307444,-113.997 -70.8369734833783,-34.470013504616,-113.997 
			</coordinates>
		</LineString>
		<LineString>
			<coordinates>
				-70.8369734833793,-34.470013504617,-113.997 -70.8369742494862,-34.4700224489433,-113.997 
			</coordinates>
		</LineString>
		<LineString>
			<coordinates>
				-70.8369742494872,-34.4700224489443,-113.997 -70.8369794834821,-34.4700328900016,-113.997 
			</coordinates>
		</LineString>
		<LineString>
			<coordinates>
				-70.83697948348311,-34.4700328900026,-113.997 -70.8369845820273,-34.4700381093707,-113.997 
			</coordinates>
		</LineString>
		<LineString>
			<coordinates>
				-70.83698458202829,-34.4700381093717,-113.997 -70.8369905173753,-34.4700421118993,-113.997 
			</coordinates>
		</LineString>
		<LineString>
			<coordinates>
				-70.83699051737629,-34.4700421119003,-113.997 -70.83699729315229,-34.4700450491425,-113.997 
			</coordinates>
		</LineString>
		<LineString>
			<coordinates>
				-70.8369972931533,-34.4700450491435,-113.997 -70.8370053824397,-34.4700469122897,-113.997 
			</coordinates>
		</LineString>
		<LineString>
			<coordinates>
				-70.83700538244069,-34.4700469122907,-113.997 -70.8370143219944,-34.4700472317775,-113.997 
			</coordinates>
		</LineString>
		<LineString>
			<coordinates>
				-70.8368851260179,-34.4695013095947,-113.038 -70.8369144400605,-34.4699393486464,-113.038 
			</coordinates>
		</LineString>
		<LineString>
			<coordinates>
				-70.83691444006151,-34.4699393486474,-113.038 -70.836908981555,-34.470002241436,-113.038 
			</coordinates>
		</LineString>
		<LineString>
			<coordinates>
				-70.83690898155599,-34.470002241437,-113.038 -70.8361944830057,-34.4700410113636,-113.038 
			</coordinates>
		</LineString>
		<LineString>
			<coordinates>
				-70.83619448300669,-34.4700410113646,-113.038 -70.8361853006099,-34.4698952992473,-113.038 
			</coordinates>
		</LineString>
		<LineString>
			<coordinates>
				-70.83618530061089,-34.4698952992483,-113.038 -70.83625127904141,-34.4691351679949,-113.038 
			</coordinates>
		</LineString>
		<LineString>
			<coordinates>
				-70.83823785984291,-34.4696139365475,-113.997 -70.8381383606449,-34.4697263460137,-113.997 
			</coordinates>
		</LineString>
		<LineString>
			<coordinates>
				-70.8381383606459,-34.4697263460147,-113.997 -70.8380681995002,-34.4698479917945,-113.997 
			</coordinates>
		</LineString>
		<LineString>
			<coordinates>
				-70.83806819950119,-34.4698479917955,-113.997 -70.8380232028304,-34.4699549159197,-113.997 
			</coordinates>
		</LineString>
		<LineString>
			<coordinates>
				-70.83802320283139,-34.4699549159207,-113.997 -70.8379969581089,-34.4700773720208,-113.997 
			</coordinates>
		</LineString>
		<LineString>
			<coordinates>
				-70.8379969581099,-34.4700773720218,-113.997 -70.8379957393948,-34.4702004908913,-113.997 
			</coordinates>
		</LineString>
		<LineString>
			<coordinates>
				-70.83799573939579,-34.4702004908923,-113.997 -70.8380161026942,-34.4703200563915,-113.997 
			</coordinates>
		</LineString>
		<LineString>
			<coordinates>
				-70.83801610269521,-34.4703200563925,-113.997 -70.83803090509331,-34.4703904009297,-113.997 
			</coordinates>
		</LineString>
		<LineString>
			<coordinates>
				-70.8380309050943,-34.4703904009307,-113.997 -70.8380497556433,-34.4704772042877,-113.997 
			</coordinates>
		</LineString>
		<LineString>
			<coordinates>
				-70.83804975564431,-34.4704772042887,-113.997 -70.83834175399291,-34.4704337095689,-113.997 
			</coordinates>
		</LineString>
		<LineString>
			<coordinates>
				-70.8383417539939,-34.4704337095699,-113.997 -70.8383942761497,-34.4706589929114,-113.997 
			</coordinates>
		</LineString>
		<LineString>
			<coordinates>
				-70.83839427615069,-34.4706589929124,-113.997 -70.8387070724776,-34.4706089730286,-113.997 
			</coordinates>
		</LineString>
		<LineString>
			<coordinates>
				-70.83804975564431,-34.4704772042887,-112.11 -70.83810145331159,-34.4706873955495,-112.11 
			</coordinates>
		</LineString>
		<LineString>
			<coordinates>
				-70.8381014533126,-34.4706873955505,-112.11 -70.83810737322401,-34.4707357989685,-112.11 
			</coordinates>
		</LineString>
		<LineString>
			<coordinates>
				-70.838107373225,-34.4707357989695,-112.11 -70.8381045654003,-34.4708707281589,-112.11 
			</coordinates>
		</LineString>
		<LineString>
			<coordinates>
				-70.8381045654013,-34.4708707281599,-112.11 -70.8380770930026,-34.471081384574,-112.11 
			</coordinates>
		</LineString>
		<LineString>
			<coordinates>
				-70.83807709300361,-34.471081384575,-112.11 -70.8380414326399,-34.4713935567008,-112.11 
			</coordinates>
		</LineString>
		<LineString>
			<coordinates>
				-70.83804143264091,-34.4713935567018,-112.11 -70.83803546450341,-34.4714665357538,-112.11 
			</coordinates>
		</LineString>
		<LineString>
			<coordinates>
				-70.8380354645044,-34.4714665357548,-112.11 -70.8380294963594,-34.471539514806,-112.11 
			</coordinates>
		</LineString>
		<LineString>
			<coordinates>
				-70.83802949636041,-34.471539514807,-112.11 -70.8380150615434,-34.4716036647932,-112.11 
			</coordinates>
		</LineString>
		<LineString>
			<coordinates>
				-70.84082008496659,-34.4714387490279,-113.997 -70.84023986590149,-34.4715031366102,-113.997 
			</coordinates>
		</LineString>
		<LineString>
			<coordinates>
				-70.8402398659025,-34.4715031366112,-113.997 -70.8402103215805,-34.4715593692119,-113.997 
			</coordinates>
		</LineString>
		<LineString>
			<coordinates>
				-70.84021032158149,-34.4715593692129,-113.997 -70.84014649482771,-34.4715904592238,-113.997 
			</coordinates>
		</LineString>
		<LineString>
			<coordinates>
				-70.8401464948287,-34.4715904592248,-113.997 -70.84003366853069,-34.4721647965648,-113.997 
			</coordinates>
		</LineString>
		<LineString>
			<coordinates>
				-70.83899779465391,-34.4720622432934,-113.038 -70.83999853356519,-34.4720068144983,-113.038 
			</coordinates>
		</LineString>
		<LineString>
			<coordinates>
				-70.8399985335661,-34.4720068144993,-113.038 -70.8400809701465,-34.4715871794973,-113.038 
			</coordinates>
		</LineString>
		<LineString>
			<coordinates>
				-70.8400809701475,-34.4715871794983,-113.038 -70.84003695039129,-34.4715645156494,-113.038 
			</coordinates>
		</LineString>
		<LineString>
			<coordinates>
				-70.8400369503923,-34.4715645156504,-113.038 -70.84000862032779,-34.4715285680155,-113.038 
			</coordinates>
		</LineString>
		<LineString>
			<coordinates>
				-70.8400086203288,-34.4715285680165,-113.038 -70.8388902105709,-34.4716433302435,-113.038 
			</coordinates>
		</LineString>
		<LineString>
			<coordinates>
				-70.8388902105718,-34.4716433302445,-113.038 -70.8389977946529,-34.4720622432924,-113.038 
			</coordinates>
		</LineString>
		<LineString>
			<coordinates>
				-70.8388902105718,-34.4716433302445,-113.997 -70.838287403162,-34.471702018633,-113.997 
			</coordinates>
		</LineString>
		<LineString>
			<coordinates>
				-70.83828740316299,-34.471702018634,-113.997 -70.83802596700311,-34.4716923381621,-113.997 
			</coordinates>
		</LineString>
		<LineString>
			<coordinates>
				-70.8380259670041,-34.4716923381631,-113.997 -70.8380739702276,-34.4722525151162,-113.997 
			</coordinates>
		</LineString>
		<LineString>
			<coordinates>
				-70.83807397022861,-34.4722525151172,-113.997 -70.83901868027,-34.4721969858413,-113.997 
			</coordinates>
		</LineString>
		<LineString>
			<coordinates>
				-70.839018680271,-34.4721969858423,-113.997 -70.8389977946529,-34.4720622432924,-113.997 
			</coordinates>
		</LineString>
		<LineString>
			<coordinates>
				-70.83989086620601,-34.472607987599,-113.038 -70.8399765987365,-34.4730540788153,-113.038 
			</coordinates>
		</LineString>
		<LineString>
			<coordinates>
				-70.83997659873749,-34.4730540788163,-113.038 -70.8400624559564,-34.4735008133767,-113.038 
			</coordinates>
		</LineString>
		<LineString>
			<coordinates>
				-70.84006245595739,-34.4735008133777,-113.038 -70.8401517941501,-34.4739656544474,-113.038 
			</coordinates>
		</LineString>
		<LineString>
			<coordinates>
				-70.8401517941511,-34.4739656544484,-113.038 -70.84024092855201,-34.4744294292754,-113.038 
			</coordinates>
		</LineString>
		<LineString>
			<coordinates>
				-70.840240928553,-34.4744294292764,-113.038 -70.8403250281107,-34.4748670019464,-113.038 
			</coordinates>
		</LineString>
		<LineString>
			<coordinates>
				-70.84032502811171,-34.4748670019474,-113.038 -70.8403932268188,-34.4752218381478,-113.038 
			</coordinates>
		</LineString>
		<LineString>
			<coordinates>
				-70.84045772325079,-34.4752133365321,-113.038 -70.8403837743581,-34.4748285836397,-113.038 
			</coordinates>
		</LineString>
		<LineString>
			<coordinates>
				-70.8403837743591,-34.4748285836407,-113.038 -70.840297904498,-34.4743818013906,-113.038 
			</coordinates>
		</LineString>
		<LineString>
			<coordinates>
				-70.840297904499,-34.4743818013916,-113.038 -70.84021298450151,-34.4739349751432,-113.038 
			</coordinates>
		</LineString>
		<LineString>
			<coordinates>
				-70.8402129845025,-34.4739349751442,-113.038 -70.8401280642821,-34.473488142265,-113.038 
			</coordinates>
		</LineString>
		<LineString>
			<coordinates>
				-70.84012806428311,-34.473488142266,-113.038 -70.8400431450773,-34.4730413092677,-113.038 
			</coordinates>
		</LineString>
		<LineString>
			<coordinates>
				-70.8400431450783,-34.4730413092687,-113.038 -70.8399544415589,-34.4725947037409,-113.038 
			</coordinates>
		</LineString>
		<LineString>
			<coordinates>
				-70.8423044012727,-34.4782559115106,-113.997 -70.84242947108049,-34.4788744383051,-113.997 
			</coordinates>
		</LineString>
		<LineString>
			<coordinates>
				-70.8424294710815,-34.4788744383061,-113.997 -70.84255013044159,-34.4794730996277,-113.997 
			</coordinates>
		</LineString>
		<LineString>
			<coordinates>
				-70.8425501304426,-34.4794730996287,-113.997 -70.84254183753561,-34.4794954881476,-113.997 
			</coordinates>
		</LineString>
		<LineString>
			<coordinates>
				-70.8425418375366,-34.4794954881486,-113.997 -70.8425186871556,-34.4795089374119,-113.997 
			</coordinates>
		</LineString>
		<LineString>
			<coordinates>
				-70.8425186871566,-34.4795089374129,-113.997 -70.8417555745027,-34.4796049531751,-113.997 
			</coordinates>
		</LineString>
		<LineString>
			<coordinates>
				-70.84175557450369,-34.4796049531761,-113.997 -70.841631105781,-34.4789802324253,-113.997 
			</coordinates>
		</LineString>
		<LineString>
			<coordinates>
				-70.841631105782,-34.4789802324263,-113.997 -70.84162128671809,-34.478930949131,-113.997 
			</coordinates>
		</LineString>
		<LineString>
			<coordinates>
				-70.8381955899995,-34.4590528850549,-113.038 -70.8381223969848,-34.4589081006052,-113.038 
			</coordinates>
		</LineString>
		<LineString>
			<coordinates>
				-70.83783582328731,-34.4709747565689,-113.997 -70.8378393719106,-34.4711722866215,-113.997 
			</coordinates>
		</LineString>
		<LineString>
			<coordinates>
				-70.8378393719116,-34.4711722866225,-113.997 -70.8378350091843,-34.4712596745927,-113.997 
			</coordinates>
		</LineString>
		<LineString>
			<coordinates>
				-70.8378350091853,-34.4712596745937,-113.997 -70.8378317918738,-34.4713004114143,-113.997 
			</coordinates>
		</LineString>
		<LineString>
			<coordinates>
				-70.83783179187481,-34.4713004114153,-113.997 -70.83781311993231,-34.4714275748167,-113.997 
			</coordinates>
		</LineString>
		<LineString>
			<coordinates>
				-70.8378131199333,-34.4714275748177,-113.997 -70.8377959000708,-34.4715192761808,-113.997 
			</coordinates>
		</LineString>
		<LineString>
			<coordinates>
				-70.8377959000718,-34.4715192761818,-113.997 -70.83778962123159,-34.4715971833329,-113.997 
			</coordinates>
		</LineString>
		<LineString>
			<coordinates>
				-70.8377896212326,-34.4715971833339,-113.997 -70.8377783843076,-34.4716337177342,-113.997 
			</coordinates>
		</LineString>
		<LineString>
			<coordinates>
				-70.83777838430861,-34.4716337177352,-113.997 -70.8377350545412,-34.4716950317147,-113.997 
			</coordinates>
		</LineString>
		<LineString>
			<coordinates>
				-70.83773505454219,-34.4716950317157,-113.997 -70.8377295760444,-34.471703691373,-113.997 
			</coordinates>
		</LineString>
		<LineString>
			<coordinates>
				-70.8377295760454,-34.471703691374,-113.997 -70.8376090053732,-34.4717462971737,-113.997 
			</coordinates>
		</LineString>
		<LineString>
			<coordinates>
				-70.8376090053742,-34.4717462971747,-113.997 -70.8375520233114,-34.4717675888383,-113.997 
			</coordinates>
		</LineString>
		<LineString>
			<coordinates>
				-70.8375520233124,-34.4717675888393,-113.997 -70.8374933587837,-34.4717908071478,-113.997 
			</coordinates>
		</LineString>
		<LineString>
			<coordinates>
				-70.8374933587847,-34.4717908071488,-113.997 -70.83745334030959,-34.4718072859549,-113.997 
			</coordinates>
		</LineString>
		<LineString>
			<coordinates>
				-70.8374533403106,-34.4718072859559,-113.997 -70.8374028844847,-34.471833100204,-113.997 
			</coordinates>
		</LineString>
		<LineString>
			<coordinates>
				-70.8374028844857,-34.471833100205,-113.997 -70.83735242862819,-34.4718589144332,-113.997 
			</coordinates>
		</LineString>
		<LineString>
			<coordinates>
				-70.8373524286291,-34.4718589144342,-113.997 -70.83735164664689,-34.4718635802323,-113.997 
			</coordinates>
		</LineString>
		<LineString>
			<coordinates>
				-70.8373516466479,-34.4718635802333,-113.997 -70.837220165885,-34.4721477909968,-113.997 
			</coordinates>
		</LineString>
		<LineString>
			<coordinates>
				-70.837220165886,-34.4721477909978,-113.997 -70.8372038069563,-34.4722441200481,-113.997 
			</coordinates>
		</LineString>
		<LineString>
			<coordinates>
				-70.83720380695731,-34.4722441200491,-113.997 -70.83713909700759,-34.4726251606985,-113.997 
			</coordinates>
		</LineString>
		<LineString>
			<coordinates>
				-70.8371390970086,-34.4726251606995,-113.997 -70.83713756877729,-34.4726341595547,-113.997 
			</coordinates>
		</LineString>
		<LineString>
			<coordinates>
				-70.8371375687782,-34.4726341595557,-113.997 -70.8372985430163,-34.4729322839248,-113.997 
			</coordinates>
		</LineString>
		<LineString>
			<coordinates>
				-70.8372985430173,-34.4729322839258,-113.997 -70.837303907028,-34.4729756276697,-113.997 
			</coordinates>
		</LineString>
		<LineString>
			<coordinates>
				-70.837303907029,-34.4729756276707,-113.997 -70.83734276379811,-34.4732896070949,-113.997 
			</coordinates>
		</LineString>
		<LineString>
			<coordinates>
				-70.8373427637991,-34.4732896070959,-113.997 -70.8374485682216,-34.4734870094176,-113.997 
			</coordinates>
		</LineString>
		<LineString>
			<coordinates>
				-70.8374485682226,-34.4734870094186,-113.997 -70.8374712463048,-34.4735711193743,-113.997 
			</coordinates>
		</LineString>
		<LineString>
			<coordinates>
				-70.8374712463058,-34.4735711193753,-113.997 -70.837510461725,-34.4737165636396,-113.997 
			</coordinates>
		</LineString>
		<LineString>
			<coordinates>
				-70.837510461726,-34.4737165636406,-113.997 -70.8376478154529,-34.4739232620528,-113.997 
			</coordinates>
		</LineString>
		<LineString>
			<coordinates>
				-70.83764781545391,-34.4739232620538,-113.997 -70.8379010288736,-34.4743043101032,-113.997 
			</coordinates>
		</LineString>
		<LineString>
			<coordinates>
				-70.8379010288746,-34.4743043101042,-113.997 -70.8381574972546,-34.4746902521251,-113.997 
			</coordinates>
		</LineString>
		<LineString>
			<coordinates>
				-70.83815749725559,-34.4746902521261,-113.997 -70.8383397891714,-34.4749645683707,-113.997 
			</coordinates>
		</LineString>
		<LineString>
			<coordinates>
				-70.83833978917239,-34.4749645683717,-113.997 -70.8383840535501,-34.4751147965806,-113.997 
			</coordinates>
		</LineString>
		<LineString>
			<coordinates>
				-70.8383840535511,-34.4751147965816,-113.997 -70.8385133474977,-34.4755536019097,-113.997 
			</coordinates>
		</LineString>
		<LineString>
			<coordinates>
				-70.8385133474987,-34.4755536019107,-113.997 -70.83864264290089,-34.4759924070286,-113.997 
			</coordinates>
		</LineString>
		<LineString>
			<coordinates>
				-70.8386426429019,-34.4759924070296,-113.997 -70.8387719397597,-34.4764312119373,-113.997 
			</coordinates>
		</LineString>
		<LineString>
			<coordinates>
				-70.8387719397607,-34.4764312119383,-113.997 -70.83889775285419,-34.4768581887775,-113.997 
			</coordinates>
		</LineString>
		<LineString>
			<coordinates>
				-70.8388977528552,-34.4768581887785,-113.997 -70.8388347374066,-34.4772771224011,-113.997 
			</coordinates>
		</LineString>
		<LineString>
			<coordinates>
				-70.83883473740759,-34.4772771224021,-113.997 -70.83888596585621,-34.4778150699947,-113.997 
			</coordinates>
		</LineString>
		<LineString>
			<coordinates>
				-70.8388859658571,-34.4778150699957,-113.997 -70.8388991344181,-34.4780956426738,-113.997 
			</coordinates>
		</LineString>
		<LineString>
			<coordinates>
				-70.83889913441909,-34.4780956426748,-113.997 -70.8389217043331,-34.478223142661,-113.997 
			</coordinates>
		</LineString>
		<LineString>
			<coordinates>
				-70.8389217043341,-34.478223142662,-113.997 -70.83892058069689,-34.4782414198004,-113.997 
			</coordinates>
		</LineString>
		<LineString>
			<coordinates>
				-70.8389205806978,-34.4782414198014,-113.997 -70.8389057881831,-34.4784820353219,-113.997 
			</coordinates>
		</LineString>
		<LineString>
			<coordinates>
				-70.83890578818411,-34.4784820353229,-113.997 -70.8389513790458,-34.4787366799563,-113.997 
			</coordinates>
		</LineString>
		<LineString>
			<coordinates>
				-70.8389513790468,-34.4787366799573,-113.997 -70.8389865687481,-34.4789332284044,-113.997 
			</coordinates>
		</LineString>
		<LineString>
			<coordinates>
				-70.83898656874911,-34.4789332284054,-113.997 -70.8389848303411,-34.4791565152059,-113.997 
			</coordinates>
		</LineString>
		<LineString>
			<coordinates>
				-70.8389848303421,-34.4791565152069,-113.997 -70.838988184591,-34.4791890465195,-113.997 
			</coordinates>
		</LineString>
		<LineString>
			<coordinates>
				-70.838988184592,-34.4791890465205,-113.997 -70.8390064789984,-34.479366474942,-113.997 
			</coordinates>
		</LineString>
		<LineString>
			<coordinates>
				-70.83900647899939,-34.479366474943,-113.997 -70.8389763747296,-34.4797527751487,-113.997 
			</coordinates>
		</LineString>
		<LineString>
			<coordinates>
				-70.83897637473061,-34.4797527751497,-113.997 -70.83895544543449,-34.4800213399294,-113.997 
			</coordinates>
		</LineString>
		<LineString>
			<coordinates>
				-70.8389554454355,-34.4800213399304,-113.997 -70.8389519551357,-34.4800279651739,-113.997 
			</coordinates>
		</LineString>
		<LineString>
			<coordinates>
				-70.83895195513669,-34.4800279651749,-113.997 -70.83894715809561,-34.480032113463,-113.997 
			</coordinates>
		</LineString>
		<LineString>
			<coordinates>
				-70.8389471580966,-34.480032113464,-113.997 -70.8389439306161,-34.48003386628,-113.997 
			</coordinates>
		</LineString>
		<LineString>
			<coordinates>
				-70.83894393061711,-34.480033866281,-113.997 -70.8389339618839,-34.4800366678431,-113.997 
			</coordinates>
		</LineString>
		<LineString>
			<coordinates>
				-70.8389339618849,-34.4800366678441,-113.997 -70.83892548592,-34.4800389552091,-113.997 
			</coordinates>
		</LineString>
		<LineString>
			<coordinates>
				-70.838925485921,-34.4800389552101,-113.997 -70.838904281411,-34.480044677561,-113.997 
			</coordinates>
		</LineString>
		<LineString>
			<coordinates>
				-70.838904281412,-34.480044677562,-113.997 -70.8385215910714,-34.480147951477,-113.997 
			</coordinates>
		</LineString>
		<LineString>
			<coordinates>
				-70.83852159107241,-34.480147951478,-113.997 -70.838471981735,-34.4802137054643,-113.997 
			</coordinates>
		</LineString>
		<LineString>
			<coordinates>
				-70.83847198173601,-34.4802137054653,-113.997 -70.8384408960062,-34.4802583876735,-113.997 
			</coordinates>
		</LineString>
		<LineString>
			<coordinates>
				-70.8384408960072,-34.4802583876745,-113.997 -70.8383307989312,-34.4803834046556,-113.997 
			</coordinates>
		</LineString>
		<LineString>
			<coordinates>
				-70.8383307989322,-34.4803834046566,-113.997 -70.8382742398353,-34.4804659783399,-113.997 
			</coordinates>
		</LineString>
		<LineString>
			<coordinates>
				-70.8382742398363,-34.4804659783409,-113.997 -70.83825320624361,-34.4805293705873,-113.997 
			</coordinates>
		</LineString>
		<LineString>
			<coordinates>
				-70.8382532062446,-34.4805293705883,-113.997 -70.83825197816689,-34.4805654161928,-113.997 
			</coordinates>
		</LineString>
		<LineString>
			<coordinates>
				-70.8382519781679,-34.4805654161938,-113.997 -70.8382507500898,-34.4806014617982,-113.997 
			</coordinates>
		</LineString>
		<LineString>
			<coordinates>
				-70.83825075009079,-34.4806014617992,-113.997 -70.83828295811681,-34.4807585288774,-113.997 
			</coordinates>
		</LineString>
		<LineString>
			<coordinates>
				-70.8382829581178,-34.4807585288784,-113.997 -70.8383183494559,-34.4808697832836,-113.997 
			</coordinates>
		</LineString>
		<LineString>
			<coordinates>
				-70.8383183494569,-34.4808697832846,-113.997 -70.8383587917381,-34.4810420424931,-113.997 
			</coordinates>
		</LineString>
		<LineString>
			<coordinates>
				-70.8383587917391,-34.4810420424941,-113.997 -70.8383722945466,-34.4810995559616,-113.997 
			</coordinates>
		</LineString>
		<LineString>
			<coordinates>
				-70.8383722945476,-34.4810995559626,-113.997 -70.83840526551499,-34.4813671192102,-113.997 
			</coordinates>
		</LineString>
		<LineString>
			<coordinates>
				-70.838405265516,-34.4813671192112,-113.997 -70.8384019873323,-34.4815832022226,-113.997 
			</coordinates>
		</LineString>
		<LineString>
			<coordinates>
				-70.8384019873333,-34.4815832022236,-113.997 -70.8384225851111,-34.4816735579855,-113.997 
			</coordinates>
		</LineString>
		<LineString>
			<coordinates>
				-70.8384225843963,-34.4816735583196,-113.038 -70.8383868277428,-34.481702040257,-113.038 
			</coordinates>
		</LineString>
		<LineString>
			<coordinates>
				-70.8383868277438,-34.481702040258,-113.038 -70.83837233275931,-34.4817412471969,-113.038 
			</coordinates>
		</LineString>
		<LineString>
			<coordinates>
				-70.8383723327603,-34.4817412471979,-113.038 -70.8383836294832,-34.4817829106029,-113.038 
			</coordinates>
		</LineString>
		<LineString>
			<coordinates>
				-70.8383836294842,-34.4817829106039,-113.038 -70.8384144709151,-34.4818118238791,-113.038 
			</coordinates>
		</LineString>
		<LineString>
			<coordinates>
				-70.83841447091611,-34.4818118238801,-113.038 -70.8384635636305,-34.4818262863255,-113.038 
			</coordinates>
		</LineString>
		<LineString>
			<coordinates>
				-70.83846356363151,-34.4818262863265,-113.038 -70.8385091450553,-34.4818201333702,-113.038 
			</coordinates>
		</LineString>
		<LineString>
			<coordinates>
				-70.83850914505631,-34.4818201333712,-113.038 -70.8385500842405,-34.4817935815909,-113.038 
			</coordinates>
		</LineString>
		<LineString>
			<coordinates>
				-70.8385500842415,-34.4817935815919,-113.038 -70.8385688333971,-34.4817549510509,-113.038 
			</coordinates>
		</LineString>
		<LineString>
			<coordinates>
				-70.8385688333981,-34.4817549510519,-113.038 -70.8385622617853,-34.481713881495,-113.038 
			</coordinates>
		</LineString>
		<LineString>
			<coordinates>
				-70.83856226178629,-34.481713881496,-113.038 -70.838531323718,-34.4816801833156,-113.038 
			</coordinates>
		</LineString>
		<LineString>
			<coordinates>
				-70.838531323719,-34.4816801833166,-113.038 -70.8384869176306,-34.4816641659439,-113.038 
			</coordinates>
		</LineString>
		<LineString>
			<coordinates>
				-70.8384869176316,-34.4816641659449,-113.038 -70.83846738398969,-34.481578478501,-113.038 
			</coordinates>
		</LineString>
		<LineString>
			<coordinates>
				-70.8384673839907,-34.481578478502,-113.038 -70.8384706269598,-34.4813647055609,-113.038 
			</coordinates>
		</LineString>
		<LineString>
			<coordinates>
				-70.8384706269608,-34.4813647055619,-113.038 -70.8384369768784,-34.4810916329457,-113.038 
			</coordinates>
		</LineString>
		<LineString>
			<coordinates>
				-70.83843697687939,-34.4810916329467,-113.038 -70.8384247835702,-34.4810396973,-113.038 
			</coordinates>
		</LineString>
		<LineString>
			<coordinates>
				-70.8384247835712,-34.481039697301,-113.038 -70.8383820594841,-34.4808577196154,-113.038 
			</coordinates>
		</LineString>
		<LineString>
			<coordinates>
				-70.8383820594851,-34.4808577196164,-113.038 -70.8383468665036,-34.4807470890243,-113.038 
			</coordinates>
		</LineString>
		<LineString>
			<coordinates>
				-70.83834686650459,-34.4807470890253,-113.038 -70.8383160787852,-34.4805969488476,-113.038 
			</coordinates>
		</LineString>
		<LineString>
			<coordinates>
				-70.83831607878621,-34.4805969488486,-113.038 -70.8383161777241,-34.4805500170631,-113.038 
			</coordinates>
		</LineString>
		<LineString>
			<coordinates>
				-70.8383161777251,-34.4805500170641,-113.038 -70.83833506925031,-34.48048680506,-113.038 
			</coordinates>
		</LineString>
		<LineString>
			<coordinates>
				-70.8383350692513,-34.480486805061,-113.038 -70.838385773501,-34.4804127791027,-113.038 
			</coordinates>
		</LineString>
		<LineString>
			<coordinates>
				-70.838385773502,-34.4804127791038,-113.038 -70.8384957409214,-34.480287909244,-113.038 
			</coordinates>
		</LineString>
		<LineString>
			<coordinates>
				-70.8384957409224,-34.480287909245,-113.038 -70.8385648012397,-34.4801906923377,-113.038 
			</coordinates>
		</LineString>
		<LineString>
			<coordinates>
				-70.83856480124069,-34.4801906923387,-113.038 -70.8394056283922,-34.4799664432385,-113.038 
			</coordinates>
		</LineString>
		<LineString>
			<coordinates>
				-70.84098007452251,-34.4797065440242,-113.038 -70.840965558164,-34.4790179178633,-113.038 
			</coordinates>
		</LineString>
		<LineString>
			<coordinates>
				-70.84091492498079,-34.4797154262456,-113.038 -70.8409003225014,-34.4790226892808,-113.038 
			</coordinates>
		</LineString>
		<LineString>
			<coordinates>
				-70.84090032250241,-34.4790226892818,-113.038 -70.8408747407935,-34.4788942851623,-113.038 
			</coordinates>
		</LineString>
		<LineString>
			<coordinates>
				-70.8408747407945,-34.4788942851633,-113.038 -70.8407283475532,-34.4781594743347,-113.038 
			</coordinates>
		</LineString>
		<LineString>
			<coordinates>
				-70.8408747407945,-34.4788942851633,-113.038 -70.8402228273643,-34.4789898795527,-113.038 
			</coordinates>
		</LineString>
		<LineString>
			<coordinates>
				-70.8400850445408,-34.4785836653166,-113.038 -70.8402228273643,-34.4789898795527,-113.038 
			</coordinates>
		</LineString>
		<LineString>
			<coordinates>
				-70.8446753453064,-34.4710636797222,-113.021 -70.8446131281722,-34.471044029527,-113.021 
			</coordinates>
		</LineString>
		<LineString>
			<coordinates>
				-70.84461312817319,-34.471044029528,-113.021 -70.844573206192,-34.4709998927271,-113.021 
			</coordinates>
		</LineString>
		<LineString>
			<coordinates>
				-70.8445732061929,-34.4709998927281,-113.021 -70.8434898607526,-34.4711155613757,-113.021 
			</coordinates>
		</LineString>
		<LineString>
			<coordinates>
				-70.84348986075361,-34.4711155613767,-113.021 -70.8423443983397,-34.4712378514981,-113.021 
			</coordinates>
		</LineString>
		<LineString>
			<coordinates>
				-70.8423443983407,-34.4712378514991,-113.021 -70.8423288670057,-34.4712882632204,-113.021 
			</coordinates>
		</LineString>
		<LineString>
			<coordinates>
				-70.8423288670067,-34.4712882632214,-113.021 -70.8422846562742,-34.4713252247905,-113.021 
			</coordinates>
		</LineString>
		<LineString>
			<coordinates>
				-70.8422213458215,-34.4713385259103,-113.038 -70.8421700483116,-34.4713276430309,-113.038 
			</coordinates>
		</LineString>
		<LineString>
			<coordinates>
				-70.8421700483126,-34.4713276430319,-113.038 -70.8421294348133,-34.4712995011207,-113.038 
			</coordinates>
		</LineString>
		<LineString>
			<coordinates>
				-70.8421294348143,-34.4712995011217,-113.038 -70.84155456206879,-34.4713625819638,-113.038 
			</coordinates>
		</LineString>
		<LineString>
			<coordinates>
				-70.8415545620698,-34.4713625819648,-113.038 -70.8408200849656,-34.4714387490269,-113.038 
			</coordinates>
		</LineString>
		<LineString>
			<coordinates>
				-70.84082008496659,-34.4714387490279,-113.038 -70.84023986590149,-34.4715031366102,-113.038 
			</coordinates>
		</LineString>
		<LineString>
			<coordinates>
				-70.8402398659025,-34.4715031366112,-113.038 -70.8402103215805,-34.4715593692119,-113.038 
			</coordinates>
		</LineString>
		<LineString>
			<coordinates>
				-70.84021032158149,-34.4715593692129,-113.038 -70.84014649482771,-34.4715904592238,-113.038 
			</coordinates>
		</LineString>
		<LineString>
			<coordinates>
				-70.8400809701474,-34.4715871794983,-113.038 -70.84003695039129,-34.4715645156494,-113.038 
			</coordinates>
		</LineString>
		<LineString>
			<coordinates>
				-70.8400369503923,-34.4715645156504,-113.038 -70.84000862032779,-34.4715285680155,-113.038 
			</coordinates>
		</LineString>
		<LineString>
			<coordinates>
				-70.8400086203288,-34.4715285680165,-113.038 -70.8394198983642,-34.4715846821232,-113.038 
			</coordinates>
		</LineString>
		<LineString>
			<coordinates>
				-70.83941989836519,-34.4715846821242,-113.038 -70.8388902105709,-34.4716433302435,-113.038 
			</coordinates>
		</LineString>
		<LineString>
			<coordinates>
				-70.8388902105719,-34.4716433302445,-113.038 -70.838287403162,-34.471702018633,-113.038 
			</coordinates>
		</LineString>
		<LineString>
			<coordinates>
				-70.83828740316299,-34.471702018634,-113.038 -70.83802596700311,-34.4716923381621,-113.038 
			</coordinates>
		</LineString>
		<LineString>
			<coordinates>
				-70.8382790877139,-34.4716483684876,-113.997 -70.8386178853965,-34.4716181049796,-113.997 
			</coordinates>
		</LineString>
		<LineString>
			<coordinates>
				-70.8386178853975,-34.4716181049806,-113.997 -70.8391154322307,-34.4715648357947,-113.997 
			</coordinates>
		</LineString>
		<LineString>
			<coordinates>
				-70.83911543223169,-34.4715648357957,-113.997 -70.8394115822087,-34.4715310320758,-113.997 
			</coordinates>
		</LineString>
		<LineString>
			<coordinates>
				-70.83941158220971,-34.4715310320768,-113.997 -70.83955800759431,-34.4715195489126,-113.997 
			</coordinates>
		</LineString>
		<LineString>
			<coordinates>
				-70.8395580075953,-34.4715195489136,-113.997 -70.8400031608622,-34.4714746185479,-113.997 
			</coordinates>
		</LineString>
		<LineString>
			<coordinates>
				-70.8400031608632,-34.4714746185489,-113.997 -70.8400314068778,-34.4714275382854,-113.997 
			</coordinates>
		</LineString>
		<LineString>
			<coordinates>
				-70.84003140687879,-34.4714275382864,-113.997 -70.8400759241774,-34.4714016478248,-113.997 
			</coordinates>
		</LineString>
		<LineString>
			<coordinates>
				-70.84007592417839,-34.4714016478258,-113.997 -70.8401345671024,-34.4713951295461,-113.997 
			</coordinates>
		</LineString>
		<LineString>
			<coordinates>
				-70.84013456710341,-34.4713951295471,-113.997 -70.8401898422179,-34.47141267616,-113.997 
			</coordinates>
		</LineString>
		<LineString>
			<coordinates>
				-70.8401898422189,-34.471412676161,-113.997 -70.8402281322976,-34.4714498716068,-113.997 
			</coordinates>
		</LineString>
		<LineString>
			<coordinates>
				-70.84022813229861,-34.4714498716078,-113.997 -70.8405190319087,-34.471418458723,-113.997 
			</coordinates>
		</LineString>
		<LineString>
			<coordinates>
				-70.84051903190969,-34.471418458724,-113.997 -70.8409937505989,-34.471365329617,-113.997 
			</coordinates>
		</LineString>
		<LineString>
			<coordinates>
				-70.84099375059979,-34.471365329618,-113.997 -70.84147027507881,-34.4713119964986,-113.997 
			</coordinates>
		</LineString>
		<LineString>
			<coordinates>
				-70.8414702750798,-34.4713119964996,-113.997 -70.8419480132341,-34.4712645103251,-113.997 
			</coordinates>
		</LineString>
		<LineString>
			<coordinates>
				-70.8419480132351,-34.4712645103261,-113.997 -70.8421053432164,-34.4712475628685,-113.997 
			</coordinates>
		</LineString>
		<LineString>
			<coordinates>
				-70.8421053432174,-34.4712475628695,-113.997 -70.8421166704058,-34.4711965866604,-113.997 
			</coordinates>
		</LineString>
		<LineString>
			<coordinates>
				-70.8421166704068,-34.4711965866614,-113.997 -70.8421571271309,-34.4711575191493,-113.997 
			</coordinates>
		</LineString>
		<LineString>
			<coordinates>
				-70.8421571271319,-34.4711575191503,-113.997 -70.8422188713361,-34.4711403498268,-113.997 
			</coordinates>
		</LineString>
		<LineString>
			<coordinates>
				-70.8422188713371,-34.4711403498278,-113.997 -70.8422788935936,-34.4711509822,-113.997 
			</coordinates>
		</LineString>
		<LineString>
			<coordinates>
				-70.8422788935946,-34.471150982201,-113.997 -70.842325089936,-34.4711853821382,-113.997 
			</coordinates>
		</LineString>
		<LineString>
			<coordinates>
				-70.84232508993691,-34.4711853821392,-113.997 -70.8424467869357,-34.4711723902458,-113.997 
			</coordinates>
		</LineString>
		<LineString>
			<coordinates>
				-70.8424467869367,-34.4711723902468,-113.997 -70.8429483536401,-34.4711188436438,-113.997 
			</coordinates>
		</LineString>
		<LineString>
			<coordinates>
				-70.84294835364111,-34.4711188436448,-113.997 -70.8434499196085,-34.4710652950024,-113.997 
			</coordinates>
		</LineString>
		<LineString>
			<coordinates>
				-70.8434499196095,-34.4710652950034,-113.997 -70.843956785017,-34.4710111784257,-113.997 
			</coordinates>
		</LineString>
		<LineString>
			<coordinates>
				-70.84395678501799,-34.4710111784267,-113.997 -70.84446348504351,-34.4709570773444,-113.997 
			</coordinates>
		</LineString>
		<LineString>
			<coordinates>
				-70.8444634850445,-34.4709570773454,-113.997 -70.8445676766168,-34.4709459523942,-113.997 
			</coordinates>
		</LineString>
		<LineString>
			<coordinates>
				-70.8445676766178,-34.4709459523952,-113.997 -70.84459411574279,-34.47090050224,-113.997 
			</coordinates>
		</LineString>
		<LineString>
			<coordinates>
				-70.8445941157437,-34.470900502241,-113.997 -70.84463861317209,-34.470873507102,-113.997 
			</coordinates>
		</LineString>
		<LineString>
			<coordinates>
				-70.8446386131731,-34.470873507103,-113.997 -70.8446961221893,-34.4708660986462,-113.997 
			</coordinates>
		</LineString>
		<LineString>
			<coordinates>
				-70.8446961221903,-34.4708660986472,-113.997 -70.8447541837039,-34.4708837867259,-113.997 
			</coordinates>
		</LineString>
		<LineString>
			<coordinates>
				-70.84475418370489,-34.4708837867269,-113.997 -70.8447931303923,-34.4709218794818,-113.997 
			</coordinates>
		</LineString>
		<LineString>
			<coordinates>
				-70.8447931303933,-34.4709218794828,-113.997 -70.8449865003513,-34.4709012319902,-113.997 
			</coordinates>
		</LineString>
		<LineString>
			<coordinates>
				-70.84498650035231,-34.4709012319912,-113.997 -70.8458950662218,-34.4708042137082,-113.997 
			</coordinates>
		</LineString>
		<LineString>
			<coordinates>
				-70.84589506622279,-34.4708042137092,-113.038 -70.8459035540599,-34.4707713247878,-113.038 
			</coordinates>
		</LineString>
		<LineString>
			<coordinates>
				-70.8459035540609,-34.4707713247888,-113.038 -70.8456139914028,-34.4706123266768,-113.038 
			</coordinates>
		</LineString>
		<LineString>
			<coordinates>
				-70.84561399140379,-34.4706123266778,-113.038 -70.84522385857569,-34.4701265431175,-113.038 
			</coordinates>
		</LineString>
		<LineString>
			<coordinates>
				-70.8452238585767,-34.4701265431185,-113.038 -70.84515222478289,-34.4699504952466,-113.038 
			</coordinates>
		</LineString>
		<LineString>
			<coordinates>
				-70.8451522247839,-34.4699504952476,-113.038 -70.8451259270946,-34.4699261366839,-113.038 
			</coordinates>
		</LineString>
		<LineString>
			<coordinates>
				-70.84523676684501,-34.4699726486525,-113.997 -70.84528333162559,-34.4701028048888,-113.997 
			</coordinates>
		</LineString>
		<LineString>
			<coordinates>
				-70.8452833316266,-34.4701028048898,-113.997 -70.8456614784793,-34.4705736606785,-113.997 
			</coordinates>
		</LineString>
		<LineString>
			<coordinates>
				-70.8456614784803,-34.4705736606795,-113.997 -70.84588867143739,-34.4707013904354,-113.997 
			</coordinates>
		</LineString>
		<LineString>
			<coordinates>
				-70.8458886714384,-34.4707013904364,-113.997 -70.8459926894477,-34.4707526112609,-113.997 
			</coordinates>
		</LineString>
		<LineString>
			<coordinates>
				-70.84599268944871,-34.4707526112619,-113.997 -70.8459994311644,-34.4707559310297,-113.997 
			</coordinates>
		</LineString>
		<LineString>
			<coordinates>
				-70.8459994311654,-34.4707559310307,-113.997 -70.8460207587426,-34.4707802357981,-113.997 
			</coordinates>
		</LineString>
		<LineString>
			<coordinates>
				-70.84602075874361,-34.4707802357991,-113.997 -70.8460235742682,-34.4708079487019,-113.997 
			</coordinates>
		</LineString>
		<LineString>
			<coordinates>
				-70.8460235742692,-34.4708079487029,-113.997 -70.84600828067551,-34.4708341011098,-113.997 
			</coordinates>
		</LineString>
		<LineString>
			<coordinates>
				-70.8460082806765,-34.4708341011108,-113.997 -70.8459791019545,-34.4708497706912,-113.997 
			</coordinates>
		</LineString>
		<LineString>
			<coordinates>
				-70.84597910195551,-34.4708497706922,-113.038 -70.8452957047347,-34.4709227461613,-113.038 
			</coordinates>
		</LineString>
		<LineString>
			<coordinates>
				-70.8452957047357,-34.4709227461623,-113.038 -70.84480430109819,-34.4709752174759,-113.038 
			</coordinates>
		</LineString>
		<LineString>
			<coordinates>
				-70.839975915221,-34.4593528657712,-113.997 -70.8386454216149,-34.4587007666082,-113.997 
			</coordinates>
		</LineString>
		<LineString>
			<coordinates>
				-70.8403747018982,-34.4591666129627,-113.997 -70.8403618779154,-34.4591590697547,-113.997 
			</coordinates>
		</LineString>
		<LineString>
			<coordinates>
				-70.84036187791639,-34.4591590697557,-113.997 -70.8388104554997,-34.4583140684444,-113.997 
			</coordinates>
		</LineString>
		<LineString>
			<coordinates>
				-70.83897888412911,-34.4579194122021,-113.038 -70.8399706856663,-34.4584992654338,-113.038 
			</coordinates>
		</LineString>
		<LineString>
			<coordinates>
				-70.8399706856673,-34.4584992654348,-113.038 -70.84021840122421,-34.4586295531124,-113.038 
			</coordinates>
		</LineString>
		<LineString>
			<coordinates>
				-70.8402184012252,-34.4586295531134,-113.038 -70.8403756836846,-34.4586836153854,-113.038 
			</coordinates>
		</LineString>
		<LineString>
			<coordinates>
				-70.84037568368559,-34.4586836153864,-113.038 -70.8404802594771,-34.4588558317582,-113.038 
			</coordinates>
		</LineString>
		<LineString>
			<coordinates>
				-70.8404802594781,-34.4588558317592,-113.038 -70.8403747018972,-34.4591666129617,-113.038 
			</coordinates>
		</LineString>
		<LineString>
			<coordinates>
				-70.84139421680889,-34.4628396501745,-113.997 -70.8413544195039,-34.4628146400451,-113.997 
			</coordinates>
		</LineString>
		<LineString>
			<coordinates>
				-70.8413544195049,-34.4628146400461,-113.997 -70.8410291052425,-34.4624940496293,-113.997 
			</coordinates>
		</LineString>
		<LineString>
			<coordinates>
				-70.84102910524351,-34.4624940496303,-113.997 -70.8410255033065,-34.4624901292213,-113.997 
			</coordinates>
		</LineString>
		<LineString>
			<coordinates>
				-70.84102550330751,-34.4624901292223,-113.997 -70.8410205416443,-34.4624864720332,-113.997 
			</coordinates>
		</LineString>
		<LineString>
			<coordinates>
				-70.84102054164531,-34.4624864720342,-113.997 -70.84101612644611,-34.4624842493326,-113.997 
			</coordinates>
		</LineString>
		<LineString>
			<coordinates>
				-70.8410161264471,-34.4624842493336,-113.997 -70.84101169299841,-34.4624827254406,-113.997 
			</coordinates>
		</LineString>
		<LineString>
			<coordinates>
				-70.8410116929994,-34.4624827254416,-113.997 -70.8410072975523,-34.4624817947982,-113.997 
			</coordinates>
		</LineString>
		<LineString>
			<coordinates>
				-70.8410072975533,-34.4624817947992,-113.997 -70.841003430963,-34.4624814051866,-113.997 
			</coordinates>
		</LineString>
		<LineString>
			<coordinates>
				-70.84100343096399,-34.4624814051876,-113.997 -70.84097855216829,-34.4624806287635,-113.997 
			</coordinates>
		</LineString>
		<LineString>
			<coordinates>
				-70.8409785521693,-34.4624806287645,-113.997 -70.84057135919581,-34.4624599005357,-113.997 
			</coordinates>
		</LineString>
		<LineString>
			<coordinates>
				-70.8405892381618,-34.4625144823396,-112.242 -70.8409855806967,-34.462534658161,-112.242 
			</coordinates>
		</LineString>
		<LineString>
			<coordinates>
				-70.8409855806977,-34.462534658162,-112.242 -70.84130873542441,-34.4628535236777,-112.242 
			</coordinates>
		</LineString>
		<LineString>
			<coordinates>
				-70.8413087354254,-34.4628535236787,-112.242 -70.8413783972334,-34.4628973017887,-112.242 
			</coordinates>
		</LineString>
		<LineString>
			<coordinates>
				-70.84137839723439,-34.4628973017897,-112.242 -70.841820010646,-34.4631761911995,-112.242 
			</coordinates>
		</LineString>
		<LineString>
			<coordinates>
				-70.84447044935089,-34.4671340321684,-112.242 -70.8445663072459,-34.4672323925677,-112.242 
			</coordinates>
		</LineString>
		<LineString>
			<coordinates>
				-70.84456630724689,-34.4672323925687,-112.242 -70.84485231999371,-34.4675258701949,-112.242 
			</coordinates>
		</LineString>
		<LineString>
			<coordinates>
				-70.8448523199947,-34.4675258701959,-112.242 -70.84497554204,-34.4676523074442,-112.242 
			</coordinates>
		</LineString>
		<LineString>
			<coordinates>
				-70.844975542041,-34.4676523074452,-112.242 -70.8450317314457,-34.4676267440069,-112.242 
			</coordinates>
		</LineString>
		<LineString>
			<coordinates>
				-70.8450317314467,-34.4676267440079,-112.242 -70.8452170988699,-34.4678169470395,-112.242 
			</coordinates>
		</LineString>
		<LineString>
			<coordinates>
				-70.8452170988709,-34.4678169470405,-112.242 -70.8454124499447,-34.4680173928803,-112.242 
			</coordinates>
		</LineString>
		<LineString>
			<coordinates>
				-70.8454124499457,-34.4680173928813,-112.242 -70.84555221524511,-34.4681608024594,-112.242 
			</coordinates>
		</LineString>
		<LineString>
			<coordinates>
				-70.8455522152461,-34.4681608024604,-112.242 -70.8457135974035,-34.4683263917025,-112.242 
			</coordinates>
		</LineString>
		<LineString>
			<coordinates>
				-70.8457135974045,-34.4683263917035,-112.242 -70.84596579533969,-34.468585162409,-112.242 
			</coordinates>
		</LineString>
		<LineString>
			<coordinates>
				-70.8459657953406,-34.46858516241,-112.242 -70.8461049925544,-34.4684818468608,-112.242 
			</coordinates>
		</LineString>
		<LineString>
			<coordinates>
				-70.8461049925554,-34.4684818468618,-112.242 -70.84675934138821,-34.4692616758776,-112.242 
			</coordinates>
		</LineString>
		<LineString>
			<coordinates>
				-70.8464711933991,-34.469457670522,-113.038 -70.8460067193117,-34.469199047758,-113.038 
			</coordinates>
		</LineString>
		<LineString>
			<coordinates>
				-70.8460067193127,-34.469199047759,-113.038 -70.8455842574392,-34.468765578293,-113.038 
			</coordinates>
		</LineString>
		<LineString>
			<coordinates>
				-70.84558425744019,-34.468765578294,-113.038 -70.84596579533969,-34.468585162409,-113.038 
			</coordinates>
		</LineString>
		<LineString>
			<coordinates>
				-70.8459657953406,-34.46858516241,-113.038 -70.8457135974035,-34.4683263917025,-113.038 
			</coordinates>
		</LineString>
		<LineString>
			<coordinates>
				-70.84558425744019,-34.468765578294,-113.997 -70.84465945961961,-34.4692028746837,-113.997 
			</coordinates>
		</LineString>
		<LineString>
			<coordinates>
				-70.8460067193127,-34.469199047759,-113.038 -70.8453343072523,-34.4695170046708,-113.038 
			</coordinates>
		</LineString>
		<LineString>
			<coordinates>
				-70.84654985431069,-34.4694398083164,-113.997 -70.8465722558315,-34.4693926317328,-113.997 
			</coordinates>
		</LineString>
		<LineString>
			<coordinates>
				-70.8465722558325,-34.4693926317338,-113.997 -70.84667304201059,-34.4693519759548,-113.997 
			</coordinates>
		</LineString>
		<LineString>
			<coordinates>
				-70.8466730420115,-34.4693519759558,-113.997 -70.84673497781149,-34.4693209159376,-113.997 
			</coordinates>
		</LineString>
		<LineString>
			<coordinates>
				-70.8467349778125,-34.4693209159386,-113.997 -70.84681526839989,-34.4693028122862,-113.997 
			</coordinates>
		</LineString>
		<LineString>
			<coordinates>
				-70.8468152684009,-34.4693028122872,-113.997 -70.8469669059467,-34.4692573419057,-113.997 
			</coordinates>
		</LineString>
		<LineString>
			<coordinates>
				-70.8469669059477,-34.4692573419067,-113.997 -70.8470365192092,-34.4692449016293,-113.997 
			</coordinates>
		</LineString>
		<LineString>
			<coordinates>
				-70.84703651921011,-34.4692449016303,-113.997 -70.8473309897539,-34.4692301266454,-113.997 
			</coordinates>
		</LineString>
		<LineString>
			<coordinates>
				-70.84733098975489,-34.4692301266464,-113.997 -70.84737371012611,-34.4692711244356,-113.997 
			</coordinates>
		</LineString>
		<LineString>
			<coordinates>
				-70.8473737101271,-34.4692711244366,-113.997 -70.84743606606899,-34.4692874215185,-113.997 
			</coordinates>
		</LineString>
		<LineString>
			<coordinates>
				-70.84743606607,-34.4692874215195,-113.997 -70.8475379357324,-34.4695727329968,-113.997 
			</coordinates>
		</LineString>
		<LineString>
			<coordinates>
				-70.8475853432431,-34.4695321817541,-113.038 -70.84749408212291,-34.4692765825561,-113.038 
			</coordinates>
		</LineString>
		<LineString>
			<coordinates>
				-70.8474940821239,-34.4692765825571,-113.038 -70.84753815657839,-34.4692445527099,-113.038 
			</coordinates>
		</LineString>
		<LineString>
			<coordinates>
				-70.8475381565794,-34.4692445527109,-113.038 -70.847558378478,-34.4692004894793,-113.038 
			</coordinates>
		</LineString>
		<LineString>
			<coordinates>
				-70.84755837847899,-34.4692004894803,-113.038 -70.8475513634079,-34.4691528241248,-113.038 
			</coordinates>
		</LineString>
		<LineString>
			<coordinates>
				-70.8475513634089,-34.4691528241258,-113.038 -70.847518737576,-34.4691139159088,-113.038 
			</coordinates>
		</LineString>
		<LineString>
			<coordinates>
				-70.847518737577,-34.4691139159098,-113.038 -70.84746720999129,-34.4690918148549,-113.038 
			</coordinates>
		</LineString>
		<LineString>
			<coordinates>
				-70.8474672099923,-34.4690918148559,-113.038 -70.84746618337761,-34.4690694792767,-113.038 
			</coordinates>
		</LineString>
		<LineString>
			<coordinates>
				-70.8474091054015,-34.4690923924767,-113.997 -70.84734932112021,-34.4691231121622,-113.997 
			</coordinates>
		</LineString>
		<LineString>
			<coordinates>
				-70.8473493211212,-34.4691231121632,-113.997 -70.84732069087011,-34.469176338738,-113.997 
			</coordinates>
		</LineString>
		<LineString>
			<coordinates>
				-70.8473206908711,-34.469176338739,-113.997 -70.8471218213375,-34.4691843427337,-113.997 
			</coordinates>
		</LineString>
		<LineString>
			<coordinates>
				-70.8471218213385,-34.4691843427347,-113.997 -70.84703723540321,-34.4691905235867,-113.997 
			</coordinates>
		</LineString>
		<LineString>
			<coordinates>
				-70.8470372354042,-34.4691905235877,-113.997 -70.8469676221856,-34.4692029638621,-113.997 
			</coordinates>
		</LineString>
		<LineString>
			<coordinates>
				-70.8469676221866,-34.4692029638631,-113.997 -70.8468159847363,-34.4692484342407,-113.997 
			</coordinates>
		</LineString>
		<LineString>
			<coordinates>
				-70.8468159847373,-34.4692484342417,-113.997 -70.84675934138821,-34.4692616758776,-113.997 
			</coordinates>
		</LineString>
		<LineString>
			<coordinates>
				-70.85463657360729,-34.4718194740448,-113.997 -70.8537215234248,-34.4723710184586,-113.997 
			</coordinates>
		</LineString>
		<LineString>
			<coordinates>
				-70.85492306626929,-34.4722254055633,-113.788 -70.8540015368153,-34.4727729947162,-113.788 
			</coordinates>
		</LineString>
		<LineString>
			<coordinates>
				-70.85567594085531,-34.4779903370366,-0.959 -70.855390323579,-34.4781191943025,-0.959 
			</coordinates>
		</LineString>
		<LineString>
			<coordinates>
				-70.85539032358,-34.4781191943035,-0.959 -70.85470294475439,-34.4783049816526,-0.959 
			</coordinates>
		</LineString>
		<LineString>
			<coordinates>
				-70.8547029447554,-34.4783049816536,-0.959 -70.8547239701557,-34.4787259935358,-0.959 
			</coordinates>
		</LineString>
		<LineString>
			<coordinates>
				-70.8547239701567,-34.4787259935368,-0.959 -70.8549948679492,-34.4792480011227,-0.959 
			</coordinates>
		</LineString>
		<LineString>
			<coordinates>
				-70.8549948679502,-34.4792480011237,-0.959 -70.85528171764641,-34.479799976499,-0.959 
			</coordinates>
		</LineString>
		<LineString>
			<coordinates>
				-70.8552817176474,-34.4797999765,-0.959 -70.85513908532241,-34.4798507030942,-0.959 
			</coordinates>
		</LineString>
		<LineString>
			<coordinates>
				-70.8551390853234,-34.4798507030952,-0.959 -70.85565185590249,-34.480590323101,-0.959 
			</coordinates>
		</LineString>
		<LineString>
			<coordinates>
				-70.8556518559035,-34.480590323102,-0.959 -70.856180957455,-34.4813664541319,-0.959 
			</coordinates>
		</LineString>
		<LineString>
			<coordinates>
				-70.856180957456,-34.4813664541329,-0.959 -70.8562305629321,-34.4816811715636,-0.959 
			</coordinates>
		</LineString>
		<LineString>
			<coordinates>
				-70.85623056293301,-34.4816811715646,-0.959 -70.85617080370029,-34.4816775618682,-0.959 
			</coordinates>
		</LineString>
		<LineString>
			<coordinates>
				-70.8561708037012,-34.4816775618692,-0.959 -70.8556554754549,-34.4815395444204,-0.959 
			</coordinates>
		</LineString>
		<LineString>
			<coordinates>
				-70.8556554754559,-34.4815395444214,-0.959 -70.8552985399852,-34.4814928686721,-0.959 
			</coordinates>
		</LineString>
		<LineString>
			<coordinates>
				-70.8556562002363,-34.4815403580504,-113.038 -70.8550472335538,-34.4808567327211,-113.038 
			</coordinates>
		</LineString>
		<LineString>
			<coordinates>
				-70.85481041203241,-34.4806559412373,-113.997 -70.85433644450541,-34.4800368831243,-113.997 
			</coordinates>
		</LineString>
		<LineString>
			<coordinates>
				-70.8543364445064,-34.4800368831253,-113.997 -70.8540766405832,-34.4796973749341,-113.997 
			</coordinates>
		</LineString>
		<LineString>
			<coordinates>
				-70.8540766405842,-34.4796973749351,-113.997 -70.85389626316611,-34.4794135983571,-113.997 
			</coordinates>
		</LineString>
		<LineString>
			<coordinates>
				-70.84967810866701,-34.4801438272128,-113.038 -70.8495750594643,-34.4797060888091,-113.038 
			</coordinates>
		</LineString>
		<LineString>
			<coordinates>
				-70.84957505946529,-34.4797060888101,-113.038 -70.84950417964041,-34.4794049983648,-113.038 
			</coordinates>
		</LineString>
		<LineString>
			<coordinates>
				-70.8495041796414,-34.4794049983658,-113.038 -70.8494621133438,-34.4792829521771,-113.038 
			</coordinates>
		</LineString>
		<LineString>
			<coordinates>
				-70.8494621133448,-34.4792829521781,-113.038 -70.84931396374419,-34.4788531252402,-113.038 
			</coordinates>
		</LineString>
		<LineString>
			<coordinates>
				-70.8493139637452,-34.4788531252412,-113.038 -70.849172771138,-34.4784434780495,-113.038 
			</coordinates>
		</LineString>
		<LineString>
			<coordinates>
				-70.849172771139,-34.4784434780505,-113.038 -70.84903157999941,-34.478033830625,-113.038 
			</coordinates>
		</LineString>
		<LineString>
			<coordinates>
				-70.8490315800004,-34.478033830626,-113.038 -70.84889039032829,-34.4776241829668,-113.038 
			</coordinates>
		</LineString>
		<LineString>
			<coordinates>
				-70.8488903903293,-34.4776241829678,-113.038 -70.8487461680418,-34.4772057318419,-113.038 
			</coordinates>
		</LineString>
		<LineString>
			<coordinates>
				-70.84874616804279,-34.4772057318429,-113.038 -70.848609873787,-34.4768102790528,-113.038 
			</coordinates>
		</LineString>
		<LineString>
			<coordinates>
				-70.848672982285,-34.4767963064346,-113.038 -70.8486829971088,-34.4768253641604,-113.038 
			</coordinates>
		</LineString>
		<LineString>
			<coordinates>
				-70.84868299710971,-34.4768253641614,-113.038 -70.8488103641089,-34.4771949138855,-113.038 
			</coordinates>
		</LineString>
		<LineString>
			<coordinates>
				-70.84881036410989,-34.4771949138865,-113.038 -70.84898944469791,-34.477714502122,-113.038 
			</coordinates>
		</LineString>
		<LineString>
			<coordinates>
				-70.8489894446989,-34.477714502123,-113.038 -70.849133640133,-34.4781328685779,-113.038 
			</coordinates>
		</LineString>
		<LineString>
			<coordinates>
				-70.849133640134,-34.4781328685789,-113.038 -70.8492821311453,-34.4785636932603,-113.038 
			</coordinates>
		</LineString>
		<LineString>
			<coordinates>
				-70.8492821311463,-34.4785636932613,-113.038 -70.84944504388559,-34.4790363547355,-113.038 
			</coordinates>
		</LineString>
		<LineString>
			<coordinates>
				-70.8494450438866,-34.4790363547365,-113.038 -70.8495677559976,-34.4793923775029,-113.038 
			</coordinates>
		</LineString>
		<LineString>
			<coordinates>
				-70.84956775599861,-34.4793923775039,-113.038 -70.8496076078153,-34.479561663827,-113.038 
			</coordinates>
		</LineString>
		<LineString>
			<coordinates>
				-70.8496076078163,-34.479561663828,-113.038 -70.849743922068,-34.4801407065746,-113.038 
			</coordinates>
		</LineString>
		<LineString>
			<coordinates>
				-70.8441810527667,-34.4803655963175,-113.038 -70.84405830777889,-34.4798822029407,-113.038 
			</coordinates>
		</LineString>
		<LineString>
			<coordinates>
				-70.8440583077799,-34.4798822029417,-113.038 -70.8440133719526,-34.479705235441,-113.038 
			</coordinates>
		</LineString>
		<LineString>
			<coordinates>
				-70.84401337195359,-34.479705235442,-113.038 -70.84391308966281,-34.4797167992129,-113.038 
			</coordinates>
		</LineString>
		<LineString>
			<coordinates>
				-70.8439130896638,-34.4797167992139,-113.038 -70.8438250951795,-34.4794318648104,-113.038 
			</coordinates>
		</LineString>
		<LineString>
			<coordinates>
				-70.84382509518051,-34.4794318648114,-113.038 -70.8437910098539,-34.4793214927408,-113.038 
			</coordinates>
		</LineString>
		<LineString>
			<coordinates>
				-70.8437910098549,-34.4793214927418,-113.038 -70.8436907995877,-34.4789969988835,-113.038 
			</coordinates>
		</LineString>
		<LineString>
			<coordinates>
				-70.8436907995887,-34.4789969988845,-113.038 -70.8436624485829,-34.4789051941364,-113.038 
			</coordinates>
		</LineString>
		<LineString>
			<coordinates>
				-70.8436624485839,-34.4789051941374,-113.038 -70.8435563271135,-34.4785615551215,-113.038 
			</coordinates>
		</LineString>
		<LineString>
			<coordinates>
				-70.8435563271145,-34.4785615551225,-113.038 -70.8435228585918,-34.4784531778117,-113.038 
			</coordinates>
		</LineString>
		<LineString>
			<coordinates>
				-70.84352285859281,-34.4784531778127,-113.038 -70.8434212998793,-34.4781243098537,-113.038 
			</coordinates>
		</LineString>
		<LineString>
			<coordinates>
				-70.8434212998803,-34.4781243098547,-113.038 -70.8433819389366,-34.4779968502638,-113.038 
			</coordinates>
		</LineString>
		<LineString>
			<coordinates>
				-70.8433819389376,-34.4779968502648,-113.038 -70.8433375121195,-34.4776732476886,-113.038 
			</coordinates>
		</LineString>
		<LineString>
			<coordinates>
				-70.8433375121205,-34.4776732476897,-113.038 -70.8433179421926,-34.4775307004403,-113.038 
			</coordinates>
		</LineString>
		<LineString>
			<coordinates>
				-70.84331794219359,-34.4775307004413,-113.038 -70.8432309472159,-34.4771921769842,-113.038 
			</coordinates>
		</LineString>
		<LineString>
			<coordinates>
				-70.8432309472169,-34.4771921769852,-113.038 -70.843199922251,-34.4770714488286,-113.038 
			</coordinates>
		</LineString>
		<LineString>
			<coordinates>
				-70.843199922252,-34.4770714488296,-113.038 -70.84311574277881,-34.4766902857852,-113.038 
			</coordinates>
		</LineString>
		<LineString>
			<coordinates>
				-70.8431157427798,-34.4766902857862,-113.038 -70.8430980419683,-34.476610136353,-113.038 
			</coordinates>
		</LineString>
		<LineString>
			<coordinates>
				-70.8430980419693,-34.476610136354,-113.038 -70.8429961629227,-34.4761488237233,-113.038 
			</coordinates>
		</LineString>
		<LineString>
			<coordinates>
				-70.8442303775946,-34.4769394409427,-113.997 -70.8440808896367,-34.476496944185,-113.997 
			</coordinates>
		</LineString>
		<LineString>
			<coordinates>
				-70.844229934075,-34.477148774645,-113.997 -70.8440665230769,-34.4766486898865,-113.997 
			</coordinates>
		</LineString>
		<LineString>
			<coordinates>
				-70.8440665230779,-34.4766486898875,-113.997 -70.8440209607427,-34.4765092548172,-113.997 
			</coordinates>
		</LineString>
		<LineString>
			<coordinates>
				-70.8459705711757,-34.4758814497704,-113.997 -70.84506438781121,-34.4759117550007,-113.997 
			</coordinates>
		</LineString>
		<LineString>
			<coordinates>
				-70.8450643878122,-34.4759117550017,-113.997 -70.8443473740123,-34.4759357291156,-113.997 
			</coordinates>
		</LineString>
		<LineString>
			<coordinates>
				-70.8443473740133,-34.4759357291166,-113.997 -70.84387625395701,-34.4759514792176,-113.997 
			</coordinates>
		</LineString>
		<LineString>
			<coordinates>
				-70.843876253958,-34.4759514792186,-113.997 -70.84392610555371,-34.4761081403762,-113.997 
			</coordinates>
		</LineString>
		<LineString>
			<coordinates>
				-70.8439261055547,-34.4761081403772,-113.997 -70.8429961629228,-34.4761488237233,-113.997 
			</coordinates>
		</LineString>
		<LineString>
			<coordinates>
				-70.8431512530107,-34.4761420393007,-113.997 -70.8430233948599,-34.4756237049706,-113.997 
			</coordinates>
		</LineString>
		<LineString>
			<coordinates>
				-70.84302339486089,-34.4756237049716,-113.997 -70.8429148144841,-34.475183516671,-113.997 
			</coordinates>
		</LineString>
		<LineString>
			<coordinates>
				-70.8429148144851,-34.475183516672,-113.997 -70.8429810229066,-34.475178868137,-113.997 
			</coordinates>
		</LineString>
		<LineString>
			<coordinates>
				-70.84298102290759,-34.475178868138,-113.997 -70.8430467460243,-34.4751768943727,-113.997 
			</coordinates>
		</LineString>
		<LineString>
			<coordinates>
				-70.84304674602529,-34.4751768943737,-113.997 -70.843200356708,-34.4751800031005,-113.997 
			</coordinates>
		</LineString>
		<LineString>
			<coordinates>
				-70.84320035670891,-34.4751800031015,-113.997 -70.8434135016208,-34.4751916527048,-113.997 
			</coordinates>
		</LineString>
		<LineString>
			<coordinates>
				-70.8434135016218,-34.4751916527058,-113.997 -70.84349922366719,-34.4751953172941,-113.997 
			</coordinates>
		</LineString>
		<LineString>
			<coordinates>
				-70.8434992236682,-34.4751953172951,-113.997 -70.8439205746663,-34.4752131102742,-113.997 
			</coordinates>
		</LineString>
		<LineString>
			<coordinates>
				-70.84392057466729,-34.4752131102752,-113.997 -70.84414486295449,-34.4752225810135,-113.997 
			</coordinates>
		</LineString>
		<LineString>
			<coordinates>
				-70.8441448629555,-34.4752225810145,-113.997 -70.8445775717194,-34.475238952365,-113.997 
			</coordinates>
		</LineString>
		<LineString>
			<coordinates>
				-70.84457757172039,-34.475238952366,-113.997 -70.8448843566002,-34.4752777909032,-113.997 
			</coordinates>
		</LineString>
		<LineString>
			<coordinates>
				-70.8448843566012,-34.4752777909042,-113.997 -70.84568076089811,-34.4753769167187,-113.997 
			</coordinates>
		</LineString>
		<LineString>
			<coordinates>
				-70.83940468429149,-34.4799096352307,-113.997 -70.8390629027416,-34.4800018711307,-113.997 
			</coordinates>
		</LineString>
		<LineString>
			<coordinates>
				-70.8390629027426,-34.4800018711317,-113.997 -70.8390364911895,-34.4799970259553,-113.997 
			</coordinates>
		</LineString>
		<LineString>
			<coordinates>
				-70.8390364911905,-34.4799970259563,-113.997 -70.83902435489949,-34.4799770052321,-113.997 
			</coordinates>
		</LineString>
		<LineString>
			<coordinates>
				-70.8390243549005,-34.4799770052331,-113.997 -70.8390561925809,-34.4795684591016,-113.997 
			</coordinates>
		</LineString>
		<LineString>
			<coordinates>
				-70.83939607789731,-34.4820887758636,-113.038 -70.83913948926261,-34.4818042272187,-113.038 
			</coordinates>
		</LineString>
		<LineString>
			<coordinates>
				-70.8391394892636,-34.4818042272197,-113.038 -70.8391632792907,-34.4817651801382,-113.038 
			</coordinates>
		</LineString>
		<LineString>
			<coordinates>
				-70.8391632792917,-34.4817651801392,-113.038 -70.8391870692973,-34.4817261330534,-113.038 
			</coordinates>
		</LineString>
		<LineString>
			<coordinates>
				-70.8391870692983,-34.4817261330544,-113.038 -70.8393166258866,-34.4815134881506,-113.038 
			</coordinates>
		</LineString>
		<LineString>
			<coordinates>
				-70.83931662588761,-34.4815134881516,-113.038 -70.8393508872134,-34.4814232597478,-113.038 
			</coordinates>
		</LineString>
		<LineString>
			<coordinates>
				-70.83935088721439,-34.4814232597488,-113.038 -70.83939307233361,-34.481161114389,-113.038 
			</coordinates>
		</LineString>
		<LineString>
			<coordinates>
				-70.8393930723346,-34.48116111439,-113.038 -70.83946434521189,-34.4810540698107,-113.038 
			</coordinates>
		</LineString>
		<LineString>
			<coordinates>
				-70.8394643452129,-34.4810540698117,-113.038 -70.8400873082191,-34.4809735498991,-113.038 
			</coordinates>
		</LineString>
		<LineString>
			<coordinates>
				-70.84008730822011,-34.4809735499001,-113.038 -70.8415378563265,-34.4807860491905,-113.038 
			</coordinates>
		</LineString>
		<LineString>
			<coordinates>
				-70.84153785632751,-34.4807860491915,-113.038 -70.8420113419386,-34.4807248416171,-113.038 
			</coordinates>
		</LineString>
		<LineString>
			<coordinates>
				-70.8420113419396,-34.4807248416181,-113.038 -70.8420155393746,-34.4807066663871,-113.038 
			</coordinates>
		</LineString>
		<LineString>
			<coordinates>
				-70.84201553937559,-34.4807066663881,-113.038 -70.84200486612011,-34.4806731650117,-113.038 
			</coordinates>
		</LineString>
		<LineString>
			<coordinates>
				-70.8420048661211,-34.4806731650127,-113.038 -70.8415241700899,-34.480734905343,-113.038 
			</coordinates>
		</LineString>
		<LineString>
			<coordinates>
				-70.84152417009091,-34.480734905344,-113.038 -70.8410472632454,-34.4807961570447,-113.038 
			</coordinates>
		</LineString>
		<LineString>
			<coordinates>
				-70.8410472632464,-34.4807961570457,-113.038 -70.8405608043261,-34.4808589066633,-113.038 
			</coordinates>
		</LineString>
		<LineString>
			<coordinates>
				-70.8405608043271,-34.4808589066643,-113.038 -70.84007290226219,-34.4809190441655,-113.038 
			</coordinates>
		</LineString>
		<LineString>
			<coordinates>
				-70.8400729022631,-34.4809190441665,-113.038 -70.8394530503047,-34.4810021073383,-113.038 
			</coordinates>
		</LineString>
		<LineString>
			<coordinates>
				-70.84008730822011,-34.4809735499001,-113.038 -70.84033600987171,-34.4819145137739,-113.038 
			</coordinates>
		</LineString>
		<LineString>
			<coordinates>
				-70.8403360098727,-34.4819145137749,-113.038 -70.8393960778963,-34.4820887758626,-113.038 
			</coordinates>
		</LineString>
		<LineString>
			<coordinates>
				-70.8403360098725,-34.4819145137749,-113.038 -70.8400873082191,-34.4809735498991,-113.038 
			</coordinates>
		</LineString>
		<LineString>
			<coordinates>
				-70.8403360098725,-34.4819145137749,-113.038 -70.8417697753178,-34.4816526923681,-113.038 
			</coordinates>
		</LineString>
		<LineString>
			<coordinates>
				-70.8417697753188,-34.4816526923691,-113.038 -70.84153894081361,-34.4807859090008,-113.038 
			</coordinates>
		</LineString>
		<LineString>
			<coordinates>
				-70.84164150269611,-34.4811733611359,-113.038 -70.84253924719241,-34.4810089472623,-113.038 
			</coordinates>
		</LineString>
		<LineString>
			<coordinates>
				-70.8425392471934,-34.4810089472633,-113.038 -70.84259519694329,-34.481517376612,-113.038 
			</coordinates>
		</LineString>
		<LineString>
			<coordinates>
				-70.8425951969443,-34.481517376613,-113.038 -70.8417697753178,-34.4816526923681,-113.038 
			</coordinates>
		</LineString>
		<LineString>
			<coordinates>
				-70.84263251663241,-34.4795530676488,-112.115 -70.8426132145055,-34.4794572998166,-112.115 
			</coordinates>
		</LineString>
		<LineString>
			<coordinates>
				-70.85066199639699,-34.4804266524486,-113.997 -70.8506411126933,-34.4801605449144,-113.997 
			</coordinates>
		</LineString>
		<LineString>
			<coordinates>
				-70.8507271236281,-34.4804224578067,-113.038 -70.8507064454887,-34.4801589722568,-113.038 
			</coordinates>
		</LineString>
		<LineString>
			<coordinates>
				-70.8515474232033,-34.4789553772704,-113.038 -70.8505819965232,-34.4789902121815,-113.038 
			</coordinates>
		</LineString>
		<LineString>
			<coordinates>
				-70.8462822019804,-34.4765659610915,-113.997 -70.8473113111589,-34.476525418897,-113.997 
			</coordinates>
		</LineString>
		<LineString>
			<coordinates>
				-70.8474437617643,-34.4768329193103,-113.038 -70.8480196902262,-34.4768102259584,-113.038 
			</coordinates>
		</LineString>
		<LineString>
			<coordinates>
				-70.8480196902272,-34.4768102259594,-113.038 -70.8480177674258,-34.4760049347467,-113.038 
			</coordinates>
		</LineString>
		<LineString>
			<coordinates>
				-70.8473600676711,-34.476499256697,-113.038 -70.8472964058992,-34.4760388911866,-113.038 
			</coordinates>
		</LineString>
		<LineString>
			<coordinates>
				-70.8480196902272,-34.4768102259594,-112.079 -70.8480177674258,-34.4760049347467,-112.079 
			</coordinates>
		</LineString>
		<LineString>
			<coordinates>
				-70.8486509658312,-34.4767075628888,-113.997 -70.84883359603739,-34.4762309571456,-113.997 
			</coordinates>
		</LineString>
		<LineString>
			<coordinates>
				-70.8473711353146,-34.4766070011507,-113.997 -70.8474437617633,-34.4768329193093,-113.997 
			</coordinates>
		</LineString>
		<LineString>
			<coordinates>
				-70.8474437617643,-34.4768329193103,-113.997 -70.8475103420173,-34.4770400284467,-113.997 
			</coordinates>
		</LineString>
		<LineString>
			<coordinates>
				-70.8475103420183,-34.4770400284477,-113.997 -70.84757840522209,-34.4772517493673,-113.997 
			</coordinates>
		</LineString>
		<LineString>
			<coordinates>
				-70.8475784052231,-34.4772517493683,-113.997 -70.8476590080077,-34.4775024750054,-113.997 
			</coordinates>
		</LineString>
		<LineString>
			<coordinates>
				-70.8476590080087,-34.4775024750064,-113.997 -70.8477130501187,-34.4776705792063,-113.997 
			</coordinates>
		</LineString>
		<LineString>
			<coordinates>
				-70.84771305011969,-34.4776705792073,-113.997 -70.8478076757511,-34.477964921297,-113.997 
			</coordinates>
		</LineString>
		<LineString>
			<coordinates>
				-70.84780767575209,-34.477964921298,-113.997 -70.8478448637954,-34.4780805976356,-113.997 
			</coordinates>
		</LineString>
		<LineString>
			<coordinates>
				-70.8478448637964,-34.4780805976366,-113.997 -70.8479563452475,-34.4784273673216,-113.997 
			</coordinates>
		</LineString>
		<LineString>
			<coordinates>
				-70.84795634524851,-34.4784273673226,-113.997 -70.8479766788502,-34.4784906158549,-113.997 
			</coordinates>
		</LineString>
		<LineString>
			<coordinates>
				-70.8479766788512,-34.4784906158559,-113.997 -70.8481055957561,-34.4788916148682,-113.997 
			</coordinates>
		</LineString>
		<LineString>
			<coordinates>
				-70.8481055957571,-34.4788916148692,-113.997 -70.8481857522643,-34.4788884642433,-113.997 
			</coordinates>
		</LineString>
		<LineString>
			<coordinates>
				-70.84818575226529,-34.4788884642443,-113.997 -70.84830980990751,-34.4793197556475,-113.997 
			</coordinates>
		</LineString>
		<LineString>
			<coordinates>
				-70.8483098099085,-34.4793197556485,-113.997 -70.8483122263595,-34.4793281564908,-113.997 
			</coordinates>
		</LineString>
		<LineString>
			<coordinates>
				-70.84831222636051,-34.4793281564918,-113.997 -70.8484338689268,-34.4797510468556,-113.997 
			</coordinates>
		</LineString>
		<LineString>
			<coordinates>
				-70.8484338689278,-34.4797510468566,-113.997 -70.8485603159848,-34.4801906349563,-113.997 
			</coordinates>
		</LineString>
		<LineString>
			<coordinates>
				-70.8485727857972,-34.4767884297314,-113.038 -70.8474437617633,-34.4768329193093,-113.038 
			</coordinates>
		</LineString>
		<LineString>
			<coordinates>
				-70.84874616804279,-34.4772057318429,-113.038 -70.84757840522209,-34.4772517493673,-113.038 
			</coordinates>
		</LineString>
		<LineString>
			<coordinates>
				-70.8488903903293,-34.4776241829678,-113.038 -70.8477130501188,-34.4776705792063,-113.038 
			</coordinates>
		</LineString>
		<LineString>
			<coordinates>
				-70.8490315800004,-34.478033830626,-113.038 -70.8478448637954,-34.4780805976356,-113.038 
			</coordinates>
		</LineString>
		<LineString>
			<coordinates>
				-70.849172771139,-34.4784434780505,-113.038 -70.8479766788502,-34.4784906158549,-113.038 
			</coordinates>
		</LineString>
		<LineString>
			<coordinates>
				-70.8493139637452,-34.4788531252412,-113.038 -70.84818831549499,-34.4788973754688,-113.038 
			</coordinates>
		</LineString>
		<LineString>
			<coordinates>
				-70.8494621133448,-34.4792829521781,-113.038 -70.8483122263595,-34.4793281564908,-113.038 
			</coordinates>
		</LineString>
		<LineString>
			<coordinates>
				-70.84957505946529,-34.4797060888101,-113.997 -70.8484338689268,-34.4797510468556,-113.997 
			</coordinates>
		</LineString>
		<LineString>
			<coordinates>
				-70.8485562344069,-34.4757718501324,-112.619 -70.8484816153567,-34.4753420915984,-112.619 
			</coordinates>
		</LineString>
		<LineString>
			<coordinates>
				-70.8484816153577,-34.4753420915994,-112.619 -70.848065624046,-34.4753773180602,-112.619 
			</coordinates>
		</LineString>
		<LineString>
			<coordinates>
				-70.8479356723732,-34.4753883221728,-113.326 -70.84678323710111,-34.4754859024981,-113.326 
			</coordinates>
		</LineString>
		<LineString>
			<coordinates>
				-70.8479079649946,-34.4749684841304,-113.038 -70.8466841588213,-34.4750907745788,-113.038 
			</coordinates>
		</LineString>
		<LineString>
			<coordinates>
				-70.8467078893342,-34.4740371969182,-113.997 -70.8454916546571,-34.474112530915,-113.997 
			</coordinates>
		</LineString>
		<LineString>
			<coordinates>
				-70.8466328924017,-34.4740418426075,-111.322 -70.8465344684428,-34.47364159662,-111.322 
			</coordinates>
		</LineString>
		<LineString>
			<coordinates>
				-70.8465085448133,-34.4735361761538,-111.432 -70.84640957698301,-34.4731337130003,-111.432 
			</coordinates>
		</LineString>
		<LineString>
			<coordinates>
				-70.84640958197051,-34.4731337332796,-111.542 -70.84631061019159,-34.4727312497118,-111.542 
			</coordinates>
		</LineString>
		<LineString>
			<coordinates>
				-70.846284687177,-34.4726258291651,-111.653 -70.8461857216943,-34.4722233657041,-111.653 
			</coordinates>
		</LineString>
		<LineString>
			<coordinates>
				-70.8461857205583,-34.4722233610811,-111.763 -70.8460867607598,-34.471820891885,-111.763 
			</coordinates>
		</LineString>
		<LineString>
			<coordinates>
				-70.8446753453064,-34.4710636797222,-113.021 -70.8447911178574,-34.471534536002,-113.021 
			</coordinates>
		</LineString>
		<LineString>
			<coordinates>
				-70.84479111785841,-34.471534536003,-113.021 -70.84489521822999,-34.4719579154998,-113.021 
			</coordinates>
		</LineString>
		<LineString>
			<coordinates>
				-70.844895218231,-34.4719579155008,-113.021 -70.8450104467653,-34.4724265479654,-113.021 
			</coordinates>
		</LineString>
		<LineString>
			<coordinates>
				-70.8450104467663,-34.4724265479664,-113.021 -70.8451068805911,-34.4728187381316,-113.021 
			</coordinates>
		</LineString>
		<LineString>
			<coordinates>
				-70.8451068805921,-34.4728187381326,-113.021 -70.8452022259187,-34.4732064973788,-113.021 
			</coordinates>
		</LineString>
		<LineString>
			<coordinates>
				-70.84520222591971,-34.4732064973798,-113.021 -70.84529752863951,-34.4735940793073,-113.021 
			</coordinates>
		</LineString>
		<LineString>
			<coordinates>
				-70.8452975286405,-34.4735940793083,-113.021 -70.84539277035709,-34.473981409109,-113.021 
			</coordinates>
		</LineString>
		<LineString>
			<coordinates>
				-70.8453927703581,-34.47398140911,-113.021 -70.8454870463331,-34.4743648074509,-113.021 
			</coordinates>
		</LineString>
		<LineString>
			<coordinates>
				-70.84473942627361,-34.4710532735052,-113.038 -70.84492616346959,-34.471812743411,-113.038 
			</coordinates>
		</LineString>
		<LineString>
			<coordinates>
				-70.8449392935736,-34.4718661436408,-112.824 -70.8450439629529,-34.4722918320662,-112.824 
			</coordinates>
		</LineString>
		<LineString>
			<coordinates>
				-70.84504396295389,-34.4722918320672,-112.824 -70.84515000522821,-34.4727230990614,-112.824 
			</coordinates>
		</LineString>
		<LineString>
			<coordinates>
				-70.8451631356436,-34.4727764992504,-112.602 -70.8452678061502,-34.4732021818383,-112.602 
			</coordinates>
		</LineString>
		<LineString>
			<coordinates>
				-70.8452678061512,-34.4732021818393,-112.602 -70.84537385229631,-34.4736334540164,-112.602 
			</coordinates>
		</LineString>
		<LineString>
			<coordinates>
				-70.8453869830231,-34.4736868541647,-112.381 -70.8454909640736,-34.4741097224781,-112.381 
			</coordinates>
		</LineString>
		<LineString>
			<coordinates>
				-70.8454909640746,-34.4741097224791,-112.381 -70.8455207231582,-34.4742307453158,-112.381 
			</coordinates>
		</LineString>
		<LineString>
			<coordinates>
				-70.8464689111492,-34.4736204511155,-111.432 -70.8453869830221,-34.4736868541637,-111.432 
			</coordinates>
		</LineString>
		<LineString>
			<coordinates>
				-70.8453738522973,-34.4736334540174,-112.394 -70.8464623641085,-34.4735666469627,-112.394 
			</coordinates>
		</LineString>
		<LineString>
			<coordinates>
				-70.846245049026,-34.4727100987491,-113.038 -70.84516313564259,-34.4727764992494,-113.038 
			</coordinates>
		</LineString>
		<LineString>
			<coordinates>
				-70.8462385100494,-34.4726562940907,-113.038 -70.84515000522821,-34.4727230990614,-113.038 
			</coordinates>
		</LineString>
		<LineString>
			<coordinates>
				-70.8460212048566,-34.4717997449112,-113.038 -70.84493929357259,-34.4718661436398,-113.038 
			</coordinates>
		</LineString>
		<LineString>
			<coordinates>
				-70.8460146598409,-34.4717459406118,-113.038 -70.84492616346959,-34.471812743411,-113.038 
			</coordinates>
		</LineString>
		<LineString>
			<coordinates>
				-70.84996337743981,-34.4706293565087,-113.997 -70.8499798265412,-34.4708830318568,-113.997 
			</coordinates>
		</LineString>
		<LineString>
			<coordinates>
				-70.8499798265422,-34.4708830318578,-113.997 -70.8500112547747,-34.4713203878507,-113.997 
			</coordinates>
		</LineString>
		<LineString>
			<coordinates>
				-70.85001125477569,-34.4713203878517,-113.997 -70.85005652457249,-34.4719268437684,-113.997 
			</coordinates>
		</LineString>
		<LineString>
			<coordinates>
				-70.8500586757002,-34.4719809235451,-113.997 -70.8500873942546,-34.4723759837044,-113.997 
			</coordinates>
		</LineString>
		<LineString>
			<coordinates>
				-70.8500873942556,-34.4723759837054,-113.997 -70.8501257664751,-34.4729047824486,-113.997 
			</coordinates>
		</LineString>
		<LineString>
			<coordinates>
				-70.8501257664761,-34.4729047824496,-113.997 -70.8501291426745,-34.472962451832,-113.997 
			</coordinates>
		</LineString>
		<LineString>
			<coordinates>
				-70.8501291426755,-34.472962451833,-113.997 -70.85017597432569,-34.4735963036616,-113.997 
			</coordinates>
		</LineString>
		<LineString>
			<coordinates>
				-70.8501759743267,-34.4735963036626,-113.997 -70.8501776573393,-34.4736190824906,-113.997 
			</coordinates>
		</LineString>
		<LineString>
			<coordinates>
				-70.8501776573403,-34.4736190824916,-113.997 -70.8502220187162,-34.4742306137215,-113.997 
			</coordinates>
		</LineString>
		<LineString>
			<coordinates>
				-70.8502260237539,-34.4742857867242,-113.038 -70.8502548358608,-34.4746809932386,-113.038 
			</coordinates>
		</LineString>
		<LineString>
			<coordinates>
				-70.8502548358618,-34.4746809932396,-113.038 -70.85028736576361,-34.4751308162606,-113.038 
			</coordinates>
		</LineString>
		<LineString>
			<coordinates>
				-70.8502873657646,-34.4751308162616,-113.038 -70.85030148760799,-34.4753387848777,-113.038 
			</coordinates>
		</LineString>
		<LineString>
			<coordinates>
				-70.850301487609,-34.4753387848787,-113.038 -70.85031675382599,-34.4755356495314,-113.038 
			</coordinates>
		</LineString>
		<LineString>
			<coordinates>
				-70.850316753827,-34.4755356495324,-113.038 -70.8503431016936,-34.4758985983683,-113.038 
			</coordinates>
		</LineString>
		<LineString>
			<coordinates>
				-70.85034310169461,-34.4758985983693,-113.038 -70.8503464575756,-34.4759448262278,-113.038 
			</coordinates>
		</LineString>
		<LineString>
			<coordinates>
				-70.8505399981301,-34.4784550301641,-113.997 -70.85054450418301,-34.4785124508601,-113.997 
			</coordinates>
		</LineString>
		<LineString>
			<coordinates>
				-70.850544504184,-34.4785124508611,-113.997 -70.8505819965232,-34.4789902121815,-113.997 
			</coordinates>
		</LineString>
		<LineString>
			<coordinates>
				-70.8505819965242,-34.4789902121825,-113.997 -70.85062365345389,-34.4795210341122,-113.997 
			</coordinates>
		</LineString>
		<LineString>
			<coordinates>
				-70.8506236534549,-34.4795210341132,-113.997 -70.8506253559693,-34.4795402125595,-113.997 
			</coordinates>
		</LineString>
		<LineString>
			<coordinates>
				-70.85062535597029,-34.4795402125605,-113.997 -70.8506695404063,-34.4801057477614,-113.997 
			</coordinates>
		</LineString>
		<LineString>
			<coordinates>
				-70.8507099317434,-34.480620424774,-113.997 -70.8507427077255,-34.481039548606,-113.997 
			</coordinates>
		</LineString>
		<LineString>
			<coordinates>
				-70.85271225160071,-34.4717082718861,-113.997 -70.8521427885733,-34.472051679852,-113.997 
			</coordinates>
		</LineString>
		<LineString>
			<coordinates>
				-70.8521427885743,-34.472051679853,-113.997 -70.8518560169348,-34.4721810555946,-113.997 
			</coordinates>
		</LineString>
		<LineString>
			<coordinates>
				-70.8544368169693,-34.47160062877,-113.038 -70.85420652532,-34.4715211953472,-113.038 
			</coordinates>
		</LineString>
		<LineString>
			<coordinates>
				-70.84989161985111,-34.4743160714962,-113.997 -70.8498680179934,-34.4743221760826,-113.997 
			</coordinates>
		</LineString>
		<LineString>
			<coordinates>
				-70.8498680179944,-34.4743221760836,-113.997 -70.8492471264895,-34.4743842314944,-113.997 
			</coordinates>
		</LineString>
		<LineString>
			<coordinates>
				-70.84601017572621,-34.4752734021336,-113.038 -70.8465873052732,-34.474704514918,-113.038 
			</coordinates>
		</LineString>
		<LineString>
			<coordinates>
				-70.8465873052742,-34.474704514919,-113.038 -70.8466841588213,-34.4750907745788,-113.038 
			</coordinates>
		</LineString>
		<LineString>
			<coordinates>
				-70.8466841588223,-34.4750907745798,-113.038 -70.84678323710111,-34.4754859024981,-113.038 
			</coordinates>
		</LineString>
		<LineString>
			<coordinates>
				-70.8467832371021,-34.4754859024991,-113.038 -70.846845791801,-34.4757353708411,-113.038 
			</coordinates>
		</LineString>
		<LineString>
			<coordinates>
				-70.846845791802,-34.4757353708421,-113.038 -70.8465724539639,-34.4757467970946,-113.038 
			</coordinates>
		</LineString>
		<LineString>
			<coordinates>
				-70.8465724539649,-34.4757467970956,-113.038 -70.8460354372872,-34.4755058037141,-113.038 
			</coordinates>
		</LineString>
		<LineString>
			<coordinates>
				-70.84603543728819,-34.4755058037151,-113.038 -70.84594895283951,-34.4754805015156,-113.038 
			</coordinates>
		</LineString>
		<LineString>
			<coordinates>
				-70.8459489528405,-34.4754805015166,-113.038 -70.8460016794256,-34.4754414336145,-113.038 
			</coordinates>
		</LineString>
		<LineString>
			<coordinates>
				-70.84600167942661,-34.4754414336155,-113.038 -70.8460323602652,-34.475387655875,-113.038 
			</coordinates>
		</LineString>
		<LineString>
			<coordinates>
				-70.84603236026619,-34.475387655876,-113.038 -70.8460351193019,-34.4753280839607,-113.038 
			</coordinates>
		</LineString>
		<LineString>
			<coordinates>
				-70.8460351193029,-34.4753280839617,-113.038 -70.8460101757252,-34.4752734021326,-113.038 
			</coordinates>
		</LineString>
		<LineString>
			<coordinates>
				-70.8459656106044,-34.4752332516141,-113.038 -70.8459027239702,-34.4752082434601,-113.038 
			</coordinates>
		</LineString>
		<LineString>
			<coordinates>
				-70.84590272397119,-34.4752082434611,-113.038 -70.84583307524299,-34.4752049636442,-113.038 
			</coordinates>
		</LineString>
		<LineString>
			<coordinates>
				-70.8457711742128,-34.475222023165,-113.038 -70.8457132398775,-34.4752641105418,-113.038 
			</coordinates>
		</LineString>
		<LineString>
			<coordinates>
				-70.84571323987851,-34.4752641105428,-113.038 -70.8456819358812,-34.4753224301693,-113.038 
			</coordinates>
		</LineString>
		<LineString>
			<coordinates>
				-70.8456807608992,-34.4753769167197,-113.997 -70.84570365930681,-34.4754285126305,-113.997 
			</coordinates>
		</LineString>
		<LineString>
			<coordinates>
				-70.8457036593078,-34.4754285126315,-113.997 -70.84574043236969,-34.475464814516,-113.997 
			</coordinates>
		</LineString>
		<LineString>
			<coordinates>
				-70.8457404323707,-34.475464814517,-113.997 -70.8457946223092,-34.4754914969733,-113.997 
			</coordinates>
		</LineString>
		<LineString>
			<coordinates>
				-70.84579462231019,-34.4754914969743,-113.997 -70.8458540850221,-34.4755009988108,-113.997 
			</coordinates>
		</LineString>
		<LineString>
			<coordinates>
				-70.8457711742128,-34.475222023165,-112.878 -70.8455312561935,-34.4745445972502,-112.878 
			</coordinates>
		</LineString>
		<LineString>
			<coordinates>
				-70.84553125619441,-34.4745445972512,-112.878 -70.8454870463331,-34.4743648074509,-112.878 
			</coordinates>
		</LineString>
		<LineString>
			<coordinates>
				-70.8455207231592,-34.4742307453168,-113.038 -70.84559494627069,-34.4745325906425,-113.038 
			</coordinates>
		</LineString>
		<LineString>
			<coordinates>
				-70.8455949462717,-34.4745325906435,-113.038 -70.84583307524299,-34.4752049636442,-113.038 
			</coordinates>
		</LineString>
		<LineString>
			<coordinates>
				-70.8459656106043,-34.4752332516141,-113.038 -70.8465548405961,-34.4746524369179,-113.038 
			</coordinates>
		</LineString>
		<LineString>
			<coordinates>
				-70.84655484059709,-34.4746524369189,-113.038 -70.8455207231582,-34.4742307453158,-113.038 
			</coordinates>
		</LineString>
		<LineString>
			<coordinates>
				-70.8455207231592,-34.4742307453168,-112.381 -70.8454916546571,-34.474112530915,-112.381 
			</coordinates>
		</LineString>
		<LineString>
			<coordinates>
				-70.8454916546581,-34.474112530916,-112.381 -70.8467078893332,-34.4740371969172,-112.381 
			</coordinates>
		</LineString>
		<LineString>
			<coordinates>
				-70.8467078893342,-34.4740371969182,-112.381 -70.84682426475,-34.4746255156244,-112.381 
			</coordinates>
		</LineString>
		<LineString>
			<coordinates>
				-70.84682426475101,-34.4746255156254,-112.381 -70.8465548405961,-34.4746524369179,-112.381 
			</coordinates>
		</LineString>
		<LineString>
			<coordinates>
				-70.8478515820136,-34.4735091108642,-113.038 -70.8480869782907,-34.4736178681926,-113.038 
			</coordinates>
		</LineString>
		<LineString>
			<coordinates>
				-70.8480869782916,-34.4736178681936,-113.038 -70.8482830197846,-34.4737741712487,-113.038 
			</coordinates>
		</LineString>
		<LineString>
			<coordinates>
				-70.8482830197856,-34.4737741712497,-113.038 -70.8483110902109,-34.4738697959984,-113.038 
			</coordinates>
		</LineString>
		<LineString>
			<coordinates>
				-70.84831109021189,-34.4738697959994,-113.038 -70.847455000927,-34.4739184982208,-113.038 
			</coordinates>
		</LineString>
		<LineString>
			<coordinates>
				-70.84745500092799,-34.4739184982218,-113.038 -70.84669298383039,-34.473961843671,-113.038 
			</coordinates>
		</LineString>
		<LineString>
			<coordinates>
				-70.8466929838314,-34.473961843672,-113.038 -70.8467078893332,-34.4740371969172,-113.038 
			</coordinates>
		</LineString>
		<LineString>
			<coordinates>
				-70.8467078893342,-34.4740371969182,-113.038 -70.84663289240071,-34.4740418426065,-113.038 
			</coordinates>
		</LineString>
		<LineString>
			<coordinates>
				-70.8466328924017,-34.4740418426075,-113.038 -70.8465344684428,-34.47364159662,-113.038 
			</coordinates>
		</LineString>
		<LineString>
			<coordinates>
				-70.84653446844381,-34.473641596621,-113.038 -70.84655951481641,-34.4736325074595,-113.038 
			</coordinates>
		</LineString>
		<LineString>
			<coordinates>
				-70.8465595148174,-34.4736325074605,-113.038 -70.8465803865828,-34.4736115986147,-113.038 
			</coordinates>
		</LineString>
		<LineString>
			<coordinates>
				-70.8465803865838,-34.4736115986157,-113.038 -70.8465861328926,-34.4735834928486,-113.038 
			</coordinates>
		</LineString>
		<LineString>
			<coordinates>
				-70.84658613289351,-34.4735834928496,-113.038 -70.8465750242858,-34.4735584033646,-113.038 
			</coordinates>
		</LineString>
		<LineString>
			<coordinates>
				-70.84657502428681,-34.4735584033656,-113.038 -70.846550204607,-34.473540629307,-113.038 
			</coordinates>
		</LineString>
		<LineString>
			<coordinates>
				-70.84655020460799,-34.473540629308,-113.038 -70.8465154360224,-34.4735353296608,-113.038 
			</coordinates>
		</LineString>
		<LineString>
			<coordinates>
				-70.8465154360234,-34.4735353296618,-113.038 -70.846508428089,-34.4735361959312,-113.038 
			</coordinates>
		</LineString>
		<LineString>
			<coordinates>
				-70.84650842809,-34.4735361959322,-113.038 -70.84648358551669,-34.473545213368,-113.038 
			</coordinates>
		</LineString>
		<LineString>
			<coordinates>
				-70.8464835855177,-34.473545213369,-113.038 -70.8464623641085,-34.4735666469627,-113.038 
			</coordinates>
		</LineString>
		<LineString>
			<coordinates>
				-70.8464623641095,-34.4735666469637,-113.038 -70.84537385229631,-34.4736334540164,-113.038 
			</coordinates>
		</LineString>
		<LineString>
			<coordinates>
				-70.84653446844381,-34.473641596621,-111.322 -70.846494836367,-34.473637934821,-111.322 
			</coordinates>
		</LineString>
		<LineString>
			<coordinates>
				-70.846494836368,-34.473637934822,-111.322 -70.84646891114819,-34.4736204511145,-111.322 
			</coordinates>
		</LineString>
		<LineString>
			<coordinates>
				-70.846245049026,-34.4727100987491,-113.038 -70.8462690402597,-34.4727268328759,-113.038 
			</coordinates>
		</LineString>
		<LineString>
			<coordinates>
				-70.84626904026069,-34.4727268328769,-113.038 -70.84631061019159,-34.4727312497118,-113.038 
			</coordinates>
		</LineString>
		<LineString>
			<coordinates>
				-70.8463106101926,-34.4727312497129,-113.038 -70.8463354322771,-34.4727222938975,-113.038 
			</coordinates>
		</LineString>
		<LineString>
			<coordinates>
				-70.8463354322781,-34.4727222938985,-113.038 -70.8463569368204,-34.4727005101467,-113.038 
			</coordinates>
		</LineString>
		<LineString>
			<coordinates>
				-70.84635693682139,-34.4727005101477,-113.038 -70.8463624319398,-34.4726746542932,-113.038 
			</coordinates>
		</LineString>
		<LineString>
			<coordinates>
				-70.8463624319407,-34.4726746542942,-113.038 -70.84635106072609,-34.4726479303128,-113.038 
			</coordinates>
		</LineString>
		<LineString>
			<coordinates>
				-70.8463510607271,-34.4726479303138,-113.038 -70.84632385955319,-34.4726293215555,-113.038 
			</coordinates>
		</LineString>
		<LineString>
			<coordinates>
				-70.8463238595542,-34.4726293215565,-113.038 -70.8462917730599,-34.4726249677925,-113.038 
			</coordinates>
		</LineString>
		<LineString>
			<coordinates>
				-70.8462917730609,-34.4726249677935,-113.038 -70.8462600495936,-34.4726346761067,-113.038 
			</coordinates>
		</LineString>
		<LineString>
			<coordinates>
				-70.8462600495946,-34.4726346761077,-113.038 -70.84623851004839,-34.4726562940897,-113.038 
			</coordinates>
		</LineString>
		<LineString>
			<coordinates>
				-70.8460212048566,-34.4717997449112,-113.038 -70.8460469813333,-34.4718171740326,-113.038 
			</coordinates>
		</LineString>
		<LineString>
			<coordinates>
				-70.8460469813343,-34.4718171740336,-113.038 -70.8460800401788,-34.4718217248397,-113.038 
			</coordinates>
		</LineString>
		<LineString>
			<coordinates>
				-70.8460800401798,-34.4718217248407,-113.038 -70.8461115123891,-34.471811977972,-113.038 
			</coordinates>
		</LineString>
		<LineString>
			<coordinates>
				-70.8461115123901,-34.471811977973,-113.038 -70.8461331959691,-34.4717899508744,-113.038 
			</coordinates>
		</LineString>
		<LineString>
			<coordinates>
				-70.8461331959701,-34.4717899508754,-113.038 -70.84613842537669,-34.4717627894506,-113.038 
			</coordinates>
		</LineString>
		<LineString>
			<coordinates>
				-70.8461384253777,-34.4717627894516,-113.038 -70.8461263160828,-34.4717365271377,-113.038 
			</coordinates>
		</LineString>
		<LineString>
			<coordinates>
				-70.8461263160838,-34.4717365271387,-113.038 -70.84610095146211,-34.4717193145155,-113.038 
			</coordinates>
		</LineString>
		<LineString>
			<coordinates>
				-70.8461009514631,-34.4717193145165,-113.038 -70.8460675811365,-34.4717146363969,-113.038 
			</coordinates>
		</LineString>
		<LineString>
			<coordinates>
				-70.8460675811375,-34.4717146363979,-113.038 -70.846035824512,-34.4717245415009,-113.038 
			</coordinates>
		</LineString>
		<LineString>
			<coordinates>
				-70.846035824513,-34.4717245415019,-113.038 -70.84601465983989,-34.4717459406108,-113.038 
			</coordinates>
		</LineString>
		<LineString>
			<coordinates>
				-70.8527622440526,-34.4801821931098,-113.038 -70.8528378721724,-34.4801835496635,-113.038 
			</coordinates>
		</LineString>
		<LineString>
			<coordinates>
				-70.8528378721734,-34.4801835496645,-113.038 -70.8530400531546,-34.4801324002806,-113.038 
			</coordinates>
		</LineString>
		<LineString>
			<coordinates>
				-70.8530400531556,-34.4801324002816,-113.038 -70.85313228434759,-34.4801200105488,-113.038 
			</coordinates>
		</LineString>
		<LineString>
			<coordinates>
				-70.8531322843486,-34.4801200105498,-113.038 -70.8532881542525,-34.4800418805268,-113.038 
			</coordinates>
		</LineString>
		<LineString>
			<coordinates>
				-70.8527740297818,-34.4801281359828,-113.038 -70.8528337574689,-34.4801280366238,-113.038 
			</coordinates>
		</LineString>
		<LineString>
			<coordinates>
				-70.8528337574699,-34.4801280366248,-113.038 -70.8529567955409,-34.4800969094889,-113.038 
			</coordinates>
		</LineString>
		<LineString>
			<coordinates>
				-70.8529567955419,-34.4800969094899,-113.038 -70.8530252455905,-34.4800795923963,-113.038 
			</coordinates>
		</LineString>
		<LineString>
			<coordinates>
				-70.8530252455915,-34.4800795923973,-113.038 -70.8531096221668,-34.4800682578099,-113.038 
			</coordinates>
		</LineString>
		<LineString>
			<coordinates>
				-70.85310962216781,-34.4800682578109,-113.038 -70.8532728230292,-34.479986237746,-113.038 
			</coordinates>
		</LineString>
		<LineString>
			<coordinates>
				-70.84737831387891,-34.4811691209476,-113.997 -70.84740690590181,-34.4811500445732,-113.997 
			</coordinates>
		</LineString>
		<LineString>
			<coordinates>
				-70.8474069059028,-34.4811500445742,-113.997 -70.8474936941212,-34.4810771546949,-113.997 
			</coordinates>
		</LineString>
		<LineString>
			<coordinates>
				-70.84749369412221,-34.4810771546959,-113.997 -70.8474999634111,-34.4810689116837,-113.997 
			</coordinates>
		</LineString>
		<LineString>
			<coordinates>
				-70.8474999634121,-34.4810689116847,-113.997 -70.84750196291139,-34.4810639568893,-113.997 
			</coordinates>
		</LineString>
		<LineString>
			<coordinates>
				-70.8475019629124,-34.4810639568903,-113.997 -70.8475024902927,-34.4810597425606,-113.997 
			</coordinates>
		</LineString>
		<LineString>
			<coordinates>
				-70.84750249029371,-34.4810597425616,-113.997 -70.8475024626853,-34.4810528600713,-113.997 
			</coordinates>
		</LineString>
		<LineString>
			<coordinates>
				-70.84750246268629,-34.4810528600723,-113.997 -70.84746225724039,-34.4809064464446,-113.997 
			</coordinates>
		</LineString>
		<LineString>
			<coordinates>
				-70.8474622572414,-34.4809064464456,-113.997 -70.8474525106254,-34.4809075441314,-113.997 
			</coordinates>
		</LineString>
		<LineString>
			<coordinates>
				-70.8474525106264,-34.4809075441324,-113.997 -70.847438989228,-34.4808583180043,-113.997 
			</coordinates>
		</LineString>
		<LineString>
			<coordinates>
				-70.847438989229,-34.4808583180053,-113.997 -70.84744855615961,-34.4808565160085,-113.997 
			</coordinates>
		</LineString>
		<LineString>
			<coordinates>
				-70.8474485561606,-34.4808565160095,-113.997 -70.8474343729461,-34.480804880419,-113.997 
			</coordinates>
		</LineString>
		<LineString>
			<coordinates>
				-70.84743437294711,-34.48080488042,-113.997 -70.84743268121591,-34.4808017804108,-113.997 
			</coordinates>
		</LineString>
		<LineString>
			<coordinates>
				-70.8474326812169,-34.4808017804118,-113.997 -70.84743173996431,-34.480800911498,-113.997 
			</coordinates>
		</LineString>
		<LineString>
			<coordinates>
				-70.8474317399653,-34.480800911499,-113.997 -70.84743079871279,-34.4808000425852,-113.997 
			</coordinates>
		</LineString>
		<LineString>
			<coordinates>
				-70.8474307987138,-34.4808000425862,-113.997 -70.8474297189389,-34.4807994968324,-113.997 
			</coordinates>
		</LineString>
		<LineString>
			<coordinates>
				-70.84742971893991,-34.4807994968334,-113.997 -70.847428639165,-34.4807989510796,-113.997 
			</coordinates>
		</LineString>
		<LineString>
			<coordinates>
				-70.847428639166,-34.4807989510806,-113.997 -70.8474274669279,-34.4807986076285,-113.997 
			</coordinates>
		</LineString>
		<LineString>
			<coordinates>
				-70.84742746692891,-34.4807986076295,-113.997 -70.84742629469081,-34.4807982641774,-113.997 
			</coordinates>
		</LineString>
		<LineString>
			<coordinates>
				-70.8474262946918,-34.4807982641784,-113.997 -70.8473640658936,-34.4807823268198,-113.997 
			</coordinates>
		</LineString>
		<LineString>
			<coordinates>
				-70.8473640658946,-34.4807823268208,-113.997 -70.8473721656636,-34.4807606396167,-113.997 
			</coordinates>
		</LineString>
		<LineString>
			<coordinates>
				-70.84737216566459,-34.4807606396177,-113.997 -70.8473580743138,-34.4807570306892,-113.997 
			</coordinates>
		</LineString>
		<LineString>
			<coordinates>
				-70.8473580743148,-34.4807570306902,-113.997 -70.8473661158517,-34.4807354994017,-113.997 
			</coordinates>
		</LineString>
		<LineString>
			<coordinates>
				-70.84736611585269,-34.4807354994027,-113.997 -70.84735202450641,-34.4807318904734,-113.997 
			</coordinates>
		</LineString>
		<LineString>
			<coordinates>
				-70.8473520245074,-34.4807318904744,-113.997 -70.84736006604381,-34.4807103591862,-113.997 
			</coordinates>
		</LineString>
		<LineString>
			<coordinates>
				-70.8473600660448,-34.4807103591872,-113.997 -70.847345974703,-34.480706750257,-113.997 
			</coordinates>
		</LineString>
		<LineString>
			<coordinates>
				-70.847345974704,-34.480706750258,-113.997 -70.8473540162399,-34.4806852189701,-113.997 
			</coordinates>
		</LineString>
		<LineString>
			<coordinates>
				-70.8473540162409,-34.4806852189711,-113.997 -70.84733992490359,-34.4806816100401,-113.997 
			</coordinates>
		</LineString>
		<LineString>
			<coordinates>
				-70.8473399249046,-34.4806816100411,-113.997 -70.8473479664399,-34.4806600787536,-113.997 
			</coordinates>
		</LineString>
		<LineString>
			<coordinates>
				-70.84734796644091,-34.4806600787546,-113.997 -70.84733387510811,-34.4806564698227,-113.997 
			</coordinates>
		</LineString>
		<LineString>
			<coordinates>
				-70.8473338751091,-34.4806564698237,-113.997 -70.8473419166439,-34.4806349385365,-113.997 
			</coordinates>
		</LineString>
		<LineString>
			<coordinates>
				-70.84734191664489,-34.4806349385375,-113.997 -70.8473278253167,-34.4806313296048,-113.997 
			</coordinates>
		</LineString>
		<LineString>
			<coordinates>
				-70.84732782531761,-34.4806313296058,-113.997 -70.84733586685191,-34.480609798319,-113.997 
			</coordinates>
		</LineString>
		<LineString>
			<coordinates>
				-70.8473358668529,-34.48060979832,-113.997 -70.8473217755292,-34.4806061893864,-113.997 
			</coordinates>
		</LineString>
		<LineString>
			<coordinates>
				-70.84732177553011,-34.4806061893874,-113.997 -70.84732981706389,-34.4805846581009,-113.997 
			</coordinates>
		</LineString>
		<LineString>
			<coordinates>
				-70.8473298170648,-34.4805846581019,-113.997 -70.8473808200129,-34.4805977204712,-113.997 
			</coordinates>
		</LineString>
		<LineString>
			<coordinates>
				-70.8473808200139,-34.4805977204722,-113.997 -70.8473193773757,-34.4803740295838,-113.997 
			</coordinates>
		</LineString>
		<LineString>
			<coordinates>
				-70.84731937737671,-34.4803740295848,-113.997 -70.84729532767091,-34.4803633553741,-113.997 
			</coordinates>
		</LineString>
		<LineString>
			<coordinates>
				-70.8472953276719,-34.4803633553751,-113.997 -70.84727612447691,-34.4803508004747,-113.997 
			</coordinates>
		</LineString>
		<LineString>
			<coordinates>
				-70.8472761244779,-34.4803508004757,-113.997 -70.8472658921099,-34.4803420457833,-113.997 
			</coordinates>
		</LineString>
		<LineString>
			<coordinates>
				-70.8472658921109,-34.4803420457843,-113.997 -70.8472576506844,-34.4803335029655,-113.997 
			</coordinates>
		</LineString>
		<LineString>
			<coordinates>
				-70.84725765068541,-34.4803335029665,-113.997 -70.84725358535709,-34.4803291861795,-113.997 
			</coordinates>
		</LineString>
		<LineString>
			<coordinates>
				-70.8472535853581,-34.4803291861805,-113.997 -70.8472497298401,-34.4803233862844,-113.997 
			</coordinates>
		</LineString>
		<LineString>
			<coordinates>
				-70.8472497298411,-34.4803233862854,-113.997 -70.8472458743237,-34.4803175863891,-113.997 
			</coordinates>
		</LineString>
		<LineString>
			<coordinates>
				-70.8472458743247,-34.4803175863902,-113.997 -70.8472426507626,-34.4803122907817,-113.997 
			</coordinates>
		</LineString>
		<LineString>
			<coordinates>
				-70.8472426507636,-34.4803122907827,-113.997 -70.847237721909,-34.4803029100412,-113.997 
			</coordinates>
		</LineString>
		<LineString>
			<coordinates>
				-70.84723772191001,-34.4803029100422,-113.997 -70.8472349227181,-34.4802946043907,-113.997 
			</coordinates>
		</LineString>
		<LineString>
			<coordinates>
				-70.8472349227191,-34.4802946043917,-113.997 -70.84723468768649,-34.4802938393711,-113.997 
			</coordinates>
		</LineString>
		<LineString>
			<coordinates>
				-70.8472346876875,-34.4802938393721,-113.997 -70.8466386938901,-34.4803138518722,-113.997 
			</coordinates>
		</LineString>
		<LineString>
			<coordinates>
				-70.84751732604801,-34.4802296942454,-113.038 -70.84749254287421,-34.4801883904927,-113.038 
			</coordinates>
		</LineString>
		<LineString>
			<coordinates>
				-70.8474925428752,-34.4801883904937,-113.038 -70.8474506142056,-34.4801576318916,-113.038 
			</coordinates>
		</LineString>
		<LineString>
			<coordinates>
				-70.84745061420659,-34.4801576318926,-113.038 -70.8473963707779,-34.4801420326351,-113.038 
			</coordinates>
		</LineString>
		<LineString>
			<coordinates>
				-70.84730033920501,-34.4801582040026,-113.997 -70.8472554969151,-34.4801930093069,-113.997 
			</coordinates>
		</LineString>
		<LineString>
			<coordinates>
				-70.84725549691611,-34.4801930093079,-113.997 -70.8472319390778,-34.4802398676579,-113.997 
			</coordinates>
		</LineString>
		<LineString>
			<coordinates>
				-70.84488421789359,-34.4752773024534,-113.461 -70.84506438781121,-34.4759117550007,-113.461 
			</coordinates>
		</LineString>
		<LineString>
			<coordinates>
				-70.8441449881592,-34.4752230219271,-113.997 -70.8443473740123,-34.4759357291156,-113.997 
			</coordinates>
		</LineString>
		<LineString>
			<coordinates>
				-70.8443473740133,-34.4759357291166,-113.997 -70.84387625395701,-34.4759514792176,-113.997 
			</coordinates>
		</LineString>
		<LineString>
			<coordinates>
				-70.843876253958,-34.4759514792186,-113.997 -70.84392610555371,-34.4761081403762,-113.997 
			</coordinates>
		</LineString>
		<LineString>
			<coordinates>
				-70.8439261055547,-34.4761081403772,-113.997 -70.8437265497486,-34.4761168711889,-113.997 
			</coordinates>
		</LineString>
		<LineString>
			<coordinates>
				-70.8437265497495,-34.4761168711899,-113.997 -70.8434992943755,-34.4751956039411,-113.997 
			</coordinates>
		</LineString>
		<LineString>
			<coordinates>
				-70.8429151354039,-34.4751848176948,-113.997 -70.84315125300969,-34.4761420392997,-113.997 
			</coordinates>
		</LineString>
		<LineString>
			<coordinates>
				-70.84585408502311,-34.4755009988118,-113.038 -70.8457946223092,-34.4754914969733,-113.038 
			</coordinates>
		</LineString>
		<LineString>
			<coordinates>
				-70.84579462231019,-34.4754914969743,-113.038 -70.84574043236969,-34.475464814516,-113.038 
			</coordinates>
		</LineString>
		<LineString>
			<coordinates>
				-70.8457404323707,-34.475464814517,-113.038 -70.84570365930681,-34.4754285126305,-113.038 
			</coordinates>
		</LineString>
		<LineString>
			<coordinates>
				-70.8457036593078,-34.4754285126315,-113.038 -70.84568076089811,-34.4753769167187,-113.038 
			</coordinates>
		</LineString>
		<LineString>
			<coordinates>
				-70.8456819358822,-34.4753224301703,-113.038 -70.8457132398775,-34.4752641105418,-113.038 
			</coordinates>
		</LineString>
		<LineString>
			<coordinates>
				-70.84571323987851,-34.4752641105428,-113.038 -70.84577117421181,-34.475222023164,-113.038 
			</coordinates>
		</LineString>
		<LineString>
			<coordinates>
				-70.845833075244,-34.4752049636452,-113.038 -70.8459027239702,-34.4752082434601,-113.038 
			</coordinates>
		</LineString>
		<LineString>
			<coordinates>
				-70.84590272397119,-34.4752082434611,-113.038 -70.8459656106033,-34.4752332516131,-113.038 
			</coordinates>
		</LineString>
		<LineString>
			<coordinates>
				-70.84601017572621,-34.4752734021336,-113.038 -70.8460351193019,-34.4753280839607,-113.038 
			</coordinates>
		</LineString>
		<LineString>
			<coordinates>
				-70.8460351193029,-34.4753280839617,-113.038 -70.8460323602652,-34.475387655875,-113.038 
			</coordinates>
		</LineString>
		<LineString>
			<coordinates>
				-70.84603236026619,-34.475387655876,-113.038 -70.8460016794256,-34.4754414336145,-113.038 
			</coordinates>
		</LineString>
		<LineString>
			<coordinates>
				-70.84600167942661,-34.4754414336155,-113.038 -70.84594895283951,-34.4754805015156,-113.038 
			</coordinates>
		</LineString>
		<LineString>
			<coordinates>
				-70.844975542041,-34.4676523074452,-112.242 -70.84421130411251,-34.4679999943491,-112.242 
			</coordinates>
		</LineString>
		<LineString>
			<coordinates>
				-70.8454124499457,-34.4680173928813,-112.242 -70.84438747912159,-34.4684837003177,-112.242 
			</coordinates>
		</LineString>
		<LineString>
			<coordinates>
				-70.8467875464369,-34.4679752329557,-113.997 -70.8461049925544,-34.4684818468608,-113.997 
			</coordinates>
		</LineString>
		<LineString>
			<coordinates>
				-70.8461049925554,-34.4684818468618,-113.997 -70.84596579533969,-34.468585162409,-113.997 
			</coordinates>
		</LineString>
		<LineString>
			<coordinates>
				-70.8456819358822,-34.4753224301703,-113.038 -70.8451655100852,-34.4752578144661,-113.038 
			</coordinates>
		</LineString>
		<LineString>
			<coordinates>
				-70.8451655100862,-34.4752578144671,-113.038 -70.8445836751346,-34.4751850119533,-113.038 
			</coordinates>
		</LineString>
		<LineString>
			<coordinates>
				-70.8445836751356,-34.4751850119543,-113.038 -70.8445374080018,-34.4751835972194,-113.038 
			</coordinates>
		</LineString>
		<LineString>
			<coordinates>
				-70.8452957047357,-34.4709227461623,-112.933 -70.84550655308161,-34.4717771251695,-112.933 
			</coordinates>
		</LineString>
		<LineString>
			<coordinates>
				-70.8448043010991,-34.4709752174769,-113.038 -70.84478384980009,-34.4710210784144,-113.038 
			</coordinates>
		</LineString>
		<LineString>
			<coordinates>
				-70.8447838498011,-34.4710210784154,-113.038 -70.8447394262726,-34.4710532735042,-113.038 
			</coordinates>
		</LineString>
		<LineString>
			<coordinates>
				-70.84555428061471,-34.4662669299339,-113.997 -70.8446987626652,-34.4667090146329,-113.997 
			</coordinates>
		</LineString>
		<LineString>
			<coordinates>
				-70.84194913944781,-34.4683285019633,-113.038 -70.8419118630686,-34.4681183597444,-113.038 
			</coordinates>
		</LineString>
		<LineString>
			<coordinates>
				-70.8419118630696,-34.4681183597454,-113.038 -70.8422325466649,-34.4680834398355,-113.038 
			</coordinates>
		</LineString>
		<LineString>
			<coordinates>
				-70.8399544415599,-34.4725947037419,-113.038 -70.83995181347299,-34.4725814717399,-113.038 
			</coordinates>
		</LineString>
		<LineString>
			<coordinates>
				-70.8399518134739,-34.4725814717409,-113.038 -70.84003366853069,-34.4721647965648,-113.038 
			</coordinates>
		</LineString>
		<LineString>
			<coordinates>
				-70.8399985335661,-34.4720068144993,-113.038 -70.83989108957,-34.4725537415219,-113.038 
			</coordinates>
		</LineString>
		<LineString>
			<coordinates>
				-70.8390815235032,-34.4726024128645,-113.997 -70.83899879562919,-34.4726073861822,-113.997 
			</coordinates>
		</LineString>
		<LineString>
			<coordinates>
				-70.8389987956302,-34.4726073861832,-113.997 -70.8389905749403,-34.4725992357825,-113.997 
			</coordinates>
		</LineString>
		<LineString>
			<coordinates>
				-70.83899057494131,-34.4725992357835,-113.997 -70.83898250818631,-34.4725936542111,-113.997 
			</coordinates>
		</LineString>
		<LineString>
			<coordinates>
				-70.8389825081873,-34.4725936542121,-113.997 -70.8389761075122,-34.4725903480653,-113.997 
			</coordinates>
		</LineString>
		<LineString>
			<coordinates>
				-70.8389761075132,-34.4725903480663,-113.997 -70.8389671231446,-34.4725869865191,-113.997 
			</coordinates>
		</LineString>
		<LineString>
			<coordinates>
				-70.83896712314559,-34.4725869865201,-113.997 -70.8389590570111,-34.4725850336635,-113.997 
			</coordinates>
		</LineString>
		<LineString>
			<coordinates>
				-70.8389590570121,-34.4725850336645,-113.997 -70.8389503749937,-34.4725839268569,-113.997 
			</coordinates>
		</LineString>
		<LineString>
			<coordinates>
				-70.8389503749947,-34.4725839268579,-113.997 -70.8389418641997,-34.472583784313,-113.997 
			</coordinates>
		</LineString>
		<LineString>
			<coordinates>
				-70.83894186420071,-34.472583784314,-113.997 -70.8389336508432,-34.4725845237562,-113.997 
			</coordinates>
		</LineString>
		<LineString>
			<coordinates>
				-70.8389336508442,-34.4725845237572,-113.997 -70.8389244971461,-34.4725864098678,-113.997 
			</coordinates>
		</LineString>
		<LineString>
			<coordinates>
				-70.8389244971471,-34.4725864098688,-113.997 -70.8389157049328,-34.4725893938477,-113.997 
			</coordinates>
		</LineString>
		<LineString>
			<coordinates>
				-70.8389157049338,-34.4725893938487,-113.997 -70.8389093956104,-34.4725923671595,-113.997 
			</coordinates>
		</LineString>
		<LineString>
			<coordinates>
				-70.8389093956114,-34.4725923671605,-113.997 -70.83890385799801,-34.4725956776893,-113.997 
			</coordinates>
		</LineString>
		<LineString>
			<coordinates>
				-70.838903857999,-34.4725956776903,-113.997 -70.8388976570195,-34.4726003857382,-113.997 
			</coordinates>
		</LineString>
		<LineString>
			<coordinates>
				-70.8388976570205,-34.4726003857392,-113.997 -70.8388925136846,-34.4726054077409,-113.997 
			</coordinates>
		</LineString>
		<LineString>
			<coordinates>
				-70.83889251368559,-34.4726054077419,-113.997 -70.8388873399734,-34.4726121080902,-113.997 
			</coordinates>
		</LineString>
		<LineString>
			<coordinates>
				-70.83888733997431,-34.4726121080912,-113.997 -70.838887339815,-34.4726121083329,-113.997 
			</coordinates>
		</LineString>
		<LineString>
			<coordinates>
				-70.838887339816,-34.4726121083339,-113.997 -70.8388832168466,-34.4726198077671,-113.997 
			</coordinates>
		</LineString>
		<LineString>
			<coordinates>
				-70.83888321684761,-34.4726198077681,-113.997 -70.8388808017957,-34.4726270304332,-113.997 
			</coordinates>
		</LineString>
		<LineString>
			<coordinates>
				-70.83888080179661,-34.4726270304342,-113.997 -70.83887951347511,-34.472636348275,-113.997 
			</coordinates>
		</LineString>
		<LineString>
			<coordinates>
				-70.8388795134761,-34.472636348276,-113.997 -70.8388799022799,-34.4726438926848,-113.997 
			</coordinates>
		</LineString>
		<LineString>
			<coordinates>
				-70.83887990228089,-34.4726438926858,-113.997 -70.83888156495139,-34.4726513475887,-113.997 
			</coordinates>
		</LineString>
		<LineString>
			<coordinates>
				-70.8388815649524,-34.4726513475897,-113.997 -70.8388838492498,-34.4726572509731,-113.997 
			</coordinates>
		</LineString>
		<LineString>
			<coordinates>
				-70.83888384925081,-34.4726572509741,-113.997 -70.8388867640367,-34.4726626280617,-113.997 
			</coordinates>
		</LineString>
		<LineString>
			<coordinates>
				-70.8388867640377,-34.4726626280627,-113.997 -70.83889077481371,-34.4726682126213,-113.997 
			</coordinates>
		</LineString>
		<LineString>
			<coordinates>
				-70.8388907748147,-34.4726682126223,-113.997 -70.83889692923719,-34.4726746145407,-113.997 
			</coordinates>
		</LineString>
		<LineString>
			<coordinates>
				-70.8388969292382,-34.4726746145417,-113.997 -70.8387797586947,-34.4727646717565,-113.997 
			</coordinates>
		</LineString>
		<LineString>
			<coordinates>
				-70.83877975869569,-34.4727646717575,-113.997 -70.8381211764508,-34.4728033820363,-113.997 
			</coordinates>
		</LineString>
		<LineString>
			<coordinates>
				-70.84194913944781,-34.4683285019633,-113.038 -70.84140339576859,-34.4683838466091,-113.038 
			</coordinates>
		</LineString>
		<LineString>
			<coordinates>
				-70.8414033957696,-34.4683838466101,-113.038 -70.84141600255759,-34.468486967219,-113.038 
			</coordinates>
		</LineString>
		<LineString>
			<coordinates>
				-70.8378877374211,-34.4717104177354,-113.997 -70.8378421328763,-34.4717245301635,-113.997 -70.8377967458714,-34.4717391156966,-113.997 -70.8377515835619,-34.4717541720356,-113.997 -70.8377066530675,-34.4717696968067,-113.997 -70.8376619614715,-34.4717856875626,-113.997 -70.8376175158199,-34.4718021417823,-113.997 -70.8375733231194,-34.4718190568719,-113.997 -70.8375293903372,-34.4718364301648,-113.997 -70.8374857243994,-34.471854258922,-113.997 
			</coordinates>
		</LineString>
		<LineString>
			<coordinates>
				-70.8451838589481,-34.4802927793143,-113.997 -70.8451923678282,-34.4802917264859,-113.997 -70.8452004606816,-34.480289308902,-113.997 -70.84520782161241,-34.4802856209304,-113.997 -70.8452141632944,-34.4802808065274,-113.997 -70.8452192381867,-34.480275053618,-113.997 -70.8452228481967,-34.4802685867609,-113.997 -70.8452248524116,-34.4802616583831,-113.997 -70.8452251725996,-34.4802545389261,-113.997 -70.8452237962628,-34.4802475062903,-113.997 
			</coordinates>
		</LineString>
		<LineString>
			<coordinates>
				-70.8452952761768,-34.4802596545183,-113.997 -70.84529743954511,-34.4802647973647,-113.997 -70.84530051349149,-34.4802696117775,-113.997 -70.84530442790479,-34.480273987948,-113.997 -70.8453090935038,-34.4802778260633,-113.997 -70.8453144038742,-34.4802810385825,-113.997 -70.84532023789571,-34.4802835522334,-113.997 -70.8453264625041,-34.4802853096839,-113.997 -70.8453329357266,-34.4802862708496,-113.997 -70.84533950992,-34.4802864138078,-113.997 
			</coordinates>
		</LineString>
		<LineString>
			<coordinates>
				-70.8369083405904,-34.4700096266251,-113.997 -70.8369088062386,-34.4700259373337,-113.997 -70.8369129981831,-34.4700418789396,-113.997 -70.8369207642944,-34.4700568728991,-113.997 -70.8369318227309,-34.4700703750601,-113.997 -70.8369457721672,-34.4700818954092,-113.997 -70.8369621063588,-34.4700910158562,-113.997 -70.83698023251409,-34.4700974054065,-113.997 -70.8369994928083,-34.4701008321739,-113.997 -70.83701918825651,-34.4701011717957,-113.997 
			</coordinates>
		</LineString>
		<LineString>
			<coordinates>
				-70.84128126201441,-34.4634931605963,-113.997 -70.8412740673316,-34.4635426175115,-113.997 -70.84123333786179,-34.4635792708214,-113.997 -70.8411744268551,-34.463589303783,-113.997 -70.84111954127469,-34.4635689343908,-113.997 -70.8410893706598,-34.4635258410442,-113.997 -70.84109528800781,-34.4634762680999,-113.997 -70.8411350626788,-34.4634389024215,-113.997 -70.8411937013243,-34.4634278292389,-113.997 -70.841249099747,-34.4634472226538,-113.997 
			</coordinates>
		</LineString>
		<LineString>
			<coordinates>
				-70.8430721700349,-34.4751230612553,-113.997 -70.8430655076759,-34.4751224872207,-113.997 -70.84305903046,-34.4751210737379,-113.997 -70.84305289166581,-34.4751188542558,-113.997 -70.84304723656319,-34.4751158812969,-113.997 -70.84304219897599,-34.4751122252138,-113.997 -70.8430378981148,-34.4751079725251,-113.997 -70.8430344357561,-34.4751032238675,-113.997 -70.843031893834,-34.4750980916143,-113.997 -70.8430303325008,-34.4750926972164,-113.997 
			</coordinates>
		</LineString>
		<LineString>
			<coordinates>
				-70.84591346197411,-34.4699978435783,-113.997 -70.84589139197941,-34.4700127776647,-113.997 -70.84586643906481,-34.470024181278,-113.997 -70.8458394168178,-34.4700316826036,-113.997 -70.8458112062975,-34.4700350370609,-113.997 -70.8457827273072,-34.4700341352778,-113.997 -70.8457549084038,-34.4700290066567,-113.997 -70.8457286566219,-34.4700198184159,-113.997 -70.8457048278995,-34.4700068701377,-113.997 -70.8456841991698,-34.4699905840001,-113.997 
			</coordinates>
		</LineString>
		<LineString>
			<coordinates>
				-70.84756210801029,-34.4805946884399,-113.997 -70.84756128584981,-34.4805942427426,-113.997 -70.8475605155715,-34.4805937374693,-113.997 -70.8475598034512,-34.4805931767368,-113.997 -70.84755915529109,-34.4805925651137,-113.997 -70.84755857637229,-34.4805919075834,-113.997 -70.8475580714115,-34.4805912095032,-113.997 -70.84755764452299,-34.4805904765608,-113.997 -70.8475572991849,-34.4805897147281,-113.997 -70.84755703821109,-34.4805889302122,-113.997 
			</coordinates>
		</LineString>
		<LineString>
			<coordinates>
				-70.84761902609689,-34.4807048599043,-113.997 -70.8476191914429,-34.4807056056053,-113.997 -70.8476192805379,-34.4807063601742,-113.997 -70.8476192927519,-34.480707118274,-113.997 -70.84761922799829,-34.4807078745428,-113.997 -70.84761908673531,-34.4807086236314,-113.997 -70.84761886996191,-34.4807093602417,-113.997 -70.8476185792114,-34.4807100791637,-113.997 -70.8476182165401,-34.4807107753125,-113.997 -70.8476177845133,-34.4807114437642,-113.997 
			</coordinates>
		</LineString>
		<LineString>
			<coordinates>
				-70.8475210675595,-34.4802836992774,-113.997 -70.8475193014944,-34.4802905902069,-113.997 -70.8475170569278,-34.4802973849775,-113.997 -70.84751434137971,-34.4803040608241,-113.997 -70.847511163948,-34.4803105953806,-113.997 -70.847507535278,-34.4803169667537,-113.997 -70.84750346752701,-34.4803231535972,-113.997 -70.8474989743233,-34.480329135183,-113.997 -70.8474940707206,-34.4803348914706,-113.997 -70.8474887731475,-34.4803404031746,-113.997 
			</coordinates>
		</LineString>
		<LineString>
			<coordinates>
				-70.8426663348142,-34.4805899140109,-113.997 -70.8426532488118,-34.4805887901768,-113.997 -70.8426404600124,-34.480586233543,-113.997 -70.8426281961415,-34.4805822896345,-113.997 -70.84261667557681,-34.480577028679,-113.997 -70.8426061034606,-34.4805705443561,-113.997 -70.842596668046,-34.4805629521298,-113.997 -70.84258853734561,-34.4805543871916,-113.997 -70.84258185613901,-34.4805450020541,-113.997 -70.8425767433952,-34.4805349638347,-113.997 
			</coordinates>
		</LineString>
		<LineString>
			<coordinates>
				-70.8476930093253,-34.4810442784027,-113.997 -70.8476911095121,-34.4810429524046,-113.997 -70.8476893369278,-34.4810415106458,-113.997 -70.8476877018315,-34.4810399614707,-113.997 -70.8476862136865,-34.4810383138453,-113.997 -70.84768488110559,-34.4810365773055,-113.997 -70.8476837118012,-34.4810347619018,-113.997 -70.8476827125409,-34.4810328781411,-113.997 -70.847681889108,-34.4810309369257,-113.997 -70.84768124626819,-34.4810289494908,-113.997 
			</coordinates>
		</LineString>
		<LineString>
			<coordinates>
				-70.8475888809152,-34.4806078123726,-113.997 -70.84758970307389,-34.4806082580677,-113.997 -70.84759047335061,-34.4806087633388,-113.997 -70.8475911854692,-34.4806093240691,-113.997 -70.8475918336276,-34.48060993569,-113.997 -70.8475924125449,-34.4806105932182,-113.997 -70.8475929175041,-34.4806112912962,-113.997 -70.847593344391,-34.4806120242364,-113.997 -70.8475936897274,-34.480612786067,-113.997 -70.8475939506997,-34.4806135705808,-113.997 
			</coordinates>
		</LineString>
		<LineString>
			<coordinates>
				-70.84760160687679,-34.480738970055,-113.997 -70.84760144152889,-34.480738224352,-113.997 -70.84760135243199,-34.4807374697811,-113.997 -70.8476013402162,-34.4807367116793,-113.997 -70.8476014049679,-34.4807359554085,-113.997 -70.8476015462291,-34.4807352063179,-113.997 -70.8476017630007,-34.4807344697056,-113.997 -70.8476020537495,-34.4807337507816,-113.997 -70.84760241641899,-34.4807330546309,-113.997 -70.847602848444,-34.4807323861772,-113.997 
			</coordinates>
		</LineString>
		<LineString>
			<coordinates>
				-70.8542890959492,-34.4808978630587,-113.997 -70.85428443401361,-34.4808987871528,-113.997 -70.8542796589434,-34.4808991361904,-113.997 -70.8542748736095,-34.4808989026521,-113.997 -70.8542701811036,-34.4808980915689,-113.997 -70.854265682518,-34.4808967204143,-113.997 -70.8542614747672,-34.4808948187276,-113.997 -70.8542576484999,-34.4808924274772,-113.997 -70.8542542861467,-34.4808895981787,-113.997 -70.8542514601436,-34.4808863917844,-113.997 
			</coordinates>
		</LineString>
		<LineString>
			<coordinates>
				-70.85481041203241,-34.4806559412373,-113.997 -70.85481909439901,-34.4806703250082,-113.997 -70.85482409566789,-34.4806858631542,-113.997 -70.8548252103474,-34.4807019172522,-113.997 -70.854822392636,-34.4807178276797,-113.997 -70.8548157583041,-34.4807329407168,-113.997 -70.8548055799381,-34.480746635406,-113.997 -70.85479227574049,-34.4807583490661,-113.997 -70.85477639234701,-34.4807676004111,-113.997 -70.8547585823673,-34.4807740093254,-113.997 
			</coordinates>
		</LineString>
		<LineString>
			<coordinates>
				-70.8549234548543,-34.4806650636621,-113.997 -70.8549926753667,-34.480671134465,-113.997 -70.8550497245629,-34.4807041608579,-113.997 -70.85508038215239,-34.4807559105715,-113.997 -70.8550770062625,-34.4808134842834,-113.997 -70.8550404383173,-34.4808625309355,-113.997 -70.8549797933605,-34.4808908249374,-113.997 -70.8549101880311,-34.4808913135876,-113.997 -70.85484897249979,-34.4808638750804,-113.997 -70.8548114056353,-34.4808153488701,-113.997 
			</coordinates>
		</LineString>
		<LineString>
			<coordinates>
				-70.8549234548543,-34.4806650636621,-113.997 -70.8549185087824,-34.4806649053874,-113.997 -70.8549136018589,-34.4806643672802,-113.997 -70.85490877652801,-34.480663453995,-113.997 -70.85490407452841,-34.4806621734315,-113.997 -70.8548995365317,-34.4806605366666,-113.997 -70.85489520179119,-34.4806585578581,-113.997 -70.85489110780181,-34.4806562541224,-113.997 -70.85488728997611,-34.4806536453865,-113.997 -70.8548837813378,-34.4806507542157,-113.997 
			</coordinates>
		</LineString>
		<LineString>
			<coordinates>
				-70.8514662468114,-34.4739843230967,-113.997 -70.8514736973771,-34.4739831244215,-113.997 -70.8514812860893,-34.4739830153978,-113.997 -70.8514887823741,-34.4739839993379,-113.997 -70.8514959584661,-34.4739860463461,-113.997 -70.8515025963284,-34.4739890942264,-113.997 -70.8515084942776,-34.4739930503727,-113.997 -70.8515134731114,-34.4739977945822,-113.997 -70.8515173815538,-34.4740031827079,-113.997 -70.8515201008513,-34.4740090510379,-113.997 
			</coordinates>
		</LineString>
		<LineString>
			<coordinates>
				-70.85158288672071,-34.473994148731,-113.997 -70.8515814391674,-34.4739879783582,-113.997 -70.85158130742241,-34.4739816935569,-113.997 -70.8515824954885,-34.4739754852918,-113.997 -70.85158496726589,-34.4739695422021,-113.997 -70.8515886476489,-34.4739640448695,-113.997 -70.8515934248082,-34.4739591603313,-113.997 -70.85159915358901,-34.4739550370047,-113.997 -70.8516056599213,-34.4739518001777,-113.997 -70.8516127461091,-34.4739495482016,-113.997 
			</coordinates>
		</LineString>
		<LineString>
			<coordinates>
				-70.8515408515609,-34.473872833897,-113.997 -70.8515435707684,-34.4738787023291,-113.997 -70.8515474791553,-34.4738840905611,-113.997 -70.8515524579674,-34.4738888348742,-113.997 -70.851558355926,-34.4738927911145,-113.997 -70.8515649938244,-34.4738958390736,-113.997 -70.85157216997339,-34.4738978861407,-113.997 -70.8515796663289,-34.4738988701166,-113.997 -70.85158725511771,-34.4738987611036,-113.997 -70.851594705758,-34.4738975624141,-113.997 
			</coordinates>
		</LineString>
		<LineString>
			<coordinates>
				-70.8538831852629,-34.4727976186675,-113.997 -70.8538900529885,-34.4727927040287,-113.997 -70.8538958390366,-34.4727869125395,-113.997 -70.8539003824976,-34.472780405261,-113.997 -70.8539035570182,-34.4727733631607,-113.997 -70.8539052743153,-34.472765982079,-113.997 -70.8539054866314,-34.4727584672835,-113.997 -70.8539041880624,-34.4727510277604,-113.997 -70.85390141472161,-34.4727438704024,-113.997 -70.8538972437361,-34.4727371942552,-113.997 
			</coordinates>
		</LineString>
		<LineString>
			<coordinates>
				-70.85286298038559,-34.4775772972947,-113.997 -70.8528555335467,-34.4775784624099,-113.997 -70.85284795555511,-34.4775785406431,-113.997 -70.8528404759565,-34.4775775296245,-113.997 -70.8528333213159,-34.477575459979,-113.997 -70.852826708355,-34.4775723943981,-113.997 -70.8528208373874,-34.4775684257418,-113.997 -70.85281588625089,-34.4775636742247,-113.997 -70.85281200492049,-34.4775582837754,-113.997 -70.8528093109656,-34.4775524176762,-113.997 
			</coordinates>
		</LineString>
		<LineString>
			<coordinates>
				-70.8528711948058,-34.4776767872962,-113.997 -70.8528679767372,-34.4776701866232,-113.997 -70.8528663871159,-34.4776631910566,-113.997 -70.85286648788561,-34.4776560731989,-113.997 -70.85286827511911,-34.4776491104181,-113.997 -70.8528716791711,-34.4776425740389,-113.997 -70.8528765673928,-34.4776367187702,-113.997 -70.85288274929999,-34.4776317727791,-113.997 -70.852889983997,-34.4776279288004,-113.997 -70.8528979895629,-34.4776253366256,-113.997 
			</coordinates>
		</LineString>
		<LineString>
			<coordinates>
				-70.8527480089126,-34.4776602274973,-113.997 -70.8527544637823,-34.4776591539951,-113.997 -70.8527610403078,-34.4776588986602,-113.997 -70.8527675881471,-34.4776594673295,-113.997 -70.852773957614,-34.477660847003,-113.997 -70.8527800030998,-34.4776630061408,-113.997 -70.85278558640221,-34.4776658953842,-113.997 -70.8527905798846,-34.4776694486838,-113.997 -70.8527948693939,-34.4776735848096,-113.997 -70.85279835687,-34.4776782092083,-113.997 
			</coordinates>
		</LineString>
		<LineString>
			<coordinates>
				-70.8527463709484,-34.4775668782134,-113.997 -70.85274779830149,-34.477573061592,-113.997 -70.85274790533749,-34.4775793563117,-113.997 -70.8527466887938,-34.4775855705216,-113.997 -70.85274418574809,-34.4775915148243,-113.997 -70.85274047248799,-34.4775970080486,-113.997 -70.8527356621865,-34.4776018827716,-113.997 -70.85272990145241,-34.4776059904208,-113.997 -70.85272336586161,-34.4776092058027,-113.997 -70.8527162546068,-34.4776114309185,-113.997 
			</coordinates>
		</LineString>
		<LineString>
			<coordinates>
				-70.8539120019108,-34.4728471485382,-113.997 -70.85392050122979,-34.4728429475297,-113.997 -70.8539297786773,-34.4728400907586,-113.997 -70.85393952742911,-34.472838672704,-113.997 -70.8539494250744,-34.4728387402638,-113.997 -70.85395914427789,-34.4728402912036,-113.997 -70.8539683636059,-34.4728432742306,-113.997 -70.85397677815639,-34.4728475906902,-113.997 -70.85398410964309,-34.4728530978281,-113.997 -70.85399011559841,-34.472859613512,-113.997 
			</coordinates>
		</LineString>
		<LineString>
			<coordinates>
				-70.8526962083003,-34.4736070425068,-113.997 -70.8527032695642,-34.4736030962878,-113.997 -70.8527111234536,-34.4736003641858,-113.997 -70.8527194693591,-34.4735989507725,-113.997 -70.852727987839,-34.4735989101467,-113.997 -70.85273635284631,-34.4736002438634,-113.997 -70.8527442442083,-34.473602900874,-113.997 -70.8527513598811,-34.4736067794809,-113.997 -70.8527574275104,-34.4736117312293,-113.997 -70.8527622148558,-34.4736175665898,-113.997 
			</coordinates>
		</LineString>
		<LineString>
			<coordinates>
				-70.85280533800319,-34.4735700550338,-113.997 -70.8528026085026,-34.4735650236758,-113.997 -70.85280083750671,-34.4735597064242,-113.997 -70.85280006645201,-34.4735542276891,-113.997 -70.85280031337911,-34.473548715659,-113.997 -70.8528015725103,-34.4735432993012,-113.997 -70.8528038143849,-34.4735381053448,-113.997 -70.8528069865486,-34.4735332553149,-113.997 -70.8528110147806,-34.4735288626899,-113.997 -70.8528158048306,-34.4735250302458,-113.997 
			</coordinates>
		</LineString>
		<LineString>
			<coordinates>
				-70.8509748316456,-34.4702782924394,-113.997 -70.8511567627546,-34.4702109306944,-113.997 -70.8513481513574,-34.4701649323564,-113.997 -70.8515453598538,-34.4701411716787,-113.997 -70.8517446400441,-34.4701401002577,-113.997 -70.8519422043604,-34.4701617384521,-113.997 -70.8521342978445,-34.4702056749957,-113.997 -70.8523172695071,-34.4702710748135,-113.997 -70.85248764171141,-34.4703566948921,-113.997 -70.8526421762639,-34.4704609079023,-113.997 
			</coordinates>
		</LineString>
		<LineString>
			<coordinates>
				-70.8516963345315,-34.4709585681523,-113.997 -70.8517042067042,-34.4709565203781,-113.997 -70.8517123278112,-34.4709553109873,-113.997 -70.85172056822741,-34.4709549592832,-113.997 -70.8517287964233,-34.4709554708798,-113.997 -70.8517368810647,-34.470956837611,-113.997 -70.8517446931083,-34.4709590376619,-113.997 -70.8517521078622,-34.4709620359162,-113.997 -70.8517590069757,-34.4709657845173,-113.997 -70.85176528032849,-34.4709702236318,-113.997 
			</coordinates>
		</LineString>
		<LineString>
			<coordinates>
				-70.8478073029563,-34.4745826056533,-113.997 -70.84781488887209,-34.4745823993919,-113.997 -70.8478224027898,-34.4745832871737,-113.997 -70.8478296164031,-34.4745852420239,-113.997 -70.8478363105302,-34.4745882045453,-113.997 -70.84784228177359,-34.4745920847234,-113.997 -70.8478473487,-34.474596764661,-113.997 -70.84785135735351,-34.4746021021606,-113.997 -70.8478541859331,-34.4746079350451,-113.997 -70.8478557484935,-34.4746140860853,-113.997 
			</coordinates>
		</LineString>
		<LineString>
			<coordinates>
				-70.84889357979441,-34.4718119784061,-113.997 -70.8488860520673,-34.4718102391394,-113.997 -70.8488782701737,-34.4718096423646,-113.997 -70.8488704848169,-34.4718102073075,-113.997 -70.84886294681181,-34.4718119157677,-113.997 -70.8488558990047,-34.4718147127051,-113.997 -70.8488495684494,-34.4718185080127,-113.997 -70.84884415909281,-34.4718231794201,-113.997 -70.8488398452042,-34.4718285764318,-113.997 -70.84883676576121,-34.4718345251764,-113.997 
			</coordinates>
		</LineString>
		<LineString>
			<coordinates>
				-70.8491984438202,-34.4743505732312,-113.997 -70.8491996223098,-34.4743570276391,-113.997 -70.8492021865582,-34.4743632003404,-113.997 -70.849206052535,-34.4743688890548,-113.997 -70.8492110935517,-34.4743739073622,-113.997 -70.8492171444134,-34.4743780908119,-113.997 -70.8492240068327,-34.4743813023115,-113.997 -70.8492314559268,-34.4743834366196,-113.997 -70.8492392475878,-34.4743844237946,-113.997 -70.8492471264815,-34.4743842314864,-113.997 
			</coordinates>
		</LineString>
		<LineString>
			<coordinates>
				-70.8514482065417,-34.4739323372851,-113.997 -70.8514552926565,-34.4739300853488,-113.997 -70.85146179893179,-34.473926848581,-113.997 -70.8514675276778,-34.4739227253294,-113.997 -70.8514723048292,-34.4739178408769,-113.997 -70.8514759852349,-34.4739123436353,-113.997 -70.8514784570675,-34.4739064006355,-113.997 -70.8514796452221,-34.4739001924526,-113.997 -70.8514795135974,-34.4738939077191,-113.997 -70.8514780661929,-34.4738877373934,-113.997 
			</coordinates>
		</LineString>
		<LineString>
			<coordinates>
				-70.84792059229039,-34.4746076061519,-113.997 -70.84792034322039,-34.4746013238505,-113.997 -70.8479214152151,-34.4745951011734,-113.997 -70.8479237757022,-34.4745891271935,-113.997 -70.8479273529591,-34.474583583427,-113.997 -70.8479320382926,-34.4745786383184,-113.997 -70.84793768934099,-34.4745744421221,-113.997 -70.84794413440019,-34.4745711223372,-113.997 -70.8479511776403,-34.4745687798337,-113.997 -70.84795860505611,-34.4745674857871,-113.997 
			</coordinates>
		</LineString>
		<LineString>
			<coordinates>
				-70.8480262861333,-34.4753330139065,-113.997 -70.84805507628241,-34.4753528688856,-113.997 -70.8480659550014,-34.4753825592349,-113.997 -70.8480553427414,-34.4754123156505,-113.997 -70.84802673134099,-34.4754323470809,-113.997 -70.8479895350941,-34.4754360623781,-113.997 -70.8479559930684,-34.4754222390583,-113.997 -70.84793714194021,-34.4753954255508,-113.997 -70.84793918447259,-34.4753644445759,-113.997 -70.8479614485705,-34.475339490109,-113.997 
			</coordinates>
		</LineString>
		<LineString>
			<coordinates>
				-70.84048354638669,-34.4624022428762,-111.321 -70.8404882029167,-34.4624125128215,-111.321 -70.84049448953709,-34.4624221685961,-111.321 -70.8405022913187,-34.4624310336768,-111.321 -70.8405114656326,-34.4624389459955,-111.321 -70.8405218447578,-34.462445760902,-111.321 -70.840533238947,-34.4624513538086,-111.321 -70.84054543989591,-34.4624556224679,-111.321 -70.840558224551,-34.4624584888416,-111.321 -70.84057135918781,-34.4624599005277,-111.321 
			</coordinates>
		</LineString>
		<LineString>
			<coordinates>
				-70.84100343096399,-34.4624814051876,-113.997 -70.8410063560368,-34.4624816640464,-113.997 -70.841009241111,-34.4624821399046,-113.997 -70.84101206276991,-34.4624828288997,-113.997 -70.8410147981113,-34.4624837254396,-113.997 -70.8410174249336,-34.4624848222474,-113.997 -70.841019921916,-34.4624861104208,-113.997 -70.8410222687916,-34.4624875795042,-113.997 -70.84102444651199,-34.4624892175739,-113.997 -70.8410264374015,-34.4624910113342,-113.997 
			</coordinates>
		</LineString>
		<LineString>
			<coordinates>
				-70.8458677420781,-34.4699592174564,-113.997 -70.8458548044964,-34.469967971916,-113.997 -70.84584017693069,-34.4699746567885,-113.997 -70.845824336311,-34.4699790541139,-113.997 -70.8458077991193,-34.469981020518,-113.997 -70.84579110454909,-34.4699804918861,-113.997 -70.8457747969256,-34.4699774854541,-113.997 -70.8457594079573,-34.4699720992465,-113.997 -70.8457454394001,-34.46996450888,-113.997 -70.845733346697,-34.4699549618378,-113.997 
			</coordinates>
		</LineString>
		<LineString>
			<coordinates>
				-70.84541903688729,-34.4698319040119,-113.997 -70.84541617919611,-34.4698240958097,-113.997 -70.845411935953,-34.4698167324214,-113.997 -70.8454064037045,-34.4698099813859,-113.997 -70.8453997083258,-34.469803996309,-113.997 -70.8453920021564,-34.4697989133685,-113.997 -70.84538346053429,-34.4697948482163,-113.997 -70.8453742778065,-34.4697918933464,-113.997 -70.8453646629067,-34.4697901159907,-113.997 -70.84535483460201,-34.4697895565892,-113.997 
			</coordinates>
		</LineString>
		<LineString>
			<coordinates>
				-70.8431478022636,-34.4638243292906,-113.997 -70.8431553964915,-34.4638213541459,-113.997 -70.84316345307479,-34.4638193825208,-113.997 -70.84317178003189,-34.4638184613974,-113.997 -70.8431801789387,-34.4638186127253,-113.997 -70.8431884496563,-34.4638198328985,-113.997 -70.84319639510061,-34.4638220928412,-113.997 -70.8432038259385,-34.4638253387009,-113.997 -70.8432105650993,-34.4638294931315,-113.997 -70.84321645199449,-34.4638344571364,-113.997 
			</coordinates>
		</LineString>
		<LineString>
			<coordinates>
				-70.845295046893,-34.4698645482728,-113.997 -70.845293118878,-34.4698602302762,-113.997 -70.845291641199,-34.4698557921361,-113.997 -70.8452906245607,-34.4698512660032,-113.997 -70.8452900763278,-34.469846684666,-113.997 -70.84529000047161,-34.4698420813127,-113.997 -70.8452903975417,-34.4698374892911,-113.997 -70.8452912646615,-34.4698329418666,-113.997 -70.8452925955492,-34.469828471982,-113.997 -70.8452943805636,-34.4698241120181,-113.997 
			</coordinates>
		</LineString>
		<LineString>
			<coordinates>
				-70.84087271605181,-34.4675790631431,-113.997 -70.8408424132022,-34.4676219653485,-113.997 -70.84078758858359,-34.4676421814189,-113.997 -70.84072881705529,-34.4676321245599,-113.997 -70.8406881547065,-34.4675955689608,-113.997 -70.84068086148039,-34.4675462333903,-113.997 -70.84070967435819,-34.4675026327258,-113.997 -70.84076378028441,-34.467481129599,-113.997 -70.8408228741802,-34.4674897937794,-113.997 -70.840864779079,-34.4675253737408,-113.997 
			</coordinates>
		</LineString>
		<LineString>
			<coordinates>
				-70.8418443735108,-34.4644411141261,-113.997 -70.8418376268107,-34.4644904973452,-113.997 -70.8417973794224,-34.4645273579159,-113.997 -70.8417387321482,-34.4645378657386,-113.997 -70.84168368947969,-34.4645180782695,-113.997 -70.84165290345121,-34.4644754197771,-113.997 -70.84165792494881,-34.4644258957374,-113.997 -70.84169686985349,-34.4643880875558,-113.997 -70.84175512603539,-34.4643761808309,-113.997 -70.8418108358358,-34.4643946429507,-113.997 
			</coordinates>
		</LineString>
		<LineString>
			<coordinates>
				-70.8370143219954,-34.4700472317785,-113.997 -70.83700706578099,-34.4700471066533,-113.997 -70.83699996988609,-34.4700458441593,-113.997 -70.83699329183079,-34.4700434901144,-113.997 -70.8369872739713,-34.47004012995,-113.997 -70.8369821347041,-34.4700358856114,-113.997 -70.8369780605404,-34.4700309111315,-113.997 -70.836975199337,-34.4700253870413,-113.997 -70.8369736549309,-34.4700195138176,-113.997 -70.8369734833703,-34.470013504608,-113.997 
			</coordinates>
		</LineString>
		<LineString>
			<coordinates>
				-70.8507271236281,-34.4804224578066,-113.997 -70.85079298435031,-34.480453313916,-113.997 -70.8508237469624,-34.480510564674,-113.997 -70.8508073351893,-34.4805717356627,-113.997 -70.8507501915805,-34.4806128134912,-113.997 -70.85067474852789,-34.4806176725475,-113.997 -70.8506106221588,-34.480584405344,-113.997 -70.8505829860607,-34.4805260713363,-113.997 -70.8506026890405,-34.4804655702387,-113.997 -70.850661996388,-34.4804266524396,-113.997 
			</coordinates>
		</LineString>
		<LineString>
			<coordinates>
				-70.85032777592809,-34.4761424273906,-113.997 -70.8502625564056,-34.4761106547936,-113.997 -70.8502329669187,-34.4760529815444,-113.997 -70.8502506232813,-34.4759920483171,-113.997 -70.8503085940978,-34.4759517755059,-113.997 -70.850384121918,-34.4759479728737,-113.997 -70.8504475570562,-34.475982133203,-113.997 -70.85047399697341,-34.4760408462879,-113.997 -70.8504530621514,-34.4761010633014,-113.997 -70.8503929708455,-34.4761391449803,-113.997 
			</coordinates>
		</LineString>
		<LineString>
			<coordinates>
				-70.85313897873949,-34.4740772674782,-113.997 -70.8532143126469,-34.4740831275597,-113.997 -70.85327064944209,-34.4741249592621,-113.997 -70.8532858731396,-34.4741863408511,-113.997 -70.85325400732989,-34.4742431759226,-113.997 -70.8531875614364,-34.4742731528453,-113.997 -70.8531126200057,-34.4742645036197,-113.997 -70.8530586026973,-34.4742206236579,-113.997 -70.85304671495879,-34.4741587388449,-113.997 -70.85308162344781,-34.474103143164,-113.997 
			</coordinates>
		</LineString>
		<LineString>
			<coordinates>
				-70.84305089504321,-34.4668778,-113.997 -70.8429915522898,-34.4668852034728,-113.997 -70.8429381319531,-34.4668625557473,-113.997 -70.8429106818861,-34.4668183561787,-113.997 -70.8429195036407,-34.4667691921948,-113.997 -70.8429612864969,-34.4667335142676,-113.997 -70.8430203499958,-34.4667247117445,-113.997 -70.84307452857649,-34.4667460880655,-113.997 -70.8431034898978,-34.4667896210462,-113.997 -70.8430963651993,-34.4668389734568,-113.997 
			</coordinates>
		</LineString>
		<LineString>
			<coordinates>
				-70.84296312676869,-34.4750871738674,-113.997 -70.8429636566641,-34.4750937810119,-113.997 -70.8429627187782,-34.4751003570029,-113.997 -70.8429603447359,-34.4751066800996,-113.997 -70.8429566145892,-34.4751125370885,-113.997 -70.8429516541172,-34.4751177304733,-113.997 -70.842945630586,-34.4751220851341,-113.997 -70.8429387471073,-34.4751254542327,-113.997 -70.8429312357907,-34.4751277241636,-113.997 -70.84292334991621,-34.4751288183852,-113.997 
			</coordinates>
		</LineString>
		<LineString>
			<coordinates>
				-70.8429333692098,-34.4751816861567,-113.997 -70.8429324538797,-34.4751818869227,-113.997 -70.84293153349449,-34.4751820711581,-113.997 -70.8429306084894,-34.4751822387758,-113.997 -70.8429296793019,-34.4751823896966,-113.997 -70.8429287463712,-34.475182523849,-113.997 -70.8429278101387,-34.4751826411698,-113.997 -70.8429268710471,-34.4751827416033,-113.997 -70.8429259295403,-34.475182825102,-113.997 -70.84292498606369,-34.4751828916266,-113.997 
			</coordinates>
		</LineString>
		<LineString>
			<coordinates>
				-70.8516729273895,-34.4789375318672,-113.997 -70.8516602250595,-34.4789667207046,-113.997 -70.8516302435512,-34.4789853273777,-113.997 -70.8515928475164,-34.4789872298289,-113.997 -70.85156034118199,-34.4789718021033,-113.997 -70.851543419935,-34.4789441203053,-113.997 -70.8515476512665,-34.478913292428,-113.997 -70.8515716429448,-34.478889461593,-113.997 -70.8516075011182,-34.4788804687175,-113.997 -70.85164342758971,-34.4788892726713,-113.997 
			</coordinates>
		</LineString>
		<LineString>
			<coordinates>
				-70.8515890912123,-34.477929816847,-113.997 -70.8515692530124,-34.4779561369783,-113.997 -70.8515352133487,-34.4779690995199,-113.997 -70.8514981721751,-34.4779644394488,-113.997 -70.8514703170281,-34.4779436900521,-113.997 -70.8514608129839,-34.4779136784331,-113.997 -70.8514727871043,-34.4778842792053,-113.997 -70.8515022995729,-34.4778651654807,-113.997 -70.85153964001771,-34.4778626261669,-113.997 -70.8515725224733,-34.4778774967626,-113.997 
			</coordinates>
		</LineString>
		<LineString>
			<coordinates>
				-70.8404673383035,-34.4667514888557,-113.997 -70.8405214627379,-34.4667729592045,-113.997 -70.84055031386281,-34.4668165424088,-113.997 -70.84054306427289,-34.4668658823906,-113.997 -70.8405024345724,-34.4669024626197,-113.997 -70.8404436724478,-34.4669125550837,-113.997 -70.8403888304574,-34.4668923722273,-113.997 -70.8403584899833,-34.4668494883771,-113.997 -70.8403640373073,-34.4667999971935,-113.997 -70.840403390551,-34.4667624719437,-113.997 
			</coordinates>
		</LineString>
		<LineString>
			<coordinates>
				-70.8486099055103,-34.4768102861038,-113.997 -70.84857801909131,-34.4767939929783,-113.997 -70.8485621910089,-34.4767658693742,-113.997 -70.84856762972269,-34.4767351697996,-113.997 -70.8485925455207,-34.4767119964164,-113.997 -70.8486287394755,-34.4767039747719,-113.997 -70.8486643014302,-34.4767137445056,-113.997 -70.84868752919679,-34.4767380907415,-113.997 -70.8486907793197,-34.4767690019868,-113.997 -70.848672982276,-34.4767963064256,-113.997 
			</coordinates>
		</LineString>
		<LineString>
			<coordinates>
				-70.8473113111599,-34.476525418898,-113.038 -70.8473388411027,-34.4765043904874,-113.038 -70.847375794187,-34.4764993431317,-113.038 -70.8474100203691,-34.4765119363825,-113.038 -70.84743026619761,-34.4765380296225,-113.038 -70.8474298748971,-34.4765690434806,-113.038 -70.8474089751054,-34.4765947806941,-113.038 -70.8473744386021,-34.4766067789373,-113.038 -70.8473376208985,-34.4766010932172,-113.038 -70.8473106275634,-34.4765795929835,-113.038 
			</coordinates>
		</LineString>
		<LineString>
			<coordinates>
				-70.8440168792544,-34.4765082766651,-113.997 -70.8439860773241,-34.4764906385194,-113.997 -70.84397203691449,-34.4764618883281,-113.997 -70.8439793733871,-34.4764314768854,-113.997 -70.8440056750707,-34.4764094010647,-113.997 -70.8440422960513,-34.4764029176405,-113.997 -70.84407719826569,-34.4764141578455,-113.997 -70.84409890864249,-34.4764394267943,-113.997 -70.8441002905211,-34.4764704180636,-113.997 -70.8440808896287,-34.476496944177,-113.997 
			</coordinates>
		</LineString>
		<LineString>
			<coordinates>
				-70.8390036229672,-34.4726613286117,-113.997 -70.83897834752349,-34.4726842298844,-113.997 -70.8389420347395,-34.4726918610805,-113.997 -70.8389066323917,-34.4726817113523,-113.997 -70.8388837887005,-34.4726571202031,-113.997 -70.8388810197722,-34.4726261787068,-113.997 -70.838899236629,-34.4725990673442,-113.997 -70.8389324454851,-34.4725847063836,-113.997 -70.8389697198574,-34.4725878209109,-113.997 -70.83899879562119,-34.4726073861742,-113.997 
			</coordinates>
		</LineString>
	</MultiGeometry>
	<atom:link rel="app" href="https://www.google.com/earth/about/versions/#earth-pro" title="Google Earth Pro 7.3.7.1155"></atom:link>
</Placemark>
</kml>