{"type":"FeatureCollection","features":[{"type":"Feature","id":0,"properties":{},"geometry":{"type":"LineString","coordinates":[[-70.84384,-34.46757],[-70.84377,-34.46763]]}},{"type":"Feature","id":1,"properties":{},"geometry":{"type":"LineString","coordinates":[[-70.84377,-34.46763],[-70.84370000000001,-34.467690000000005]]}},{"type":"Feature","id":2,"properties":{},"geometry":{"type":"LineString","coordinates":[[-70.84370000000001,-34.467690000000005],[-70.84364000000001,-34.46773]]}},{"type":"Feature","id":3,"properties":{},"geometry":{"type":"LineString","coordinates":[[-70.84364000000001,-34.46773],[-70.84359,-34.46777]]}},{"type":"Feature","id":4,"properties":{},"geometry":{"type":"LineString","coordinates":[[-70.84359,-34.46777],[-70.84352000000001,-34.46783]]}},{"type":"Feature","id":5,"properties":{},"geometry":{"type":"LineString","coordinates":[[-70.84352000000001,-34.46783],[-70.84346000000001,-34.46788]]}},{"type":"Feature","id":6,"properties":{},"geometry":{"type":"LineString","coordinates":[[-70.84346000000001,-34.46788],[-70.84339,-34.46793]]}},{"type":"Feature","id":7,"properties":{},"geometry":{"type":"LineString","coordinates":[[-70.84339,-34.46793],[-70.84333000000001,-34.467980000000004]]}},{"type":"Feature","id":8,"properties":{},"geometry":{"type":"LineString","coordinates":[[-70.84333000000001,-34.467980000000004],[-70.84327,-34.468030000000006]]}},{"type":"Feature","id":9,"properties":{},"geometry":{"type":"LineString","coordinates":[[-70.84327,-34.468030000000006],[-70.84320000000001,-34.46808]]}},{"type":"Feature","id":10,"properties":{},"geometry":{"type":"LineString","coordinates":[[-70.84320000000001,-34.46808],[-70.84314,-34.46813]]}},{"type":"Feature","id":11,"properties":{},"geometry":{"type":"LineString","coordinates":[[-70.84314,-34.46813],[-70.84270000000001,-34.468450000000004]]}},{"type":"Feature","id":12,"properties":{},"geometry":{"type":"LineString","coordinates":[[-70.85565000000001,-34.48059],[-70.85618000000001,-34.481370000000005]]}},{"type":"Feature","id":13,"properties":{},"geometry":{"type":"LineString","coordinates":[[-70.85558,-34.480610000000006],[-70.85508,-34.480740000000004]]}},{"type":"Feature","id":14,"properties":{},"geometry":{"type":"LineString","coordinates":[[-70.85481,-34.48082],[-70.85424,-34.480970000000006]]}},{"type":"Feature","id":15,"properties":{},"geometry":{"type":"LineString","coordinates":[[-70.84282,-34.46688],[-70.84261000000001,-34.466730000000005]]}},{"type":"Feature","id":16,"properties":{},"geometry":{"type":"LineString","coordinates":[[-70.84261000000001,-34.466730000000005],[-70.84249000000001,-34.46663]]}},{"type":"Feature","id":17,"properties":{},"geometry":{"type":"LineString","coordinates":[[-70.84249000000001,-34.46663],[-70.84239000000001,-34.466550000000005]]}},{"type":"Feature","id":18,"properties":{},"geometry":{"type":"LineString","coordinates":[[-70.84239000000001,-34.466550000000005],[-70.84227,-34.46645]]}},{"type":"Feature","id":19,"properties":{},"geometry":{"type":"LineString","coordinates":[[-70.84227,-34.46645],[-70.84217000000001,-34.466370000000005]]}},{"type":"Feature","id":20,"properties":{},"geometry":{"type":"LineString","coordinates":[[-70.84217000000001,-34.466370000000005],[-70.84208000000001,-34.466280000000005]]}},{"type":"Feature","id":21,"properties":{},"geometry":{"type":"LineString","coordinates":[[-70.84392000000001,-34.465970000000006],[-70.84301,-34.46672]]}},{"type":"Feature","id":22,"properties":{},"geometry":{"type":"LineString","coordinates":[[-70.84291,-34.46681],[-70.84187,-34.467670000000005]]}},{"type":"Feature","id":23,"properties":{},"geometry":{"type":"LineString","coordinates":[[-70.83701,-34.459270000000004],[-70.83833,-34.459540000000004]]}},{"type":"Feature","id":24,"properties":{},"geometry":{"type":"LineString","coordinates":[[-70.83747000000001,-34.46904],[-70.83737,-34.46938]]}},{"type":"Feature","id":25,"properties":{},"geometry":{"type":"LineString","coordinates":[[-70.83751000000001,-34.468990000000005],[-70.83747000000001,-34.46904]]}},{"type":"Feature","id":26,"properties":{},"geometry":{"type":"LineString","coordinates":[[-70.83767,-34.46884],[-70.83751000000001,-34.468990000000005]]}},{"type":"Feature","id":27,"properties":{},"geometry":{"type":"LineString","coordinates":[[-70.84182000000001,-34.46318],[-70.84125,-34.46345]]}},{"type":"Feature","id":28,"properties":{},"geometry":{"type":"LineString","coordinates":[[-70.84725,-34.46846],[-70.84642000000001,-34.46885]]}},{"type":"Feature","id":29,"properties":{},"geometry":{"type":"LineString","coordinates":[[-70.83803,-34.47169],[-70.83789,-34.47171]]}},{"type":"Feature","id":30,"properties":{},"geometry":{"type":"LineString","coordinates":[[-70.83749,-34.47185],[-70.83741,-34.47189]]}},{"type":"Feature","id":31,"properties":{},"geometry":{"type":"LineString","coordinates":[[-70.84923,-34.475820000000006],[-70.84912,-34.47574]]}},{"type":"Feature","id":32,"properties":{},"geometry":{"type":"LineString","coordinates":[[-70.84912,-34.47574],[-70.84898000000001,-34.47561]]}},{"type":"Feature","id":33,"properties":{},"geometry":{"type":"LineString","coordinates":[[-70.84898000000001,-34.47561],[-70.84898000000001,-34.47547]]}},{"type":"Feature","id":34,"properties":{},"geometry":{"type":"LineString","coordinates":[[-70.85161000000001,-34.47395],[-70.85251000000001,-34.47374]]}},{"type":"Feature","id":35,"properties":{},"geometry":{"type":"LineString","coordinates":[[-70.84868,-34.47683],[-70.85000000000001,-34.47677]]}},{"type":"Feature","id":36,"properties":{},"geometry":{"type":"LineString","coordinates":[[-70.84865,-34.476710000000004],[-70.84883,-34.47623]]}},{"type":"Feature","id":37,"properties":{},"geometry":{"type":"LineString","coordinates":[[-70.85036000000001,-34.47655],[-70.85072000000001,-34.476580000000006]]}},{"type":"Feature","id":38,"properties":{},"geometry":{"type":"LineString","coordinates":[[-70.85272,-34.477610000000006],[-70.85157000000001,-34.477880000000006]]}},{"type":"Feature","id":39,"properties":{},"geometry":{"type":"LineString","coordinates":[[-70.83898,-34.45792],[-70.8386,-34.45881]]}},{"type":"Feature","id":40,"properties":{},"geometry":{"type":"LineString","coordinates":[[-70.8386,-34.45881],[-70.83859000000001,-34.45891]]}},{"type":"Feature","id":41,"properties":{},"geometry":{"type":"LineString","coordinates":[[-70.83859000000001,-34.45891],[-70.83864000000001,-34.45895]]}},{"type":"Feature","id":42,"properties":{},"geometry":{"type":"LineString","coordinates":[[-70.83864000000001,-34.45895],[-70.83873000000001,-34.459120000000006]]}},{"type":"Feature","id":43,"properties":{},"geometry":{"type":"LineString","coordinates":[[-70.83873000000001,-34.459120000000006],[-70.83896,-34.459300000000006]]}},{"type":"Feature","id":44,"properties":{},"geometry":{"type":"LineString","coordinates":[[-70.83896,-34.459300000000006],[-70.83899000000001,-34.45933]]}},{"type":"Feature","id":45,"properties":{},"geometry":{"type":"LineString","coordinates":[[-70.83899000000001,-34.45933],[-70.83904000000001,-34.459360000000004]]}},{"type":"Feature","id":46,"properties":{},"geometry":{"type":"LineString","coordinates":[[-70.83904000000001,-34.459360000000004],[-70.83914,-34.4594]]}},{"type":"Feature","id":47,"properties":{},"geometry":{"type":"LineString","coordinates":[[-70.83914,-34.4594],[-70.83921000000001,-34.45955]]}},{"type":"Feature","id":48,"properties":{},"geometry":{"type":"LineString","coordinates":[[-70.83921000000001,-34.45955],[-70.83925,-34.4598]]}},{"type":"Feature","id":49,"properties":{},"geometry":{"type":"LineString","coordinates":[[-70.83925,-34.4598],[-70.83922000000001,-34.45989]]}},{"type":"Feature","id":50,"properties":{},"geometry":{"type":"LineString","coordinates":[[-70.83922000000001,-34.45989],[-70.8392,-34.46004]]}},{"type":"Feature","id":51,"properties":{},"geometry":{"type":"LineString","coordinates":[[-70.8392,-34.46004],[-70.83926000000001,-34.46027]]}},{"type":"Feature","id":52,"properties":{},"geometry":{"type":"LineString","coordinates":[[-70.83926000000001,-34.46027],[-70.83940000000001,-34.460550000000005]]}},{"type":"Feature","id":53,"properties":{},"geometry":{"type":"LineString","coordinates":[[-70.83940000000001,-34.460550000000005],[-70.83962000000001,-34.46067]]}},{"type":"Feature","id":54,"properties":{},"geometry":{"type":"LineString","coordinates":[[-70.83962000000001,-34.46067],[-70.8401,-34.461020000000005]]}},{"type":"Feature","id":55,"properties":{},"geometry":{"type":"LineString","coordinates":[[-70.8401,-34.461020000000005],[-70.84015000000001,-34.461040000000004]]}},{"type":"Feature","id":56,"properties":{},"geometry":{"type":"LineString","coordinates":[[-70.84015000000001,-34.461040000000004],[-70.8403,-34.46106]]}},{"type":"Feature","id":57,"properties":{},"geometry":{"type":"LineString","coordinates":[[-70.8403,-34.46106],[-70.84024000000001,-34.461180000000006]]}},{"type":"Feature","id":58,"properties":{},"geometry":{"type":"LineString","coordinates":[[-70.84024000000001,-34.461180000000006],[-70.84020000000001,-34.46125]]}},{"type":"Feature","id":59,"properties":{},"geometry":{"type":"LineString","coordinates":[[-70.84020000000001,-34.46125],[-70.84019,-34.46126]]}},{"type":"Feature","id":60,"properties":{},"geometry":{"type":"LineString","coordinates":[[-70.83656,-34.45899],[-70.83812,-34.45891]]}},{"type":"Feature","id":61,"properties":{},"geometry":{"type":"LineString","coordinates":[[-70.84003,-34.469370000000005],[-70.83865,-34.469060000000006]]}},{"type":"Feature","id":62,"properties":{},"geometry":{"type":"LineString","coordinates":[[-70.83965,-34.46603],[-70.83969,-34.46614]]}},{"type":"Feature","id":63,"properties":{},"geometry":{"type":"LineString","coordinates":[[-70.84108,-34.4662],[-70.84103,-34.46627]]}},{"type":"Feature","id":64,"properties":{},"geometry":{"type":"LineString","coordinates":[[-70.84227,-34.468030000000006],[-70.84219,-34.46795]]}},{"type":"Feature","id":65,"properties":{},"geometry":{"type":"LineString","coordinates":[[-70.84219,-34.46795],[-70.84216,-34.46791]]}},{"type":"Feature","id":66,"properties":{},"geometry":{"type":"LineString","coordinates":[[-70.84216,-34.46791],[-70.84197,-34.467780000000005]]}},{"type":"Feature","id":67,"properties":{},"geometry":{"type":"LineString","coordinates":[[-70.84197,-34.467780000000005],[-70.84183,-34.467620000000004]]}},{"type":"Feature","id":68,"properties":{},"geometry":{"type":"LineString","coordinates":[[-70.84183,-34.467620000000004],[-70.84173000000001,-34.467510000000004]]}},{"type":"Feature","id":69,"properties":{},"geometry":{"type":"LineString","coordinates":[[-70.84173000000001,-34.467510000000004],[-70.84166,-34.46734]]}},{"type":"Feature","id":70,"properties":{},"geometry":{"type":"LineString","coordinates":[[-70.84166,-34.46734],[-70.84159000000001,-34.467130000000004]]}},{"type":"Feature","id":71,"properties":{},"geometry":{"type":"LineString","coordinates":[[-70.84159000000001,-34.467130000000004],[-70.84155000000001,-34.46708]]}},{"type":"Feature","id":72,"properties":{},"geometry":{"type":"LineString","coordinates":[[-70.84155000000001,-34.46708],[-70.84153,-34.467020000000005]]}},{"type":"Feature","id":73,"properties":{},"geometry":{"type":"LineString","coordinates":[[-70.84153,-34.467020000000005],[-70.84150000000001,-34.46694]]}},{"type":"Feature","id":74,"properties":{},"geometry":{"type":"LineString","coordinates":[[-70.84150000000001,-34.46694],[-70.84134,-34.46669]]}},{"type":"Feature","id":75,"properties":{},"geometry":{"type":"LineString","coordinates":[[-70.84134,-34.46669],[-70.84132000000001,-34.46663]]}},{"type":"Feature","id":76,"properties":{},"geometry":{"type":"LineString","coordinates":[[-70.84132000000001,-34.46663],[-70.8413,-34.466550000000005]]}},{"type":"Feature","id":77,"properties":{},"geometry":{"type":"LineString","coordinates":[[-70.8413,-34.466550000000005],[-70.84128000000001,-34.466460000000005]]}},{"type":"Feature","id":78,"properties":{},"geometry":{"type":"LineString","coordinates":[[-70.84128000000001,-34.466460000000005],[-70.84122,-34.466370000000005]]}},{"type":"Feature","id":79,"properties":{},"geometry":{"type":"LineString","coordinates":[[-70.84122,-34.466370000000005],[-70.84113,-34.466330000000006]]}},{"type":"Feature","id":80,"properties":{},"geometry":{"type":"LineString","coordinates":[[-70.84113,-34.466330000000006],[-70.84103,-34.46627]]}},{"type":"Feature","id":81,"properties":{},"geometry":{"type":"LineString","coordinates":[[-70.84108,-34.4662],[-70.84102,-34.466100000000004]]}},{"type":"Feature","id":82,"properties":{},"geometry":{"type":"LineString","coordinates":[[-70.84102,-34.466100000000004],[-70.84094,-34.466060000000006]]}},{"type":"Feature","id":83,"properties":{},"geometry":{"type":"LineString","coordinates":[[-70.84094,-34.466060000000006],[-70.84091000000001,-34.465970000000006]]}},{"type":"Feature","id":84,"properties":{},"geometry":{"type":"LineString","coordinates":[[-70.84091000000001,-34.465970000000006],[-70.8409,-34.46589]]}},{"type":"Feature","id":85,"properties":{},"geometry":{"type":"LineString","coordinates":[[-70.8409,-34.46589],[-70.84089,-34.4658]]}},{"type":"Feature","id":86,"properties":{},"geometry":{"type":"LineString","coordinates":[[-70.84089,-34.4658],[-70.84085,-34.465700000000005]]}},{"type":"Feature","id":87,"properties":{},"geometry":{"type":"LineString","coordinates":[[-70.84085,-34.465700000000005],[-70.84084,-34.465610000000005]]}},{"type":"Feature","id":88,"properties":{},"geometry":{"type":"LineString","coordinates":[[-70.84084,-34.465610000000005],[-70.84081,-34.465500000000006]]}},{"type":"Feature","id":89,"properties":{},"geometry":{"type":"LineString","coordinates":[[-70.84081,-34.465500000000006],[-70.84078000000001,-34.465410000000006]]}},{"type":"Feature","id":90,"properties":{},"geometry":{"type":"LineString","coordinates":[[-70.84078000000001,-34.465410000000006],[-70.84069000000001,-34.465320000000006]]}},{"type":"Feature","id":91,"properties":{},"geometry":{"type":"LineString","coordinates":[[-70.84069000000001,-34.465320000000006],[-70.84071,-34.465250000000005]]}},{"type":"Feature","id":92,"properties":{},"geometry":{"type":"LineString","coordinates":[[-70.84071,-34.465250000000005],[-70.84064000000001,-34.465180000000004]]}},{"type":"Feature","id":93,"properties":{},"geometry":{"type":"LineString","coordinates":[[-70.84064000000001,-34.465180000000004],[-70.84054,-34.46515]]}},{"type":"Feature","id":94,"properties":{},"geometry":{"type":"LineString","coordinates":[[-70.84054,-34.46515],[-70.84042000000001,-34.465090000000004]]}},{"type":"Feature","id":95,"properties":{},"geometry":{"type":"LineString","coordinates":[[-70.84042000000001,-34.465090000000004],[-70.84034000000001,-34.465050000000005]]}},{"type":"Feature","id":96,"properties":{},"geometry":{"type":"LineString","coordinates":[[-70.84034000000001,-34.465050000000005],[-70.84029000000001,-34.46495]]}},{"type":"Feature","id":97,"properties":{},"geometry":{"type":"LineString","coordinates":[[-70.84029000000001,-34.46495],[-70.84026,-34.46486]]}},{"type":"Feature","id":98,"properties":{},"geometry":{"type":"LineString","coordinates":[[-70.84026,-34.46486],[-70.84018,-34.46482]]}},{"type":"Feature","id":99,"properties":{},"geometry":{"type":"LineString","coordinates":[[-70.84018,-34.46482],[-70.84011000000001,-34.46479]]}},{"type":"Feature","id":100,"properties":{},"geometry":{"type":"LineString","coordinates":[[-70.84370000000001,-34.468970000000006],[-70.84432000000001,-34.468450000000004]]}},{"type":"Feature","id":101,"properties":{},"geometry":{"type":"LineString","coordinates":[[-70.84440000000001,-34.474430000000005],[-70.84454000000001,-34.47518]]}},{"type":"Feature","id":102,"properties":{},"geometry":{"type":"LineString","coordinates":[[-70.84418000000001,-34.48037],[-70.84424,-34.480360000000005]]}},{"type":"Feature","id":103,"properties":{},"geometry":{"type":"LineString","coordinates":[[-70.84424,-34.480360000000005],[-70.84482000000001,-34.48031]]}},{"type":"Feature","id":104,"properties":{},"geometry":{"type":"LineString","coordinates":[[-70.84482000000001,-34.48031],[-70.84489,-34.4803]]}},{"type":"Feature","id":105,"properties":{},"geometry":{"type":"LineString","coordinates":[[-70.84489,-34.4803],[-70.84518,-34.480290000000004]]}},{"type":"Feature","id":106,"properties":{},"geometry":{"type":"LineString","coordinates":[[-70.84522000000001,-34.480250000000005],[-70.84452,-34.47805]]}},{"type":"Feature","id":107,"properties":{},"geometry":{"type":"LineString","coordinates":[[-70.84452,-34.47805],[-70.84410000000001,-34.47674]]}},{"type":"Feature","id":108,"properties":{},"geometry":{"type":"LineString","coordinates":[[-70.84416,-34.47673],[-70.84458000000001,-34.478030000000004]]}},{"type":"Feature","id":109,"properties":{},"geometry":{"type":"LineString","coordinates":[[-70.84458000000001,-34.478030000000004],[-70.84530000000001,-34.48026]]}},{"type":"Feature","id":110,"properties":{},"geometry":{"type":"LineString","coordinates":[[-70.84534000000001,-34.480290000000004],[-70.84545,-34.48028]]}},{"type":"Feature","id":111,"properties":{},"geometry":{"type":"LineString","coordinates":[[-70.84968,-34.480140000000006],[-70.84915000000001,-34.48017]]}},{"type":"Feature","id":112,"properties":{},"geometry":{"type":"LineString","coordinates":[[-70.84915000000001,-34.48017],[-70.84821000000001,-34.4802]]}},{"type":"Feature","id":113,"properties":{},"geometry":{"type":"LineString","coordinates":[[-70.84821000000001,-34.4802],[-70.84752,-34.480230000000006]]}},{"type":"Feature","id":114,"properties":{},"geometry":{"type":"LineString","coordinates":[[-70.83807,-34.46985],[-70.83814000000001,-34.469730000000006]]}},{"type":"Feature","id":115,"properties":{},"geometry":{"type":"LineString","coordinates":[[-70.83814000000001,-34.469730000000006],[-70.83822,-34.46963]]}},{"type":"Feature","id":116,"properties":{},"geometry":{"type":"LineString","coordinates":[[-70.83822,-34.46963],[-70.83824,-34.46961]]}},{"type":"Feature","id":117,"properties":{},"geometry":{"type":"LineString","coordinates":[[-70.83829,-34.46956],[-70.8383,-34.46954]]}},{"type":"Feature","id":118,"properties":{},"geometry":{"type":"LineString","coordinates":[[-70.8383,-34.46954],[-70.83837000000001,-34.46947]]}},{"type":"Feature","id":119,"properties":{},"geometry":{"type":"LineString","coordinates":[[-70.83837000000001,-34.46947],[-70.83843,-34.469390000000004]]}},{"type":"Feature","id":120,"properties":{},"geometry":{"type":"LineString","coordinates":[[-70.83843,-34.469390000000004],[-70.83848,-34.46931]]}},{"type":"Feature","id":121,"properties":{},"geometry":{"type":"LineString","coordinates":[[-70.83848,-34.46931],[-70.83853,-34.46923]]}},{"type":"Feature","id":122,"properties":{},"geometry":{"type":"LineString","coordinates":[[-70.83853,-34.46923],[-70.83856,-34.46916]]}},{"type":"Feature","id":123,"properties":{},"geometry":{"type":"LineString","coordinates":[[-70.83856,-34.46916],[-70.83857,-34.46914]]}},{"type":"Feature","id":124,"properties":{},"geometry":{"type":"LineString","coordinates":[[-70.83857,-34.46914],[-70.83885000000001,-34.46884]]}},{"type":"Feature","id":125,"properties":{},"geometry":{"type":"LineString","coordinates":[[-70.83885000000001,-34.46884],[-70.83887,-34.468810000000005]]}},{"type":"Feature","id":126,"properties":{},"geometry":{"type":"LineString","coordinates":[[-70.83887,-34.468810000000005],[-70.83893,-34.468720000000005]]}},{"type":"Feature","id":127,"properties":{},"geometry":{"type":"LineString","coordinates":[[-70.83893,-34.468720000000005],[-70.83900000000001,-34.468610000000005]]}},{"type":"Feature","id":128,"properties":{},"geometry":{"type":"LineString","coordinates":[[-70.83900000000001,-34.468610000000005],[-70.83905,-34.468520000000005]]}},{"type":"Feature","id":129,"properties":{},"geometry":{"type":"LineString","coordinates":[[-70.83905,-34.468520000000005],[-70.83905,-34.468500000000006]]}},{"type":"Feature","id":130,"properties":{},"geometry":{"type":"LineString","coordinates":[[-70.83905,-34.468500000000006],[-70.83908000000001,-34.46844]]}},{"type":"Feature","id":131,"properties":{},"geometry":{"type":"LineString","coordinates":[[-70.83908000000001,-34.46844],[-70.83909,-34.468410000000006]]}},{"type":"Feature","id":132,"properties":{},"geometry":{"type":"LineString","coordinates":[[-70.83909,-34.468410000000006],[-70.83909,-34.46839]]}},{"type":"Feature","id":133,"properties":{},"geometry":{"type":"LineString","coordinates":[[-70.83909,-34.46839],[-70.83911,-34.46833]]}},{"type":"Feature","id":134,"properties":{},"geometry":{"type":"LineString","coordinates":[[-70.83911,-34.46833],[-70.83913000000001,-34.46828]]}},{"type":"Feature","id":135,"properties":{},"geometry":{"type":"LineString","coordinates":[[-70.83913000000001,-34.46828],[-70.83916,-34.468230000000005]]}},{"type":"Feature","id":136,"properties":{},"geometry":{"type":"LineString","coordinates":[[-70.83916,-34.468230000000005],[-70.83917000000001,-34.4682]]}},{"type":"Feature","id":137,"properties":{},"geometry":{"type":"LineString","coordinates":[[-70.83917000000001,-34.4682],[-70.83919,-34.46815]]}},{"type":"Feature","id":138,"properties":{},"geometry":{"type":"LineString","coordinates":[[-70.83919,-34.46815],[-70.83922000000001,-34.468070000000004]]}},{"type":"Feature","id":139,"properties":{},"geometry":{"type":"LineString","coordinates":[[-70.83922000000001,-34.468070000000004],[-70.83926000000001,-34.467980000000004]]}},{"type":"Feature","id":140,"properties":{},"geometry":{"type":"LineString","coordinates":[[-70.84876000000001,-34.471740000000004],[-70.84909,-34.473710000000004]]}},{"type":"Feature","id":141,"properties":{},"geometry":{"type":"LineString","coordinates":[[-70.84909,-34.473710000000004],[-70.84913,-34.474360000000004]]}},{"type":"Feature","id":142,"properties":{},"geometry":{"type":"LineString","coordinates":[[-70.84913,-34.474360000000004],[-70.84913,-34.47437]]}},{"type":"Feature","id":143,"properties":{},"geometry":{"type":"LineString","coordinates":[[-70.84913,-34.47437],[-70.84913,-34.474380000000004]]}},{"type":"Feature","id":144,"properties":{},"geometry":{"type":"LineString","coordinates":[[-70.84913,-34.474380000000004],[-70.84912,-34.47439]]}},{"type":"Feature","id":145,"properties":{},"geometry":{"type":"LineString","coordinates":[[-70.84912,-34.47439],[-70.84911000000001,-34.47439]]}},{"type":"Feature","id":146,"properties":{},"geometry":{"type":"LineString","coordinates":[[-70.84911000000001,-34.47439],[-70.84911000000001,-34.4744]]}},{"type":"Feature","id":147,"properties":{},"geometry":{"type":"LineString","coordinates":[[-70.84911000000001,-34.4744],[-70.8491,-34.4744]]}},{"type":"Feature","id":148,"properties":{},"geometry":{"type":"LineString","coordinates":[[-70.8491,-34.4744],[-70.84904,-34.474410000000006]]}},{"type":"Feature","id":149,"properties":{},"geometry":{"type":"LineString","coordinates":[[-70.8491,-34.4744],[-70.84832,-34.47448]]}},{"type":"Feature","id":150,"properties":{},"geometry":{"type":"LineString","coordinates":[[-70.84754000000001,-34.469570000000004],[-70.84754000000001,-34.46958]]}},{"type":"Feature","id":151,"properties":{},"geometry":{"type":"LineString","coordinates":[[-70.84754000000001,-34.46958],[-70.84782000000001,-34.46996]]}},{"type":"Feature","id":152,"properties":{},"geometry":{"type":"LineString","coordinates":[[-70.84782000000001,-34.46996],[-70.84783,-34.46996]]}},{"type":"Feature","id":153,"properties":{},"geometry":{"type":"LineString","coordinates":[[-70.84783,-34.46996],[-70.84791,-34.47008]]}},{"type":"Feature","id":154,"properties":{},"geometry":{"type":"LineString","coordinates":[[-70.84791,-34.47008],[-70.84793,-34.47012]]}},{"type":"Feature","id":155,"properties":{},"geometry":{"type":"LineString","coordinates":[[-70.84793,-34.47012],[-70.84796,-34.47014]]}},{"type":"Feature","id":156,"properties":{},"geometry":{"type":"LineString","coordinates":[[-70.84796,-34.47014],[-70.84816000000001,-34.470420000000004]]}},{"type":"Feature","id":157,"properties":{},"geometry":{"type":"LineString","coordinates":[[-70.84816000000001,-34.470420000000004],[-70.84819,-34.47048]]}},{"type":"Feature","id":158,"properties":{},"geometry":{"type":"LineString","coordinates":[[-70.84819,-34.47048],[-70.84823,-34.470530000000004]]}},{"type":"Feature","id":159,"properties":{},"geometry":{"type":"LineString","coordinates":[[-70.84823,-34.470530000000004],[-70.84826000000001,-34.47057]]}},{"type":"Feature","id":160,"properties":{},"geometry":{"type":"LineString","coordinates":[[-70.84826000000001,-34.47057],[-70.84829,-34.470600000000005]]}},{"type":"Feature","id":161,"properties":{},"geometry":{"type":"LineString","coordinates":[[-70.84829,-34.470600000000005],[-70.84831000000001,-34.47063]]}},{"type":"Feature","id":162,"properties":{},"geometry":{"type":"LineString","coordinates":[[-70.84831000000001,-34.47063],[-70.84833,-34.47066]]}},{"type":"Feature","id":163,"properties":{},"geometry":{"type":"LineString","coordinates":[[-70.84833,-34.47066],[-70.84834000000001,-34.470670000000005]]}},{"type":"Feature","id":164,"properties":{},"geometry":{"type":"LineString","coordinates":[[-70.84834000000001,-34.470670000000005],[-70.84837,-34.4707]]}},{"type":"Feature","id":165,"properties":{},"geometry":{"type":"LineString","coordinates":[[-70.84837,-34.4707],[-70.84838,-34.47073]]}},{"type":"Feature","id":166,"properties":{},"geometry":{"type":"LineString","coordinates":[[-70.84838,-34.47073],[-70.84838,-34.47075]]}},{"type":"Feature","id":167,"properties":{},"geometry":{"type":"LineString","coordinates":[[-70.84838,-34.47075],[-70.84840000000001,-34.470780000000005]]}},{"type":"Feature","id":168,"properties":{},"geometry":{"type":"LineString","coordinates":[[-70.84840000000001,-34.470780000000005],[-70.84841,-34.47081]]}},{"type":"Feature","id":169,"properties":{},"geometry":{"type":"LineString","coordinates":[[-70.84841,-34.47081],[-70.84842,-34.47086]]}},{"type":"Feature","id":170,"properties":{},"geometry":{"type":"LineString","coordinates":[[-70.84842,-34.47086],[-70.84843000000001,-34.470890000000004]]}},{"type":"Feature","id":171,"properties":{},"geometry":{"type":"LineString","coordinates":[[-70.84843000000001,-34.470890000000004],[-70.84845,-34.470940000000006]]}},{"type":"Feature","id":172,"properties":{},"geometry":{"type":"LineString","coordinates":[[-70.84845,-34.470940000000006],[-70.84846,-34.47097]]}},{"type":"Feature","id":173,"properties":{},"geometry":{"type":"LineString","coordinates":[[-70.84846,-34.47097],[-70.84847,-34.470980000000004]]}},{"type":"Feature","id":174,"properties":{},"geometry":{"type":"LineString","coordinates":[[-70.84847,-34.470980000000004],[-70.84847,-34.47099]]}},{"type":"Feature","id":175,"properties":{},"geometry":{"type":"LineString","coordinates":[[-70.84847,-34.47099],[-70.84847,-34.471000000000004]]}},{"type":"Feature","id":176,"properties":{},"geometry":{"type":"LineString","coordinates":[[-70.84847,-34.471000000000004],[-70.84846,-34.47102]]}},{"type":"Feature","id":177,"properties":{},"geometry":{"type":"LineString","coordinates":[[-70.84846,-34.47102],[-70.84845,-34.47102]]}},{"type":"Feature","id":178,"properties":{},"geometry":{"type":"LineString","coordinates":[[-70.84845,-34.47102],[-70.84845,-34.471030000000006]]}},{"type":"Feature","id":179,"properties":{},"geometry":{"type":"LineString","coordinates":[[-70.84845,-34.471030000000006],[-70.84845,-34.47104]]}},{"type":"Feature","id":180,"properties":{},"geometry":{"type":"LineString","coordinates":[[-70.84845,-34.47104],[-70.84846,-34.47108]]}},{"type":"Feature","id":181,"properties":{},"geometry":{"type":"LineString","coordinates":[[-70.84846,-34.47108],[-70.84847,-34.471140000000005]]}},{"type":"Feature","id":182,"properties":{},"geometry":{"type":"LineString","coordinates":[[-70.84847,-34.471140000000005],[-70.84847,-34.471160000000005]]}},{"type":"Feature","id":183,"properties":{},"geometry":{"type":"LineString","coordinates":[[-70.84847,-34.471160000000005],[-70.84847,-34.47119]]}},{"type":"Feature","id":184,"properties":{},"geometry":{"type":"LineString","coordinates":[[-70.84847,-34.47119],[-70.84848000000001,-34.47124]]}},{"type":"Feature","id":185,"properties":{},"geometry":{"type":"LineString","coordinates":[[-70.84848000000001,-34.47124],[-70.8485,-34.4713]]}},{"type":"Feature","id":186,"properties":{},"geometry":{"type":"LineString","coordinates":[[-70.8485,-34.4713],[-70.84853000000001,-34.471360000000004]]}},{"type":"Feature","id":187,"properties":{},"geometry":{"type":"LineString","coordinates":[[-70.84853000000001,-34.471360000000004],[-70.84856,-34.47142]]}},{"type":"Feature","id":188,"properties":{},"geometry":{"type":"LineString","coordinates":[[-70.84856,-34.47142],[-70.8486,-34.47149]]}},{"type":"Feature","id":189,"properties":{},"geometry":{"type":"LineString","coordinates":[[-70.8486,-34.47149],[-70.84863,-34.47155]]}},{"type":"Feature","id":190,"properties":{},"geometry":{"type":"LineString","coordinates":[[-70.84863,-34.47155],[-70.84866000000001,-34.47162]]}},{"type":"Feature","id":191,"properties":{},"geometry":{"type":"LineString","coordinates":[[-70.84866000000001,-34.47162],[-70.84869,-34.47167]]}},{"type":"Feature","id":192,"properties":{},"geometry":{"type":"LineString","coordinates":[[-70.85064000000001,-34.47511],[-70.85181,-34.47484]]}},{"type":"Feature","id":193,"properties":{},"geometry":{"type":"LineString","coordinates":[[-70.85187,-34.47482],[-70.85304000000001,-34.474540000000005]]}},{"type":"Feature","id":194,"properties":{},"geometry":{"type":"LineString","coordinates":[[-70.84628000000001,-34.476150000000004],[-70.84629000000001,-34.476150000000004]]}},{"type":"Feature","id":195,"properties":{},"geometry":{"type":"LineString","coordinates":[[-70.84629000000001,-34.476150000000004],[-70.84759000000001,-34.47601]]}},{"type":"Feature","id":196,"properties":{},"geometry":{"type":"LineString","coordinates":[[-70.84759000000001,-34.47601],[-70.84821000000001,-34.476000000000006]]}},{"type":"Feature","id":197,"properties":{},"geometry":{"type":"LineString","coordinates":[[-70.84821000000001,-34.476000000000006],[-70.84856,-34.476110000000006]]}},{"type":"Feature","id":198,"properties":{},"geometry":{"type":"LineString","coordinates":[[-70.84561000000001,-34.466350000000006],[-70.84558000000001,-34.466300000000004]]}},{"type":"Feature","id":199,"properties":{},"geometry":{"type":"LineString","coordinates":[[-70.83784,-34.46989],[-70.83785,-34.46983]]}},{"type":"Feature","id":200,"properties":{},"geometry":{"type":"LineString","coordinates":[[-70.84339,-34.46887],[-70.84333000000001,-34.468830000000004]]}},{"type":"Feature","id":201,"properties":{},"geometry":{"type":"LineString","coordinates":[[-70.84171,-34.467580000000005],[-70.84167000000001,-34.467530000000004]]}},{"type":"Feature","id":202,"properties":{},"geometry":{"type":"LineString","coordinates":[[-70.85353,-34.474160000000005],[-70.85448000000001,-34.47359]]}},{"type":"Feature","id":203,"properties":{},"geometry":{"type":"LineString","coordinates":[[-70.85453000000001,-34.47355],[-70.85546000000001,-34.47299]]}},{"type":"Feature","id":204,"properties":{},"geometry":{"type":"LineString","coordinates":[[-70.85405,-34.47496],[-70.85486,-34.474470000000004]]}},{"type":"Feature","id":205,"properties":{},"geometry":{"type":"LineString","coordinates":[[-70.85491,-34.47444],[-70.85575,-34.47393]]}},{"type":"Feature","id":206,"properties":{},"geometry":{"type":"LineString","coordinates":[[-70.85274000000001,-34.47296],[-70.85367000000001,-34.4724]]}},{"type":"Feature","id":207,"properties":{},"geometry":{"type":"LineString","coordinates":[[-70.85372000000001,-34.472370000000005],[-70.85464,-34.47182]]}},{"type":"Feature","id":208,"properties":{},"geometry":{"type":"LineString","coordinates":[[-70.85289,-34.47176],[-70.85377000000001,-34.471230000000006]]}},{"type":"Feature","id":209,"properties":{},"geometry":{"type":"LineString","coordinates":[[-70.85245,-34.47146],[-70.85334,-34.47093]]}},{"type":"Feature","id":210,"properties":{},"geometry":{"type":"LineString","coordinates":[[-70.85202000000001,-34.47117],[-70.8529,-34.47064]]}},{"type":"Feature","id":211,"properties":{},"geometry":{"type":"LineString","coordinates":[[-70.84738,-34.468500000000006],[-70.84798,-34.468210000000006]]}},{"type":"Feature","id":212,"properties":{},"geometry":{"type":"LineString","coordinates":[[-70.84788,-34.467620000000004],[-70.84693,-34.46804]]}},{"type":"Feature","id":213,"properties":{},"geometry":{"type":"LineString","coordinates":[[-70.84735,-34.46676],[-70.84628000000001,-34.46726]]}},{"type":"Feature","id":214,"properties":{},"geometry":{"type":"LineString","coordinates":[[-70.84710000000001,-34.46636],[-70.84602000000001,-34.46687]]}},{"type":"Feature","id":215,"properties":{},"geometry":{"type":"LineString","coordinates":[[-70.84752,-34.48028],[-70.8476,-34.48028]]}},{"type":"Feature","id":216,"properties":{},"geometry":{"type":"LineString","coordinates":[[-70.8476,-34.48028],[-70.84821000000001,-34.48026]]}},{"type":"Feature","id":217,"properties":{},"geometry":{"type":"LineString","coordinates":[[-70.84821000000001,-34.48026],[-70.84915000000001,-34.48022]]}},{"type":"Feature","id":218,"properties":{},"geometry":{"type":"LineString","coordinates":[[-70.84915000000001,-34.48022],[-70.85016,-34.480180000000004]]}},{"type":"Feature","id":219,"properties":{},"geometry":{"type":"LineString","coordinates":[[-70.85074,-34.4801],[-70.851,-34.4801]]}},{"type":"Feature","id":220,"properties":{},"geometry":{"type":"LineString","coordinates":[[-70.83803,-34.471540000000005],[-70.83804,-34.47139]]}},{"type":"Feature","id":221,"properties":{},"geometry":{"type":"LineString","coordinates":[[-70.83804,-34.47139],[-70.83806,-34.471250000000005]]}},{"type":"Feature","id":222,"properties":{},"geometry":{"type":"LineString","coordinates":[[-70.83806,-34.471250000000005],[-70.83808,-34.47108]]}},{"type":"Feature","id":223,"properties":{},"geometry":{"type":"LineString","coordinates":[[-70.83808,-34.47108],[-70.83809000000001,-34.47102]]}},{"type":"Feature","id":224,"properties":{},"geometry":{"type":"LineString","coordinates":[[-70.83809000000001,-34.47102],[-70.83810000000001,-34.470870000000005]]}},{"type":"Feature","id":225,"properties":{},"geometry":{"type":"LineString","coordinates":[[-70.83810000000001,-34.470870000000005],[-70.83811,-34.47074]]}},{"type":"Feature","id":226,"properties":{},"geometry":{"type":"LineString","coordinates":[[-70.83811,-34.47074],[-70.83810000000001,-34.470690000000005]]}},{"type":"Feature","id":227,"properties":{},"geometry":{"type":"LineString","coordinates":[[-70.83810000000001,-34.470690000000005],[-70.83805000000001,-34.47046]]}},{"type":"Feature","id":228,"properties":{},"geometry":{"type":"LineString","coordinates":[[-70.83805000000001,-34.47046],[-70.83802,-34.47032]]}},{"type":"Feature","id":229,"properties":{},"geometry":{"type":"LineString","coordinates":[[-70.83802,-34.47032],[-70.83800000000001,-34.470200000000006]]}},{"type":"Feature","id":230,"properties":{},"geometry":{"type":"LineString","coordinates":[[-70.83800000000001,-34.470200000000006],[-70.83800000000001,-34.47008]]}},{"type":"Feature","id":231,"properties":{},"geometry":{"type":"LineString","coordinates":[[-70.83800000000001,-34.47008],[-70.83802,-34.469950000000004]]}},{"type":"Feature","id":232,"properties":{},"geometry":{"type":"LineString","coordinates":[[-70.83802,-34.469950000000004],[-70.83807,-34.46985]]}},{"type":"Feature","id":233,"properties":{},"geometry":{"type":"LineString","coordinates":[[-70.83691,-34.46994],[-70.83691,-34.47001]]}},{"type":"Feature","id":234,"properties":{},"geometry":{"type":"LineString","coordinates":[[-70.83702000000001,-34.4701],[-70.8378,-34.47005]]}},{"type":"Feature","id":235,"properties":{},"geometry":{"type":"LineString","coordinates":[[-70.83805000000001,-34.47164],[-70.83828000000001,-34.471650000000004]]}},{"type":"Feature","id":236,"properties":{},"geometry":{"type":"LineString","coordinates":[[-70.83828000000001,-34.471650000000004],[-70.83850000000001,-34.471630000000005]]}},{"type":"Feature","id":237,"properties":{},"geometry":{"type":"LineString","coordinates":[[-70.83850000000001,-34.471630000000005],[-70.83871,-34.471610000000005]]}},{"type":"Feature","id":238,"properties":{},"geometry":{"type":"LineString","coordinates":[[-70.83871,-34.471610000000005],[-70.83890000000001,-34.471590000000006]]}},{"type":"Feature","id":239,"properties":{},"geometry":{"type":"LineString","coordinates":[[-70.83890000000001,-34.471590000000006],[-70.83916,-34.471560000000004]]}},{"type":"Feature","id":240,"properties":{},"geometry":{"type":"LineString","coordinates":[[-70.83916,-34.471560000000004],[-70.83941,-34.47153]]}},{"type":"Feature","id":241,"properties":{},"geometry":{"type":"LineString","coordinates":[[-70.83941,-34.47153],[-70.83966000000001,-34.47151]]}},{"type":"Feature","id":242,"properties":{},"geometry":{"type":"LineString","coordinates":[[-70.83966000000001,-34.47151],[-70.83985000000001,-34.47149]]}},{"type":"Feature","id":243,"properties":{},"geometry":{"type":"LineString","coordinates":[[-70.83985000000001,-34.47149],[-70.84,-34.471470000000004]]}},{"type":"Feature","id":244,"properties":{},"geometry":{"type":"LineString","coordinates":[[-70.84023,-34.471450000000004],[-70.84032,-34.47144]]}},{"type":"Feature","id":245,"properties":{},"geometry":{"type":"LineString","coordinates":[[-70.84032,-34.47144],[-70.84055000000001,-34.47142]]}},{"type":"Feature","id":246,"properties":{},"geometry":{"type":"LineString","coordinates":[[-70.84055000000001,-34.47142],[-70.84075,-34.47139]]}},{"type":"Feature","id":247,"properties":{},"geometry":{"type":"LineString","coordinates":[[-70.84075,-34.47139],[-70.84092000000001,-34.47137]]}},{"type":"Feature","id":248,"properties":{},"geometry":{"type":"LineString","coordinates":[[-70.84092000000001,-34.47137],[-70.84115,-34.47135]]}},{"type":"Feature","id":249,"properties":{},"geometry":{"type":"LineString","coordinates":[[-70.84115,-34.47135],[-70.84139,-34.471320000000006]]}},{"type":"Feature","id":250,"properties":{},"geometry":{"type":"LineString","coordinates":[[-70.84139,-34.471320000000006],[-70.84162,-34.4713]]}},{"type":"Feature","id":251,"properties":{},"geometry":{"type":"LineString","coordinates":[[-70.84162,-34.4713],[-70.84183,-34.47128]]}},{"type":"Feature","id":252,"properties":{},"geometry":{"type":"LineString","coordinates":[[-70.84183,-34.47128],[-70.84195000000001,-34.47126]]}},{"type":"Feature","id":253,"properties":{},"geometry":{"type":"LineString","coordinates":[[-70.84515,-34.469950000000004],[-70.84496,-34.46978]]}},{"type":"Feature","id":254,"properties":{},"geometry":{"type":"LineString","coordinates":[[-70.84496,-34.46978],[-70.84454000000001,-34.469480000000004]]}},{"type":"Feature","id":255,"properties":{},"geometry":{"type":"LineString","coordinates":[[-70.84454000000001,-34.469480000000004],[-70.84438,-34.4694]]}},{"type":"Feature","id":256,"properties":{},"geometry":{"type":"LineString","coordinates":[[-70.84438,-34.4694],[-70.84397,-34.469170000000005]]}},{"type":"Feature","id":257,"properties":{},"geometry":{"type":"LineString","coordinates":[[-70.84397,-34.469170000000005],[-70.84385,-34.46911]]}},{"type":"Feature","id":258,"properties":{},"geometry":{"type":"LineString","coordinates":[[-70.84376,-34.46907],[-70.84363,-34.469]]}},{"type":"Feature","id":259,"properties":{},"geometry":{"type":"LineString","coordinates":[[-70.84363,-34.469],[-70.8434,-34.46887]]}},{"type":"Feature","id":260,"properties":{},"geometry":{"type":"LineString","coordinates":[[-70.8434,-34.46887],[-70.84339,-34.46887]]}},{"type":"Feature","id":261,"properties":{},"geometry":{"type":"LineString","coordinates":[[-70.84385,-34.46911],[-70.84088000000001,-34.46943]]}},{"type":"Feature","id":262,"properties":{},"geometry":{"type":"LineString","coordinates":[[-70.84088000000001,-34.46943],[-70.84064000000001,-34.469460000000005]]}},{"type":"Feature","id":263,"properties":{},"geometry":{"type":"LineString","coordinates":[[-70.84064000000001,-34.469460000000005],[-70.84038000000001,-34.46949]]}},{"type":"Feature","id":264,"properties":{},"geometry":{"type":"LineString","coordinates":[[-70.84038000000001,-34.46949],[-70.84003,-34.46952]]}},{"type":"Feature","id":265,"properties":{},"geometry":{"type":"LineString","coordinates":[[-70.84003,-34.46952],[-70.83976000000001,-34.469550000000005]]}},{"type":"Feature","id":266,"properties":{},"geometry":{"type":"LineString","coordinates":[[-70.83976000000001,-34.469550000000005],[-70.83939000000001,-34.469590000000004]]}},{"type":"Feature","id":267,"properties":{},"geometry":{"type":"LineString","coordinates":[[-70.83939000000001,-34.469590000000004],[-70.83926000000001,-34.4696]]}},{"type":"Feature","id":268,"properties":{},"geometry":{"type":"LineString","coordinates":[[-70.83926000000001,-34.4696],[-70.83915,-34.469620000000006]]}},{"type":"Feature","id":269,"properties":{},"geometry":{"type":"LineString","coordinates":[[-70.83915,-34.469620000000006],[-70.83895000000001,-34.46965]]}},{"type":"Feature","id":270,"properties":{},"geometry":{"type":"LineString","coordinates":[[-70.83895000000001,-34.46965],[-70.83824,-34.46961]]}},{"type":"Feature","id":271,"properties":{},"geometry":{"type":"LineString","coordinates":[[-70.84111,-34.469350000000006],[-70.8409,-34.469370000000005]]}},{"type":"Feature","id":272,"properties":{},"geometry":{"type":"LineString","coordinates":[[-70.8409,-34.469370000000005],[-70.84063,-34.4694]]}},{"type":"Feature","id":273,"properties":{},"geometry":{"type":"LineString","coordinates":[[-70.84063,-34.4694],[-70.84037000000001,-34.46943]]}},{"type":"Feature","id":274,"properties":{},"geometry":{"type":"LineString","coordinates":[[-70.84037000000001,-34.46943],[-70.84002000000001,-34.46947]]}},{"type":"Feature","id":275,"properties":{},"geometry":{"type":"LineString","coordinates":[[-70.84002000000001,-34.46947],[-70.83975000000001,-34.46949]]}},{"type":"Feature","id":276,"properties":{},"geometry":{"type":"LineString","coordinates":[[-70.83975000000001,-34.46949],[-70.83938,-34.46954]]}},{"type":"Feature","id":277,"properties":{},"geometry":{"type":"LineString","coordinates":[[-70.83938,-34.46954],[-70.83926000000001,-34.469550000000005]]}},{"type":"Feature","id":278,"properties":{},"geometry":{"type":"LineString","coordinates":[[-70.83926000000001,-34.469550000000005],[-70.83914,-34.469570000000004]]}},{"type":"Feature","id":279,"properties":{},"geometry":{"type":"LineString","coordinates":[[-70.83914,-34.469570000000004],[-70.83895000000001,-34.4696]]}},{"type":"Feature","id":280,"properties":{},"geometry":{"type":"LineString","coordinates":[[-70.83895000000001,-34.4696],[-70.83829,-34.46956]]}},{"type":"Feature","id":281,"properties":{},"geometry":{"type":"LineString","coordinates":[[-70.83903000000001,-34.47986],[-70.83905,-34.47965]]}},{"type":"Feature","id":282,"properties":{},"geometry":{"type":"LineString","coordinates":[[-70.83905,-34.47965],[-70.83906,-34.479490000000006]]}},{"type":"Feature","id":283,"properties":{},"geometry":{"type":"LineString","coordinates":[[-70.83906,-34.479490000000006],[-70.83907,-34.47937]]}},{"type":"Feature","id":284,"properties":{},"geometry":{"type":"LineString","coordinates":[[-70.83907,-34.47937],[-70.83905,-34.479150000000004]]}},{"type":"Feature","id":285,"properties":{},"geometry":{"type":"LineString","coordinates":[[-70.83905,-34.479150000000004],[-70.83905,-34.478930000000005]]}},{"type":"Feature","id":286,"properties":{},"geometry":{"type":"LineString","coordinates":[[-70.83905,-34.478930000000005],[-70.83902,-34.47874]]}},{"type":"Feature","id":287,"properties":{},"geometry":{"type":"LineString","coordinates":[[-70.83902,-34.47874],[-70.83897,-34.478480000000005]]}},{"type":"Feature","id":288,"properties":{},"geometry":{"type":"LineString","coordinates":[[-70.83897,-34.478480000000005],[-70.83899000000001,-34.47822]]}},{"type":"Feature","id":289,"properties":{},"geometry":{"type":"LineString","coordinates":[[-70.83899000000001,-34.47822],[-70.83896,-34.47809]]}},{"type":"Feature","id":290,"properties":{},"geometry":{"type":"LineString","coordinates":[[-70.83896,-34.47809],[-70.83896,-34.477880000000006]]}},{"type":"Feature","id":291,"properties":{},"geometry":{"type":"LineString","coordinates":[[-70.83896,-34.477880000000006],[-70.83890000000001,-34.47728]]}},{"type":"Feature","id":292,"properties":{},"geometry":{"type":"LineString","coordinates":[[-70.83890000000001,-34.47728],[-70.83896,-34.47686]]}},{"type":"Feature","id":293,"properties":{},"geometry":{"type":"LineString","coordinates":[[-70.83896,-34.47686],[-70.83878,-34.476220000000005]]}},{"type":"Feature","id":294,"properties":{},"geometry":{"type":"LineString","coordinates":[[-70.83878,-34.476220000000005],[-70.83857,-34.47552]]}},{"type":"Feature","id":295,"properties":{},"geometry":{"type":"LineString","coordinates":[[-70.83853,-34.4754],[-70.83840000000001,-34.474940000000004]]}},{"type":"Feature","id":296,"properties":{},"geometry":{"type":"LineString","coordinates":[[-70.83840000000001,-34.474940000000004],[-70.83818000000001,-34.47462]]}},{"type":"Feature","id":297,"properties":{},"geometry":{"type":"LineString","coordinates":[[-70.83818000000001,-34.47462],[-70.83797000000001,-34.47429]]}},{"type":"Feature","id":298,"properties":{},"geometry":{"type":"LineString","coordinates":[[-70.83797000000001,-34.47429],[-70.8378,-34.474050000000005]]}},{"type":"Feature","id":299,"properties":{},"geometry":{"type":"LineString","coordinates":[[-70.8378,-34.474050000000005],[-70.83757,-34.4737]]}},{"type":"Feature","id":300,"properties":{},"geometry":{"type":"LineString","coordinates":[[-70.83757,-34.4737],[-70.83751000000001,-34.473470000000006]]}},{"type":"Feature","id":301,"properties":{},"geometry":{"type":"LineString","coordinates":[[-70.83751000000001,-34.473470000000006],[-70.83741,-34.47328]]}},{"type":"Feature","id":302,"properties":{},"geometry":{"type":"LineString","coordinates":[[-70.83741,-34.47328],[-70.83736,-34.47292]]}},{"type":"Feature","id":303,"properties":{},"geometry":{"type":"LineString","coordinates":[[-70.83736,-34.47292],[-70.83720000000001,-34.47263]]}},{"type":"Feature","id":304,"properties":{},"geometry":{"type":"LineString","coordinates":[[-70.83720000000001,-34.47263],[-70.83728,-34.47216]]}},{"type":"Feature","id":305,"properties":{},"geometry":{"type":"LineString","coordinates":[[-70.83728,-34.47216],[-70.83733000000001,-34.472060000000006]]}},{"type":"Feature","id":306,"properties":{},"geometry":{"type":"LineString","coordinates":[[-70.83733000000001,-34.472060000000006],[-70.83741,-34.47189]]}},{"type":"Feature","id":307,"properties":{},"geometry":{"type":"LineString","coordinates":[[-70.84723000000001,-34.48024],[-70.84675,-34.48026]]}},{"type":"Feature","id":308,"properties":{},"geometry":{"type":"LineString","coordinates":[[-70.84675,-34.48026],[-70.84629000000001,-34.480270000000004]]}},{"type":"Feature","id":309,"properties":{},"geometry":{"type":"LineString","coordinates":[[-70.84629000000001,-34.480270000000004],[-70.84593000000001,-34.48028]]}},{"type":"Feature","id":310,"properties":{},"geometry":{"type":"LineString","coordinates":[[-70.84593000000001,-34.48028],[-70.84549000000001,-34.48028]]}},{"type":"Feature","id":311,"properties":{},"geometry":{"type":"LineString","coordinates":[[-70.84759000000001,-34.480610000000006],[-70.84756,-34.48059]]}},{"type":"Feature","id":312,"properties":{},"geometry":{"type":"LineString","coordinates":[[-70.84762,-34.48071],[-70.8476,-34.48073]]}},{"type":"Feature","id":313,"properties":{},"geometry":{"type":"LineString","coordinates":[[-70.84762,-34.48082],[-70.8476,-34.480740000000004]]}},{"type":"Feature","id":314,"properties":{},"geometry":{"type":"LineString","coordinates":[[-70.84749000000001,-34.480340000000005],[-70.84756,-34.48059]]}},{"type":"Feature","id":315,"properties":{},"geometry":{"type":"LineString","coordinates":[[-70.84188,-34.463210000000004],[-70.84128000000001,-34.46349]]}},{"type":"Feature","id":316,"properties":{},"geometry":{"type":"LineString","coordinates":[[-70.84657,-34.475750000000005],[-70.84831000000001,-34.47567]]}},{"type":"Feature","id":317,"properties":{},"geometry":{"type":"LineString","coordinates":[[-70.8431,-34.47661],[-70.84207,-34.47674]]}},{"type":"Feature","id":318,"properties":{},"geometry":{"type":"LineString","coordinates":[[-70.84352000000001,-34.464330000000004],[-70.84282,-34.46466]]}},{"type":"Feature","id":319,"properties":{},"geometry":{"type":"LineString","coordinates":[[-70.84042000000001,-34.46269],[-70.84042000000001,-34.46273]]}},{"type":"Feature","id":320,"properties":{},"geometry":{"type":"LineString","coordinates":[[-70.84042000000001,-34.46273],[-70.8404,-34.4628]]}},{"type":"Feature","id":321,"properties":{},"geometry":{"type":"LineString","coordinates":[[-70.8404,-34.4628],[-70.84033000000001,-34.462920000000004]]}},{"type":"Feature","id":322,"properties":{},"geometry":{"type":"LineString","coordinates":[[-70.84033000000001,-34.462920000000004],[-70.84028,-34.46305]]}},{"type":"Feature","id":323,"properties":{},"geometry":{"type":"LineString","coordinates":[[-70.84028,-34.46305],[-70.84027,-34.46318]]}},{"type":"Feature","id":324,"properties":{},"geometry":{"type":"LineString","coordinates":[[-70.84027,-34.46318],[-70.8403,-34.463300000000004]]}},{"type":"Feature","id":325,"properties":{},"geometry":{"type":"LineString","coordinates":[[-70.8403,-34.463300000000004],[-70.8404,-34.463390000000004]]}},{"type":"Feature","id":326,"properties":{},"geometry":{"type":"LineString","coordinates":[[-70.8404,-34.463390000000004],[-70.84052000000001,-34.463440000000006]]}},{"type":"Feature","id":327,"properties":{},"geometry":{"type":"LineString","coordinates":[[-70.84052000000001,-34.463440000000006],[-70.84062,-34.463530000000006]]}},{"type":"Feature","id":328,"properties":{},"geometry":{"type":"LineString","coordinates":[[-70.84062,-34.463530000000006],[-70.84067,-34.46365]]}},{"type":"Feature","id":329,"properties":{},"geometry":{"type":"LineString","coordinates":[[-70.84067,-34.46365],[-70.84068,-34.46379]]}},{"type":"Feature","id":330,"properties":{},"geometry":{"type":"LineString","coordinates":[[-70.84068,-34.46379],[-70.84068,-34.4639]]}},{"type":"Feature","id":331,"properties":{},"geometry":{"type":"LineString","coordinates":[[-70.84068,-34.4639],[-70.84067,-34.46399]]}},{"type":"Feature","id":332,"properties":{},"geometry":{"type":"LineString","coordinates":[[-70.84067,-34.46399],[-70.84065000000001,-34.464110000000005]]}},{"type":"Feature","id":333,"properties":{},"geometry":{"type":"LineString","coordinates":[[-70.84065000000001,-34.464110000000005],[-70.84063,-34.46421]]}},{"type":"Feature","id":334,"properties":{},"geometry":{"type":"LineString","coordinates":[[-70.84063,-34.46421],[-70.84060000000001,-34.464310000000005]]}},{"type":"Feature","id":335,"properties":{},"geometry":{"type":"LineString","coordinates":[[-70.84060000000001,-34.464310000000005],[-70.84056000000001,-34.46441]]}},{"type":"Feature","id":336,"properties":{},"geometry":{"type":"LineString","coordinates":[[-70.84056000000001,-34.46441],[-70.84051000000001,-34.464490000000005]]}},{"type":"Feature","id":337,"properties":{},"geometry":{"type":"LineString","coordinates":[[-70.84051000000001,-34.464490000000005],[-70.84042000000001,-34.46455]]}},{"type":"Feature","id":338,"properties":{},"geometry":{"type":"LineString","coordinates":[[-70.84042000000001,-34.46455],[-70.84033000000001,-34.46459]]}},{"type":"Feature","id":339,"properties":{},"geometry":{"type":"LineString","coordinates":[[-70.84033000000001,-34.46459],[-70.84024000000001,-34.464620000000004]]}},{"type":"Feature","id":340,"properties":{},"geometry":{"type":"LineString","coordinates":[[-70.84024000000001,-34.464620000000004],[-70.84015000000001,-34.46463]]}},{"type":"Feature","id":341,"properties":{},"geometry":{"type":"LineString","coordinates":[[-70.84015000000001,-34.46463],[-70.84008,-34.46464]]}},{"type":"Feature","id":342,"properties":{},"geometry":{"type":"LineString","coordinates":[[-70.84008,-34.46464],[-70.84001,-34.46464]]}},{"type":"Feature","id":343,"properties":{},"geometry":{"type":"LineString","coordinates":[[-70.84001,-34.46464],[-70.83999,-34.46464]]}},{"type":"Feature","id":344,"properties":{},"geometry":{"type":"LineString","coordinates":[[-70.83999,-34.46464],[-70.83996,-34.46464]]}},{"type":"Feature","id":345,"properties":{},"geometry":{"type":"LineString","coordinates":[[-70.83996,-34.46464],[-70.83993000000001,-34.464650000000006]]}},{"type":"Feature","id":346,"properties":{},"geometry":{"type":"LineString","coordinates":[[-70.83993000000001,-34.464650000000006],[-70.8399,-34.46468]]}},{"type":"Feature","id":347,"properties":{},"geometry":{"type":"LineString","coordinates":[[-70.8399,-34.46468],[-70.83985000000001,-34.46472]]}},{"type":"Feature","id":348,"properties":{},"geometry":{"type":"LineString","coordinates":[[-70.83985000000001,-34.46472],[-70.83979000000001,-34.46477]]}},{"type":"Feature","id":349,"properties":{},"geometry":{"type":"LineString","coordinates":[[-70.83979000000001,-34.46477],[-70.83974,-34.46482]]}},{"type":"Feature","id":350,"properties":{},"geometry":{"type":"LineString","coordinates":[[-70.83974,-34.46482],[-70.83969,-34.464870000000005]]}},{"type":"Feature","id":351,"properties":{},"geometry":{"type":"LineString","coordinates":[[-70.83969,-34.464870000000005],[-70.83963,-34.46492]]}},{"type":"Feature","id":352,"properties":{},"geometry":{"type":"LineString","coordinates":[[-70.83963,-34.46492],[-70.8396,-34.46495]]}},{"type":"Feature","id":353,"properties":{},"geometry":{"type":"LineString","coordinates":[[-70.8396,-34.46495],[-70.83957000000001,-34.46501]]}},{"type":"Feature","id":354,"properties":{},"geometry":{"type":"LineString","coordinates":[[-70.83957000000001,-34.46501],[-70.83954,-34.46506]]}},{"type":"Feature","id":355,"properties":{},"geometry":{"type":"LineString","coordinates":[[-70.83954,-34.46506],[-70.83951,-34.46513]]}},{"type":"Feature","id":356,"properties":{},"geometry":{"type":"LineString","coordinates":[[-70.83951,-34.46513],[-70.83949000000001,-34.46519]]}},{"type":"Feature","id":357,"properties":{},"geometry":{"type":"LineString","coordinates":[[-70.83949000000001,-34.46519],[-70.83947,-34.465250000000005]]}},{"type":"Feature","id":358,"properties":{},"geometry":{"type":"LineString","coordinates":[[-70.83947,-34.465250000000005],[-70.83945,-34.465320000000006]]}},{"type":"Feature","id":359,"properties":{},"geometry":{"type":"LineString","coordinates":[[-70.83945,-34.465320000000006],[-70.83943000000001,-34.465360000000004]]}},{"type":"Feature","id":360,"properties":{},"geometry":{"type":"LineString","coordinates":[[-70.83943000000001,-34.465360000000004],[-70.83942,-34.465430000000005]]}},{"type":"Feature","id":361,"properties":{},"geometry":{"type":"LineString","coordinates":[[-70.83942,-34.465430000000005],[-70.83943000000001,-34.46553]]}},{"type":"Feature","id":362,"properties":{},"geometry":{"type":"LineString","coordinates":[[-70.83943000000001,-34.46553],[-70.8395,-34.46575]]}},{"type":"Feature","id":363,"properties":{},"geometry":{"type":"LineString","coordinates":[[-70.8395,-34.46575],[-70.83954,-34.46582]]}},{"type":"Feature","id":364,"properties":{},"geometry":{"type":"LineString","coordinates":[[-70.83954,-34.46582],[-70.83961000000001,-34.465920000000004]]}},{"type":"Feature","id":365,"properties":{},"geometry":{"type":"LineString","coordinates":[[-70.83961000000001,-34.465920000000004],[-70.83964,-34.465990000000005]]}},{"type":"Feature","id":366,"properties":{},"geometry":{"type":"LineString","coordinates":[[-70.84133,-34.46564],[-70.84141000000001,-34.465610000000005]]}},{"type":"Feature","id":367,"properties":{},"geometry":{"type":"LineString","coordinates":[[-70.84141000000001,-34.465610000000005],[-70.84158000000001,-34.46557]]}},{"type":"Feature","id":368,"properties":{},"geometry":{"type":"LineString","coordinates":[[-70.84158000000001,-34.46557],[-70.8417,-34.465590000000006]]}},{"type":"Feature","id":369,"properties":{},"geometry":{"type":"LineString","coordinates":[[-70.8417,-34.465590000000006],[-70.84193,-34.46556]]}},{"type":"Feature","id":370,"properties":{},"geometry":{"type":"LineString","coordinates":[[-70.84133,-34.46564],[-70.84087000000001,-34.46575]]}},{"type":"Feature","id":371,"properties":{},"geometry":{"type":"LineString","coordinates":[[-70.83996,-34.468970000000006],[-70.84005,-34.46947]]}},{"type":"Feature","id":372,"properties":{},"geometry":{"type":"LineString","coordinates":[[-70.83953000000001,-34.468880000000006],[-70.83895000000001,-34.468680000000006]]}},{"type":"Feature","id":373,"properties":{},"geometry":{"type":"LineString","coordinates":[[-70.84601,-34.4692],[-70.84558000000001,-34.468770000000006]]}},{"type":"Feature","id":374,"properties":{},"geometry":{"type":"LineString","coordinates":[[-70.84822000000001,-34.4681],[-70.84798,-34.468210000000006]]}},{"type":"Feature","id":375,"properties":{},"geometry":{"type":"LineString","coordinates":[[-70.84652000000001,-34.46949],[-70.84651000000001,-34.46952]]}},{"type":"Feature","id":376,"properties":{},"geometry":{"type":"LineString","coordinates":[[-70.84651000000001,-34.46952],[-70.8465,-34.469570000000004]]}},{"type":"Feature","id":377,"properties":{},"geometry":{"type":"LineString","coordinates":[[-70.8465,-34.469570000000004],[-70.84632,-34.469710000000006]]}},{"type":"Feature","id":378,"properties":{},"geometry":{"type":"LineString","coordinates":[[-70.84632,-34.469710000000006],[-70.84620000000001,-34.46979]]}},{"type":"Feature","id":379,"properties":{},"geometry":{"type":"LineString","coordinates":[[-70.84620000000001,-34.46979],[-70.84613,-34.469820000000006]]}},{"type":"Feature","id":380,"properties":{},"geometry":{"type":"LineString","coordinates":[[-70.84613,-34.469820000000006],[-70.84595,-34.46997]]}},{"type":"Feature","id":381,"properties":{},"geometry":{"type":"LineString","coordinates":[[-70.84238,-34.47202],[-70.84003,-34.47216]]}},{"type":"Feature","id":382,"properties":{},"geometry":{"type":"LineString","coordinates":[[-70.84,-34.472010000000004],[-70.83900000000001,-34.472060000000006]]}},{"type":"Feature","id":383,"properties":{},"geometry":{"type":"LineString","coordinates":[[-70.84173000000001,-34.4752],[-70.84171,-34.475100000000005]]}},{"type":"Feature","id":384,"properties":{},"geometry":{"type":"LineString","coordinates":[[-70.84171,-34.475100000000005],[-70.84166,-34.474810000000005]]}},{"type":"Feature","id":385,"properties":{},"geometry":{"type":"LineString","coordinates":[[-70.84166,-34.474810000000005],[-70.84159000000001,-34.47449]]}},{"type":"Feature","id":386,"properties":{},"geometry":{"type":"LineString","coordinates":[[-70.84159000000001,-34.47449],[-70.84149000000001,-34.47397]]}},{"type":"Feature","id":387,"properties":{},"geometry":{"type":"LineString","coordinates":[[-70.84149000000001,-34.47397],[-70.84144,-34.4737]]}},{"type":"Feature","id":388,"properties":{},"geometry":{"type":"LineString","coordinates":[[-70.84144,-34.4737],[-70.84133,-34.47317]]}},{"type":"Feature","id":389,"properties":{},"geometry":{"type":"LineString","coordinates":[[-70.84133,-34.47317],[-70.8412,-34.47252]]}},{"type":"Feature","id":390,"properties":{},"geometry":{"type":"LineString","coordinates":[[-70.84129,-34.47251],[-70.84122,-34.472150000000006]]}},{"type":"Feature","id":391,"properties":{},"geometry":{"type":"LineString","coordinates":[[-70.84122,-34.472150000000006],[-70.84121,-34.47209]]}},{"type":"Feature","id":392,"properties":{},"geometry":{"type":"LineString","coordinates":[[-70.84254,-34.47289],[-70.84004,-34.473040000000005]]}},{"type":"Feature","id":393,"properties":{},"geometry":{"type":"LineString","coordinates":[[-70.83998000000001,-34.47305],[-70.83885000000001,-34.47312]]}},{"type":"Feature","id":394,"properties":{},"geometry":{"type":"LineString","coordinates":[[-70.84489,-34.47522],[-70.84458000000001,-34.475190000000005]]}},{"type":"Feature","id":395,"properties":{},"geometry":{"type":"LineString","coordinates":[[-70.84458000000001,-34.475190000000005],[-70.84438,-34.47518]]}},{"type":"Feature","id":396,"properties":{},"geometry":{"type":"LineString","coordinates":[[-70.84438,-34.47518],[-70.84405000000001,-34.47516]]}},{"type":"Feature","id":397,"properties":{},"geometry":{"type":"LineString","coordinates":[[-70.84405000000001,-34.47516],[-70.84375,-34.47515]]}},{"type":"Feature","id":398,"properties":{},"geometry":{"type":"LineString","coordinates":[[-70.84375,-34.47515],[-70.84346000000001,-34.47514]]}},{"type":"Feature","id":399,"properties":{},"geometry":{"type":"LineString","coordinates":[[-70.84346000000001,-34.47514],[-70.84320000000001,-34.47513]]}},{"type":"Feature","id":400,"properties":{},"geometry":{"type":"LineString","coordinates":[[-70.84320000000001,-34.47513],[-70.84307000000001,-34.475120000000004]]}},{"type":"Feature","id":401,"properties":{},"geometry":{"type":"LineString","coordinates":[[-70.84303,-34.47509],[-70.84265,-34.47314]]}},{"type":"Feature","id":402,"properties":{},"geometry":{"type":"LineString","coordinates":[[-70.84265,-34.47314],[-70.84259,-34.472820000000006]]}},{"type":"Feature","id":403,"properties":{},"geometry":{"type":"LineString","coordinates":[[-70.84259,-34.472820000000006],[-70.84254,-34.472530000000006]]}},{"type":"Feature","id":404,"properties":{},"geometry":{"type":"LineString","coordinates":[[-70.84254,-34.472530000000006],[-70.84249000000001,-34.472260000000006]]}},{"type":"Feature","id":405,"properties":{},"geometry":{"type":"LineString","coordinates":[[-70.84249000000001,-34.472260000000006],[-70.84244000000001,-34.47198]]}},{"type":"Feature","id":406,"properties":{},"geometry":{"type":"LineString","coordinates":[[-70.84244000000001,-34.47198],[-70.84238,-34.47169]]}},{"type":"Feature","id":407,"properties":{},"geometry":{"type":"LineString","coordinates":[[-70.84238,-34.47169],[-70.84234000000001,-34.47149]]}},{"type":"Feature","id":408,"properties":{},"geometry":{"type":"LineString","coordinates":[[-70.84234000000001,-34.47149],[-70.84232,-34.471410000000006]]}},{"type":"Feature","id":409,"properties":{},"geometry":{"type":"LineString","coordinates":[[-70.84232,-34.471410000000006],[-70.84228,-34.47133]]}},{"type":"Feature","id":410,"properties":{},"geometry":{"type":"LineString","coordinates":[[-70.84517000000001,-34.475260000000006],[-70.845,-34.4744]]}},{"type":"Feature","id":411,"properties":{},"geometry":{"type":"LineString","coordinates":[[-70.84942000000001,-34.47634],[-70.84922,-34.475970000000004]]}},{"type":"Feature","id":412,"properties":{},"geometry":{"type":"LineString","coordinates":[[-70.84922,-34.475970000000004],[-70.84927,-34.47594]]}},{"type":"Feature","id":413,"properties":{},"geometry":{"type":"LineString","coordinates":[[-70.84927,-34.47594],[-70.84929000000001,-34.4759]]}},{"type":"Feature","id":414,"properties":{},"geometry":{"type":"LineString","coordinates":[[-70.84929000000001,-34.4759],[-70.84928000000001,-34.47585]]}},{"type":"Feature","id":415,"properties":{},"geometry":{"type":"LineString","coordinates":[[-70.84928000000001,-34.47585],[-70.84923,-34.475820000000006]]}},{"type":"Feature","id":416,"properties":{},"geometry":{"type":"LineString","coordinates":[[-70.84957,-34.47637],[-70.84942000000001,-34.47634]]}},{"type":"Feature","id":417,"properties":{},"geometry":{"type":"LineString","coordinates":[[-70.84988,-34.476470000000006],[-70.8499,-34.4765]]}},{"type":"Feature","id":418,"properties":{},"geometry":{"type":"LineString","coordinates":[[-70.84988,-34.476470000000006],[-70.84961000000001,-34.476470000000006]]}},{"type":"Feature","id":419,"properties":{},"geometry":{"type":"LineString","coordinates":[[-70.85327000000001,-34.473760000000006],[-70.85423,-34.47318]]}},{"type":"Feature","id":420,"properties":{},"geometry":{"type":"LineString","coordinates":[[-70.85428,-34.473150000000004],[-70.85520000000001,-34.472590000000004]]}},{"type":"Feature","id":421,"properties":{},"geometry":{"type":"LineString","coordinates":[[-70.84494000000001,-34.47592],[-70.84633000000001,-34.480270000000004]]}},{"type":"Feature","id":422,"properties":{},"geometry":{"type":"LineString","coordinates":[[-70.85067000000001,-34.47552],[-70.85194,-34.47522]]}},{"type":"Feature","id":423,"properties":{},"geometry":{"type":"LineString","coordinates":[[-70.852,-34.4752],[-70.85327000000001,-34.474900000000005]]}},{"type":"Feature","id":424,"properties":{},"geometry":{"type":"LineString","coordinates":[[-70.85348,-34.47522],[-70.85377000000001,-34.47509]]}},{"type":"Feature","id":425,"properties":{},"geometry":{"type":"LineString","coordinates":[[-70.85309000000001,-34.47596],[-70.85288,-34.47536]]}},{"type":"Feature","id":426,"properties":{},"geometry":{"type":"LineString","coordinates":[[-70.85226,-34.476150000000004],[-70.85152000000001,-34.47401]]}},{"type":"Feature","id":427,"properties":{},"geometry":{"type":"LineString","coordinates":[[-70.85233000000001,-34.47614],[-70.85158000000001,-34.47399]]}},{"type":"Feature","id":428,"properties":{},"geometry":{"type":"LineString","coordinates":[[-70.8553,-34.472730000000006],[-70.85582000000001,-34.473600000000005]]}},{"type":"Feature","id":429,"properties":{},"geometry":{"type":"LineString","coordinates":[[-70.85379,-34.474560000000004],[-70.85473,-34.474000000000004]]}},{"type":"Feature","id":430,"properties":{},"geometry":{"type":"LineString","coordinates":[[-70.85478,-34.473960000000005],[-70.85571,-34.473400000000005]]}},{"type":"Feature","id":431,"properties":{},"geometry":{"type":"LineString","coordinates":[[-70.85573000000001,-34.47406],[-70.85582000000001,-34.473600000000005]]}},{"type":"Feature","id":432,"properties":{},"geometry":{"type":"LineString","coordinates":[[-70.83654,-34.47106],[-70.83784,-34.47097]]}},{"type":"Feature","id":433,"properties":{},"geometry":{"type":"LineString","coordinates":[[-70.83872000000001,-34.476020000000005],[-70.83962000000001,-34.47589]]}},{"type":"Feature","id":434,"properties":{},"geometry":{"type":"LineString","coordinates":[[-70.84176000000001,-34.479600000000005],[-70.84093,-34.47547]]}},{"type":"Feature","id":435,"properties":{},"geometry":{"type":"LineString","coordinates":[[-70.84549000000001,-34.48028],[-70.84545,-34.48028]]}},{"type":"Feature","id":436,"properties":{},"geometry":{"type":"LineString","coordinates":[[-70.85382,-34.480410000000006],[-70.85379,-34.48035]]}},{"type":"Feature","id":437,"properties":{},"geometry":{"type":"LineString","coordinates":[[-70.85379,-34.48035],[-70.85376000000001,-34.4803]]}},{"type":"Feature","id":438,"properties":{},"geometry":{"type":"LineString","coordinates":[[-70.85376000000001,-34.4803],[-70.85371,-34.48024]]}},{"type":"Feature","id":439,"properties":{},"geometry":{"type":"LineString","coordinates":[[-70.85371,-34.48024],[-70.85368000000001,-34.48017]]}},{"type":"Feature","id":440,"properties":{},"geometry":{"type":"LineString","coordinates":[[-70.85368000000001,-34.48017],[-70.85359000000001,-34.480090000000004]]}},{"type":"Feature","id":441,"properties":{},"geometry":{"type":"LineString","coordinates":[[-70.85359000000001,-34.480090000000004],[-70.85351,-34.480050000000006]]}},{"type":"Feature","id":442,"properties":{},"geometry":{"type":"LineString","coordinates":[[-70.85351,-34.480050000000006],[-70.85339,-34.480050000000006]]}},{"type":"Feature","id":443,"properties":{},"geometry":{"type":"LineString","coordinates":[[-70.85339,-34.480050000000006],[-70.85329,-34.48004]]}},{"type":"Feature","id":444,"properties":{},"geometry":{"type":"LineString","coordinates":[[-70.85329,-34.48004],[-70.85318000000001,-34.480090000000004]]}},{"type":"Feature","id":445,"properties":{},"geometry":{"type":"LineString","coordinates":[[-70.85318000000001,-34.480090000000004],[-70.85313000000001,-34.48012]]}},{"type":"Feature","id":446,"properties":{},"geometry":{"type":"LineString","coordinates":[[-70.85313000000001,-34.48012],[-70.85304000000001,-34.48013]]}},{"type":"Feature","id":447,"properties":{},"geometry":{"type":"LineString","coordinates":[[-70.85176,-34.478840000000005],[-70.85171000000001,-34.47874]]}},{"type":"Feature","id":448,"properties":{},"geometry":{"type":"LineString","coordinates":[[-70.85171000000001,-34.47874],[-70.85161000000001,-34.478530000000006]]}},{"type":"Feature","id":449,"properties":{},"geometry":{"type":"LineString","coordinates":[[-70.85161000000001,-34.478530000000006],[-70.85147,-34.47843]]}},{"type":"Feature","id":450,"properties":{},"geometry":{"type":"LineString","coordinates":[[-70.85147,-34.47843],[-70.8512,-34.478500000000004]]}},{"type":"Feature","id":451,"properties":{},"geometry":{"type":"LineString","coordinates":[[-70.8512,-34.478500000000004],[-70.85113000000001,-34.47843]]}},{"type":"Feature","id":452,"properties":{},"geometry":{"type":"LineString","coordinates":[[-70.85113000000001,-34.47843],[-70.85099000000001,-34.478440000000006]]}},{"type":"Feature","id":453,"properties":{},"geometry":{"type":"LineString","coordinates":[[-70.85099000000001,-34.478440000000006],[-70.85090000000001,-34.478370000000005]]}},{"type":"Feature","id":454,"properties":{},"geometry":{"type":"LineString","coordinates":[[-70.85090000000001,-34.478370000000005],[-70.8508,-34.47824]]}},{"type":"Feature","id":455,"properties":{},"geometry":{"type":"LineString","coordinates":[[-70.8508,-34.47824],[-70.85074,-34.478120000000004]]}},{"type":"Feature","id":456,"properties":{},"geometry":{"type":"LineString","coordinates":[[-70.85074,-34.478120000000004],[-70.85057,-34.47791]]}},{"type":"Feature","id":457,"properties":{},"geometry":{"type":"LineString","coordinates":[[-70.85057,-34.47791],[-70.85046000000001,-34.477650000000004]]}},{"type":"Feature","id":458,"properties":{},"geometry":{"type":"LineString","coordinates":[[-70.85046000000001,-34.477650000000004],[-70.85039,-34.47749]]}},{"type":"Feature","id":459,"properties":{},"geometry":{"type":"LineString","coordinates":[[-70.85039,-34.47749],[-70.85027000000001,-34.47726]]}},{"type":"Feature","id":460,"properties":{},"geometry":{"type":"LineString","coordinates":[[-70.85027000000001,-34.47726],[-70.85017,-34.477090000000004]]}},{"type":"Feature","id":461,"properties":{},"geometry":{"type":"LineString","coordinates":[[-70.85017,-34.477090000000004],[-70.85010000000001,-34.47697]]}},{"type":"Feature","id":462,"properties":{},"geometry":{"type":"LineString","coordinates":[[-70.85010000000001,-34.47697],[-70.85001000000001,-34.476820000000004]]}},{"type":"Feature","id":463,"properties":{},"geometry":{"type":"LineString","coordinates":[[-70.85001000000001,-34.476820000000004],[-70.84997,-34.47666]]}},{"type":"Feature","id":464,"properties":{},"geometry":{"type":"LineString","coordinates":[[-70.84997,-34.47666],[-70.8499,-34.4765]]}},{"type":"Feature","id":465,"properties":{},"geometry":{"type":"LineString","coordinates":[[-70.8409,-34.479020000000006],[-70.84017,-34.475370000000005]]}},{"type":"Feature","id":466,"properties":{},"geometry":{"type":"LineString","coordinates":[[-70.83975000000001,-34.47688],[-70.84046000000001,-34.47679]]}},{"type":"Feature","id":467,"properties":{},"geometry":{"type":"LineString","coordinates":[[-70.84053,-34.476820000000004],[-70.84118000000001,-34.47673]]}},{"type":"Feature","id":468,"properties":{},"geometry":{"type":"LineString","coordinates":[[-70.83988000000001,-34.477560000000004],[-70.84059,-34.477470000000004]]}},{"type":"Feature","id":469,"properties":{},"geometry":{"type":"LineString","coordinates":[[-70.84067,-34.47755],[-70.84133,-34.47746]]}},{"type":"Feature","id":470,"properties":{},"geometry":{"type":"LineString","coordinates":[[-70.84002000000001,-34.47825],[-70.84073000000001,-34.47816]]}},{"type":"Feature","id":471,"properties":{},"geometry":{"type":"LineString","coordinates":[[-70.84082000000001,-34.47829],[-70.84148,-34.4782]]}},{"type":"Feature","id":472,"properties":{},"geometry":{"type":"LineString","coordinates":[[-70.84023,-34.479020000000006],[-70.84038000000001,-34.47979]]}},{"type":"Feature","id":473,"properties":{},"geometry":{"type":"LineString","coordinates":[[-70.83733000000001,-34.48035],[-70.83726,-34.48021]]}},{"type":"Feature","id":474,"properties":{},"geometry":{"type":"LineString","coordinates":[[-70.83726,-34.48021],[-70.8371,-34.48026]]}},{"type":"Feature","id":475,"properties":{},"geometry":{"type":"LineString","coordinates":[[-70.8371,-34.48026],[-70.83705,-34.48013]]}},{"type":"Feature","id":476,"properties":{},"geometry":{"type":"LineString","coordinates":[[-70.83705,-34.48013],[-70.83705,-34.4801]]}},{"type":"Feature","id":477,"properties":{},"geometry":{"type":"LineString","coordinates":[[-70.83705,-34.4801],[-70.83709,-34.47995]]}},{"type":"Feature","id":478,"properties":{},"geometry":{"type":"LineString","coordinates":[[-70.83709,-34.47995],[-70.83717,-34.47993]]}},{"type":"Feature","id":479,"properties":{},"geometry":{"type":"LineString","coordinates":[[-70.83717,-34.47993],[-70.83717,-34.4799]]}},{"type":"Feature","id":480,"properties":{},"geometry":{"type":"LineString","coordinates":[[-70.83819000000001,-34.48239],[-70.83795,-34.48174]]}},{"type":"Feature","id":481,"properties":{},"geometry":{"type":"LineString","coordinates":[[-70.83795,-34.48174],[-70.83751000000001,-34.48098]]}},{"type":"Feature","id":482,"properties":{},"geometry":{"type":"LineString","coordinates":[[-70.83751000000001,-34.48098],[-70.83743000000001,-34.48064]]}},{"type":"Feature","id":483,"properties":{},"geometry":{"type":"LineString","coordinates":[[-70.83743000000001,-34.48064],[-70.83733000000001,-34.48035]]}},{"type":"Feature","id":484,"properties":{},"geometry":{"type":"LineString","coordinates":[[-70.83832000000001,-34.4806],[-70.83835,-34.48075]]}},{"type":"Feature","id":485,"properties":{},"geometry":{"type":"LineString","coordinates":[[-70.83835,-34.48075],[-70.83838,-34.48086]]}},{"type":"Feature","id":486,"properties":{},"geometry":{"type":"LineString","coordinates":[[-70.83838,-34.48086],[-70.83844,-34.48109]]}},{"type":"Feature","id":487,"properties":{},"geometry":{"type":"LineString","coordinates":[[-70.83844,-34.48109],[-70.83847,-34.48136]]}},{"type":"Feature","id":488,"properties":{},"geometry":{"type":"LineString","coordinates":[[-70.83847,-34.48136],[-70.83847,-34.48158]]}},{"type":"Feature","id":489,"properties":{},"geometry":{"type":"LineString","coordinates":[[-70.83847,-34.48158],[-70.83849000000001,-34.481660000000005]]}},{"type":"Feature","id":490,"properties":{},"geometry":{"type":"LineString","coordinates":[[-70.84343000000001,-34.480450000000005],[-70.84331,-34.47979]]}},{"type":"Feature","id":491,"properties":{},"geometry":{"type":"LineString","coordinates":[[-70.84391000000001,-34.47972],[-70.84264,-34.47986]]}},{"type":"Feature","id":492,"properties":{},"geometry":{"type":"LineString","coordinates":[[-70.84379000000001,-34.47932],[-70.84261000000001,-34.47946]]}},{"type":"Feature","id":493,"properties":{},"geometry":{"type":"LineString","coordinates":[[-70.84338000000001,-34.478],[-70.84235000000001,-34.47813]]}},{"type":"Feature","id":494,"properties":{},"geometry":{"type":"LineString","coordinates":[[-70.84332,-34.47753],[-70.84225,-34.47767]]}},{"type":"Feature","id":495,"properties":{},"geometry":{"type":"LineString","coordinates":[[-70.84958,-34.479710000000004],[-70.8473,-34.479800000000004]]}},{"type":"Feature","id":496,"properties":{},"geometry":{"type":"LineString","coordinates":[[-70.85539,-34.478120000000004],[-70.85568,-34.477990000000005]]}},{"type":"Feature","id":497,"properties":{},"geometry":{"type":"LineString","coordinates":[[-70.85479000000001,-34.477160000000005],[-70.85499,-34.476380000000006]]}},{"type":"Feature","id":498,"properties":{},"geometry":{"type":"LineString","coordinates":[[-70.85499,-34.476380000000006],[-70.85501000000001,-34.476330000000004]]}},{"type":"Feature","id":499,"properties":{},"geometry":{"type":"LineString","coordinates":[[-70.85501000000001,-34.476330000000004],[-70.8553,-34.475970000000004]]}},{"type":"Feature","id":500,"properties":{},"geometry":{"type":"LineString","coordinates":[[-70.85215000000001,-34.48017],[-70.85222,-34.48105]]}},{"type":"Feature","id":501,"properties":{},"geometry":{"type":"LineString","coordinates":[[-70.85157000000001,-34.479510000000005],[-70.85162000000001,-34.48011]]}},{"type":"Feature","id":502,"properties":{},"geometry":{"type":"LineString","coordinates":[[-70.84038000000001,-34.463370000000005],[-70.84132000000001,-34.46293]]}},{"type":"Feature","id":503,"properties":{},"geometry":{"type":"LineString","coordinates":[[-70.84595,-34.46997],[-70.84591,-34.470000000000006]]}},{"type":"Feature","id":504,"properties":{},"geometry":{"type":"LineString","coordinates":[[-70.84568,-34.46999],[-70.84562000000001,-34.469930000000005]]}},{"type":"Feature","id":505,"properties":{},"geometry":{"type":"LineString","coordinates":[[-70.84562000000001,-34.469930000000005],[-70.84552000000001,-34.46987]]}},{"type":"Feature","id":506,"properties":{},"geometry":{"type":"LineString","coordinates":[[-70.84552000000001,-34.46987],[-70.84542,-34.46988]]}},{"type":"Feature","id":507,"properties":{},"geometry":{"type":"LineString","coordinates":[[-70.84529,-34.469820000000006],[-70.84530000000001,-34.469660000000005]]}},{"type":"Feature","id":508,"properties":{},"geometry":{"type":"LineString","coordinates":[[-70.84530000000001,-34.469660000000005],[-70.84530000000001,-34.469590000000004]]}},{"type":"Feature","id":509,"properties":{},"geometry":{"type":"LineString","coordinates":[[-70.84530000000001,-34.469590000000004],[-70.84526000000001,-34.469500000000004]]}},{"type":"Feature","id":510,"properties":{},"geometry":{"type":"LineString","coordinates":[[-70.84526000000001,-34.469500000000004],[-70.84518,-34.46947]]}},{"type":"Feature","id":511,"properties":{},"geometry":{"type":"LineString","coordinates":[[-70.84487,-34.46938],[-70.8447,-34.46932]]}},{"type":"Feature","id":512,"properties":{},"geometry":{"type":"LineString","coordinates":[[-70.8447,-34.46932],[-70.84459000000001,-34.46922]]}},{"type":"Feature","id":513,"properties":{},"geometry":{"type":"LineString","coordinates":[[-70.84459000000001,-34.46922],[-70.84447,-34.46902]]}},{"type":"Feature","id":514,"properties":{},"geometry":{"type":"LineString","coordinates":[[-70.84447,-34.46902],[-70.84441000000001,-34.46887]]}},{"type":"Feature","id":515,"properties":{},"geometry":{"type":"LineString","coordinates":[[-70.84441000000001,-34.46887],[-70.84437000000001,-34.46873]]}},{"type":"Feature","id":516,"properties":{},"geometry":{"type":"LineString","coordinates":[[-70.84437000000001,-34.46873],[-70.84432000000001,-34.468560000000004]]}},{"type":"Feature","id":517,"properties":{},"geometry":{"type":"LineString","coordinates":[[-70.84432000000001,-34.468560000000004],[-70.84433,-34.46835]]}},{"type":"Feature","id":518,"properties":{},"geometry":{"type":"LineString","coordinates":[[-70.84433,-34.46835],[-70.84424,-34.468120000000006]]}},{"type":"Feature","id":519,"properties":{},"geometry":{"type":"LineString","coordinates":[[-70.84424,-34.468120000000006],[-70.84414000000001,-34.46801]]}},{"type":"Feature","id":520,"properties":{},"geometry":{"type":"LineString","coordinates":[[-70.84414000000001,-34.46801],[-70.84402,-34.46793]]}},{"type":"Feature","id":521,"properties":{},"geometry":{"type":"LineString","coordinates":[[-70.83883,-34.46414],[-70.84057,-34.464150000000004]]}},{"type":"Feature","id":522,"properties":{},"geometry":{"type":"LineString","coordinates":[[-70.83935000000001,-34.46307],[-70.83936,-34.46253]]}},{"type":"Feature","id":523,"properties":{},"geometry":{"type":"LineString","coordinates":[[-70.83922000000001,-34.47468],[-70.83826,-34.474740000000004]]}},{"type":"Feature","id":524,"properties":{},"geometry":{"type":"LineString","coordinates":[[-70.84783,-34.46754],[-70.8456,-34.463950000000004]]}},{"type":"Feature","id":525,"properties":{},"geometry":{"type":"LineString","coordinates":[[-70.84685,-34.46596],[-70.84576000000001,-34.46647]]}},{"type":"Feature","id":526,"properties":{},"geometry":{"type":"LineString","coordinates":[[-70.84660000000001,-34.46556],[-70.8455,-34.46607]]}},{"type":"Feature","id":527,"properties":{},"geometry":{"type":"LineString","coordinates":[[-70.85053,-34.473580000000005],[-70.85018000000001,-34.473600000000005]]}},{"type":"Feature","id":528,"properties":{},"geometry":{"type":"LineString","coordinates":[[-70.85215000000001,-34.47319],[-70.85137,-34.473380000000006]]}},{"type":"Feature","id":529,"properties":{},"geometry":{"type":"LineString","coordinates":[[-70.85131000000001,-34.47339],[-70.85053,-34.473580000000005]]}},{"type":"Feature","id":530,"properties":{},"geometry":{"type":"LineString","coordinates":[[-70.8507,-34.475880000000004],[-70.85206000000001,-34.47556]]}},{"type":"Feature","id":531,"properties":{},"geometry":{"type":"LineString","coordinates":[[-70.85212,-34.47554],[-70.85348,-34.47522]]}},{"type":"Feature","id":532,"properties":{},"geometry":{"type":"LineString","coordinates":[[-70.85149000000001,-34.47634],[-70.85128,-34.47574]]}},{"type":"Feature","id":533,"properties":{},"geometry":{"type":"LineString","coordinates":[[-70.85063000000001,-34.47954],[-70.85212,-34.4795]]}},{"type":"Feature","id":534,"properties":{},"geometry":{"type":"LineString","coordinates":[[-70.83847,-34.48021],[-70.83717,-34.4799]]}},{"type":"Feature","id":535,"properties":{},"geometry":{"type":"LineString","coordinates":[[-70.84522000000001,-34.46994],[-70.8452,-34.46992]]}},{"type":"Feature","id":536,"properties":{},"geometry":{"type":"LineString","coordinates":[[-70.8452,-34.46992],[-70.84501,-34.46974]]}},{"type":"Feature","id":537,"properties":{},"geometry":{"type":"LineString","coordinates":[[-70.84501,-34.46974],[-70.84458000000001,-34.469440000000006]]}},{"type":"Feature","id":538,"properties":{},"geometry":{"type":"LineString","coordinates":[[-70.84458000000001,-34.469440000000006],[-70.84441000000001,-34.469350000000006]]}},{"type":"Feature","id":539,"properties":{},"geometry":{"type":"LineString","coordinates":[[-70.84441000000001,-34.469350000000006],[-70.84401000000001,-34.46913]]}},{"type":"Feature","id":540,"properties":{},"geometry":{"type":"LineString","coordinates":[[-70.84401000000001,-34.46913],[-70.84385,-34.46905]]}},{"type":"Feature","id":541,"properties":{},"geometry":{"type":"LineString","coordinates":[[-70.84385,-34.46905],[-70.84366,-34.46895]]}},{"type":"Feature","id":542,"properties":{},"geometry":{"type":"LineString","coordinates":[[-70.84366,-34.46895],[-70.84344,-34.468830000000004]]}},{"type":"Feature","id":543,"properties":{},"geometry":{"type":"LineString","coordinates":[[-70.84344,-34.468830000000004],[-70.84327,-34.46873]]}},{"type":"Feature","id":544,"properties":{},"geometry":{"type":"LineString","coordinates":[[-70.84327,-34.46873],[-70.84309,-34.46864]]}},{"type":"Feature","id":545,"properties":{},"geometry":{"type":"LineString","coordinates":[[-70.84309,-34.46864],[-70.84302000000001,-34.4686]]}},{"type":"Feature","id":546,"properties":{},"geometry":{"type":"LineString","coordinates":[[-70.84302000000001,-34.4686],[-70.84295,-34.46857]]}},{"type":"Feature","id":547,"properties":{},"geometry":{"type":"LineString","coordinates":[[-70.84295,-34.46857],[-70.84282,-34.468520000000005]]}},{"type":"Feature","id":548,"properties":{},"geometry":{"type":"LineString","coordinates":[[-70.84282,-34.468520000000005],[-70.84275000000001,-34.46846]]}},{"type":"Feature","id":549,"properties":{},"geometry":{"type":"LineString","coordinates":[[-70.84275000000001,-34.46846],[-70.84267000000001,-34.46844]]}},{"type":"Feature","id":550,"properties":{},"geometry":{"type":"LineString","coordinates":[[-70.84267000000001,-34.46844],[-70.84261000000001,-34.46837]]}},{"type":"Feature","id":551,"properties":{},"geometry":{"type":"LineString","coordinates":[[-70.84261000000001,-34.46837],[-70.84252000000001,-34.46831]]}},{"type":"Feature","id":552,"properties":{},"geometry":{"type":"LineString","coordinates":[[-70.84252000000001,-34.46831],[-70.84245,-34.46824]]}},{"type":"Feature","id":553,"properties":{},"geometry":{"type":"LineString","coordinates":[[-70.84245,-34.46824],[-70.84237,-34.468160000000005]]}},{"type":"Feature","id":554,"properties":{},"geometry":{"type":"LineString","coordinates":[[-70.84237,-34.468160000000005],[-70.84232,-34.468090000000004]]}},{"type":"Feature","id":555,"properties":{},"geometry":{"type":"LineString","coordinates":[[-70.84232,-34.468090000000004],[-70.84227,-34.468030000000006]]}},{"type":"Feature","id":556,"properties":{},"geometry":{"type":"LineString","coordinates":[[-70.84660000000001,-34.469480000000004],[-70.84655000000001,-34.469440000000006]]}},{"type":"Feature","id":557,"properties":{},"geometry":{"type":"LineString","coordinates":[[-70.84701000000001,-34.47005],[-70.84660000000001,-34.469480000000004]]}},{"type":"Feature","id":558,"properties":{},"geometry":{"type":"LineString","coordinates":[[-70.84366,-34.478910000000006],[-70.84253000000001,-34.47905]]}},{"type":"Feature","id":559,"properties":{},"geometry":{"type":"LineString","coordinates":[[-70.84320000000001,-34.477070000000005],[-70.84216,-34.4772]]}},{"type":"Feature","id":560,"properties":{},"geometry":{"type":"LineString","coordinates":[[-70.84302000000001,-34.475620000000006],[-70.84186000000001,-34.4757]]}},{"type":"Feature","id":561,"properties":{},"geometry":{"type":"LineString","coordinates":[[-70.84423000000001,-34.48131],[-70.84412,-34.48133]]}},{"type":"Feature","id":562,"properties":{},"geometry":{"type":"LineString","coordinates":[[-70.84412,-34.48133],[-70.84371,-34.48138]]}},{"type":"Feature","id":563,"properties":{},"geometry":{"type":"LineString","coordinates":[[-70.84371,-34.48138],[-70.84320000000001,-34.481440000000006]]}},{"type":"Feature","id":564,"properties":{},"geometry":{"type":"LineString","coordinates":[[-70.84320000000001,-34.481440000000006],[-70.8426,-34.48152]]}},{"type":"Feature","id":565,"properties":{},"geometry":{"type":"LineString","coordinates":[[-70.83849000000001,-34.467510000000004],[-70.83759,-34.467090000000006]]}},{"type":"Feature","id":566,"properties":{},"geometry":{"type":"LineString","coordinates":[[-70.83848,-34.467620000000004],[-70.83855000000001,-34.46683]]}},{"type":"Feature","id":567,"properties":{},"geometry":{"type":"LineString","coordinates":[[-70.83843,-34.467690000000005],[-70.83909,-34.46799]]}},{"type":"Feature","id":568,"properties":{},"geometry":{"type":"LineString","coordinates":[[-70.83826,-34.4683],[-70.83882000000001,-34.46857]]}},{"type":"Feature","id":569,"properties":{},"geometry":{"type":"LineString","coordinates":[[-70.83805000000001,-34.46822],[-70.83848,-34.467620000000004]]}},{"type":"Feature","id":570,"properties":{},"geometry":{"type":"LineString","coordinates":[[-70.83994000000001,-34.46817],[-70.83969,-34.46811]]}},{"type":"Feature","id":571,"properties":{},"geometry":{"type":"LineString","coordinates":[[-70.83836000000001,-34.46904],[-70.83724000000001,-34.46844]]}},{"type":"Feature","id":572,"properties":{},"geometry":{"type":"LineString","coordinates":[[-70.83716000000001,-34.468430000000005],[-70.83651,-34.468090000000004]]}},{"type":"Feature","id":573,"properties":{},"geometry":{"type":"LineString","coordinates":[[-70.83805000000001,-34.46822],[-70.83822,-34.46799]]}},{"type":"Feature","id":574,"properties":{},"geometry":{"type":"LineString","coordinates":[[-70.83805000000001,-34.46822],[-70.83770000000001,-34.468680000000006]]}},{"type":"Feature","id":575,"properties":{},"geometry":{"type":"LineString","coordinates":[[-70.84088000000001,-34.46603],[-70.83969,-34.46614]]}},{"type":"Feature","id":576,"properties":{},"geometry":{"type":"LineString","coordinates":[[-70.83782000000001,-34.464940000000006],[-70.83953000000001,-34.464940000000006]]}},{"type":"Feature","id":577,"properties":{},"geometry":{"type":"LineString","coordinates":[[-70.83881000000001,-34.46445],[-70.84043000000001,-34.464470000000006]]}},{"type":"Feature","id":578,"properties":{},"geometry":{"type":"LineString","coordinates":[[-70.84525000000001,-34.47001],[-70.84524,-34.46997]]}},{"type":"Feature","id":579,"properties":{},"geometry":{"type":"LineString","coordinates":[[-70.83778000000001,-34.46443],[-70.83881000000001,-34.46443]]}},{"type":"Feature","id":580,"properties":{},"geometry":{"type":"LineString","coordinates":[[-70.84288000000001,-34.47468],[-70.84038000000001,-34.474830000000004]]}},{"type":"Feature","id":581,"properties":{},"geometry":{"type":"LineString","coordinates":[[-70.84246,-34.472440000000006],[-70.83995,-34.472590000000004]]}},{"type":"Feature","id":582,"properties":{},"geometry":{"type":"LineString","coordinates":[[-70.84236,-34.471560000000004],[-70.84238,-34.47169]]}},{"type":"Feature","id":583,"properties":{},"geometry":{"type":"LineString","coordinates":[[-70.84265,-34.47314],[-70.84273,-34.473560000000006]]}},{"type":"Feature","id":584,"properties":{},"geometry":{"type":"LineString","coordinates":[[-70.85278000000001,-34.47415],[-70.85303,-34.474030000000006]]}},{"type":"Feature","id":585,"properties":{},"geometry":{"type":"LineString","coordinates":[[-70.84241,-34.479580000000006],[-70.84152,-34.479690000000005]]}},{"type":"Feature","id":586,"properties":{},"geometry":{"type":"LineString","coordinates":[[-70.84152,-34.479690000000005],[-70.84132000000001,-34.479710000000004]]}},{"type":"Feature","id":587,"properties":{},"geometry":{"type":"LineString","coordinates":[[-70.84132000000001,-34.479710000000004],[-70.84124,-34.47972]]}},{"type":"Feature","id":588,"properties":{},"geometry":{"type":"LineString","coordinates":[[-70.84124,-34.47972],[-70.84110000000001,-34.47975]]}},{"type":"Feature","id":589,"properties":{},"geometry":{"type":"LineString","coordinates":[[-70.84110000000001,-34.47975],[-70.84076,-34.47979]]}},{"type":"Feature","id":590,"properties":{},"geometry":{"type":"LineString","coordinates":[[-70.84076,-34.47979],[-70.84070000000001,-34.479800000000004]]}},{"type":"Feature","id":591,"properties":{},"geometry":{"type":"LineString","coordinates":[[-70.84070000000001,-34.479800000000004],[-70.84006000000001,-34.4799]]}},{"type":"Feature","id":592,"properties":{},"geometry":{"type":"LineString","coordinates":[[-70.84162,-34.478930000000005],[-70.84097000000001,-34.479020000000006]]}},{"type":"Feature","id":593,"properties":{},"geometry":{"type":"LineString","coordinates":[[-70.84230000000001,-34.478260000000006],[-70.84151,-34.47836]]}},{"type":"Feature","id":594,"properties":{},"geometry":{"type":"LineString","coordinates":[[-70.84243000000001,-34.47887],[-70.84163000000001,-34.47898]]}},{"type":"Feature","id":595,"properties":{},"geometry":{"type":"LineString","coordinates":[[-70.84737000000001,-34.47661],[-70.84811,-34.47889]]}},{"type":"Feature","id":596,"properties":{},"geometry":{"type":"LineString","coordinates":[[-70.84961000000001,-34.476470000000006],[-70.84949,-34.476420000000005]]}},{"type":"Feature","id":597,"properties":{},"geometry":{"type":"LineString","coordinates":[[-70.84949,-34.476420000000005],[-70.84915000000001,-34.476380000000006]]}},{"type":"Feature","id":598,"properties":{},"geometry":{"type":"LineString","coordinates":[[-70.84915000000001,-34.476380000000006],[-70.84901,-34.47636]]}},{"type":"Feature","id":599,"properties":{},"geometry":{"type":"LineString","coordinates":[[-70.84901,-34.47636],[-70.84888000000001,-34.476290000000006]]}},{"type":"Feature","id":600,"properties":{},"geometry":{"type":"LineString","coordinates":[[-70.84888000000001,-34.476290000000006],[-70.84879000000001,-34.47617]]}},{"type":"Feature","id":601,"properties":{},"geometry":{"type":"LineString","coordinates":[[-70.84255,-34.46546],[-70.84261000000001,-34.465430000000005]]}},{"type":"Feature","id":602,"properties":{},"geometry":{"type":"LineString","coordinates":[[-70.84261000000001,-34.465430000000005],[-70.84279000000001,-34.46549]]}},{"type":"Feature","id":603,"properties":{},"geometry":{"type":"LineString","coordinates":[[-70.84279000000001,-34.46549],[-70.84296,-34.46557]]}},{"type":"Feature","id":604,"properties":{},"geometry":{"type":"LineString","coordinates":[[-70.84296,-34.46557],[-70.84312,-34.465630000000004]]}},{"type":"Feature","id":605,"properties":{},"geometry":{"type":"LineString","coordinates":[[-70.84312,-34.465630000000004],[-70.84328000000001,-34.465700000000005]]}},{"type":"Feature","id":606,"properties":{},"geometry":{"type":"LineString","coordinates":[[-70.84328000000001,-34.465700000000005],[-70.84343000000001,-34.46576]]}},{"type":"Feature","id":607,"properties":{},"geometry":{"type":"LineString","coordinates":[[-70.84343000000001,-34.46576],[-70.84352000000001,-34.4658]]}},{"type":"Feature","id":608,"properties":{},"geometry":{"type":"LineString","coordinates":[[-70.84352000000001,-34.4658],[-70.8439,-34.46596]]}},{"type":"Feature","id":609,"properties":{},"geometry":{"type":"LineString","coordinates":[[-70.8439,-34.46596],[-70.84412,-34.46616]]}},{"type":"Feature","id":610,"properties":{},"geometry":{"type":"LineString","coordinates":[[-70.84412,-34.46616],[-70.84424,-34.466260000000005]]}},{"type":"Feature","id":611,"properties":{},"geometry":{"type":"LineString","coordinates":[[-70.84424,-34.466260000000005],[-70.84432000000001,-34.46636]]}},{"type":"Feature","id":612,"properties":{},"geometry":{"type":"LineString","coordinates":[[-70.84432000000001,-34.46636],[-70.84444,-34.46647]]}},{"type":"Feature","id":613,"properties":{},"geometry":{"type":"LineString","coordinates":[[-70.84444,-34.46647],[-70.8446,-34.46661]]}},{"type":"Feature","id":614,"properties":{},"geometry":{"type":"LineString","coordinates":[[-70.8446,-34.46661],[-70.84475,-34.46676]]}},{"type":"Feature","id":615,"properties":{},"geometry":{"type":"LineString","coordinates":[[-70.84475,-34.46676],[-70.84477000000001,-34.46692]]}},{"type":"Feature","id":616,"properties":{},"geometry":{"type":"LineString","coordinates":[[-70.84477000000001,-34.46692],[-70.84473000000001,-34.46696]]}},{"type":"Feature","id":617,"properties":{},"geometry":{"type":"LineString","coordinates":[[-70.84473000000001,-34.46696],[-70.84469,-34.46703]]}},{"type":"Feature","id":618,"properties":{},"geometry":{"type":"LineString","coordinates":[[-70.84469,-34.46703],[-70.84457,-34.467060000000004]]}},{"type":"Feature","id":619,"properties":{},"geometry":{"type":"LineString","coordinates":[[-70.84457,-34.467060000000004],[-70.84448,-34.467130000000004]]}},{"type":"Feature","id":620,"properties":{},"geometry":{"type":"LineString","coordinates":[[-70.84448,-34.467130000000004],[-70.84435,-34.467220000000005]]}},{"type":"Feature","id":621,"properties":{},"geometry":{"type":"LineString","coordinates":[[-70.84435,-34.467220000000005],[-70.84424,-34.467290000000006]]}},{"type":"Feature","id":622,"properties":{},"geometry":{"type":"LineString","coordinates":[[-70.84424,-34.467290000000006],[-70.84411,-34.467380000000006]]}},{"type":"Feature","id":623,"properties":{},"geometry":{"type":"LineString","coordinates":[[-70.84411,-34.467380000000006],[-70.84392000000001,-34.4675]]}},{"type":"Feature","id":624,"properties":{},"geometry":{"type":"LineString","coordinates":[[-70.8426,-34.48152],[-70.84259,-34.481480000000005]]}},{"type":"Feature","id":625,"properties":{},"geometry":{"type":"LineString","coordinates":[[-70.84259,-34.481480000000005],[-70.84258000000001,-34.48134]]}},{"type":"Feature","id":626,"properties":{},"geometry":{"type":"LineString","coordinates":[[-70.84258000000001,-34.48134],[-70.84256,-34.481210000000004]]}},{"type":"Feature","id":627,"properties":{},"geometry":{"type":"LineString","coordinates":[[-70.84256,-34.481210000000004],[-70.84255,-34.481080000000006]]}},{"type":"Feature","id":628,"properties":{},"geometry":{"type":"LineString","coordinates":[[-70.84255,-34.481080000000006],[-70.84252000000001,-34.48086]]}},{"type":"Feature","id":629,"properties":{},"geometry":{"type":"LineString","coordinates":[[-70.84252000000001,-34.48086],[-70.8425,-34.480650000000004]]}},{"type":"Feature","id":630,"properties":{},"geometry":{"type":"LineString","coordinates":[[-70.84105000000001,-34.4808],[-70.84056000000001,-34.48086]]}},{"type":"Feature","id":631,"properties":{},"geometry":{"type":"LineString","coordinates":[[-70.84007000000001,-34.480920000000005],[-70.83945,-34.481]]}},{"type":"Feature","id":632,"properties":{},"geometry":{"type":"LineString","coordinates":[[-70.84007000000001,-34.480920000000005],[-70.84006000000001,-34.4799]]}},{"type":"Feature","id":633,"properties":{},"geometry":{"type":"LineString","coordinates":[[-70.84056000000001,-34.48086],[-70.84054,-34.48015]]}},{"type":"Feature","id":634,"properties":{},"geometry":{"type":"LineString","coordinates":[[-70.84054,-34.48015],[-70.84055000000001,-34.479820000000004]]}},{"type":"Feature","id":635,"properties":{},"geometry":{"type":"LineString","coordinates":[[-70.84105000000001,-34.4808],[-70.84103,-34.4801]]}},{"type":"Feature","id":636,"properties":{},"geometry":{"type":"LineString","coordinates":[[-70.84103,-34.4801],[-70.84102,-34.48004]]}},{"type":"Feature","id":637,"properties":{},"geometry":{"type":"LineString","coordinates":[[-70.84102,-34.48004],[-70.84103,-34.479760000000006]]}},{"type":"Feature","id":638,"properties":{},"geometry":{"type":"LineString","coordinates":[[-70.83928,-34.48207],[-70.83906,-34.481790000000004]]}},{"type":"Feature","id":639,"properties":{},"geometry":{"type":"LineString","coordinates":[[-70.83906,-34.481790000000004],[-70.83913000000001,-34.481700000000004]]}},{"type":"Feature","id":640,"properties":{},"geometry":{"type":"LineString","coordinates":[[-70.83913000000001,-34.481700000000004],[-70.83925,-34.481500000000004]]}},{"type":"Feature","id":641,"properties":{},"geometry":{"type":"LineString","coordinates":[[-70.83925,-34.481500000000004],[-70.83929,-34.48142]]}},{"type":"Feature","id":642,"properties":{},"geometry":{"type":"LineString","coordinates":[[-70.83929,-34.48142],[-70.83930000000001,-34.48133]]}},{"type":"Feature","id":643,"properties":{},"geometry":{"type":"LineString","coordinates":[[-70.83931000000001,-34.48129],[-70.83934,-34.48113]]}},{"type":"Feature","id":644,"properties":{},"geometry":{"type":"LineString","coordinates":[[-70.83934,-34.48113],[-70.83945,-34.481]]}},{"type":"Feature","id":645,"properties":{},"geometry":{"type":"LineString","coordinates":[[-70.84759000000001,-34.480610000000006],[-70.84762,-34.480700000000006]]}},{"type":"Feature","id":646,"properties":{},"geometry":{"type":"LineString","coordinates":[[-70.84585000000001,-34.475500000000004],[-70.84617,-34.476530000000004]]}},{"type":"Feature","id":647,"properties":{},"geometry":{"type":"LineString","coordinates":[[-70.84617,-34.476530000000004],[-70.84700000000001,-34.47912]]}},{"type":"Feature","id":648,"properties":{},"geometry":{"type":"LineString","coordinates":[[-70.84700000000001,-34.47912],[-70.84714000000001,-34.47959]]}},{"type":"Feature","id":649,"properties":{},"geometry":{"type":"LineString","coordinates":[[-70.84714000000001,-34.47959],[-70.84723000000001,-34.47993]]}},{"type":"Feature","id":650,"properties":{},"geometry":{"type":"LineString","coordinates":[[-70.84723000000001,-34.47993],[-70.8473,-34.480160000000005]]}},{"type":"Feature","id":651,"properties":{},"geometry":{"type":"LineString","coordinates":[[-70.84718000000001,-34.47974],[-70.84515,-34.479820000000004]]}},{"type":"Feature","id":652,"properties":{},"geometry":{"type":"LineString","coordinates":[[-70.84689,-34.47878],[-70.84484,-34.47885]]}},{"type":"Feature","id":653,"properties":{},"geometry":{"type":"LineString","coordinates":[[-70.84509,-34.47984],[-70.84406,-34.47988]]}},{"type":"Feature","id":654,"properties":{},"geometry":{"type":"LineString","coordinates":[[-70.84495000000001,-34.479380000000006],[-70.84383000000001,-34.47943]]}},{"type":"Feature","id":655,"properties":{},"geometry":{"type":"LineString","coordinates":[[-70.84369000000001,-34.479000000000006],[-70.84481000000001,-34.478950000000005]]}},{"type":"Feature","id":656,"properties":{},"geometry":{"type":"LineString","coordinates":[[-70.84467000000001,-34.47851],[-70.84356000000001,-34.47856]]}},{"type":"Feature","id":657,"properties":{},"geometry":{"type":"LineString","coordinates":[[-70.84342000000001,-34.478120000000004],[-70.84453,-34.478080000000006]]}},{"type":"Feature","id":658,"properties":{},"geometry":{"type":"LineString","coordinates":[[-70.84438,-34.477630000000005],[-70.84334000000001,-34.47767]]}},{"type":"Feature","id":659,"properties":{},"geometry":{"type":"LineString","coordinates":[[-70.84407,-34.47665],[-70.84312,-34.476690000000005]]}},{"type":"Feature","id":660,"properties":{},"geometry":{"type":"LineString","coordinates":[[-70.84664000000001,-34.48031],[-70.84681,-34.481190000000005]]}},{"type":"Feature","id":661,"properties":{},"geometry":{"type":"LineString","coordinates":[[-70.84805,-34.48026],[-70.84830000000001,-34.48113]]}},{"type":"Feature","id":662,"properties":{},"geometry":{"type":"LineString","coordinates":[[-70.85018000000001,-34.48017],[-70.85051,-34.480160000000005]]}},{"type":"Feature","id":663,"properties":{},"geometry":{"type":"LineString","coordinates":[[-70.85017,-34.48012],[-70.85051,-34.48011]]}},{"type":"Feature","id":664,"properties":{},"geometry":{"type":"LineString","coordinates":[[-70.85051,-34.480160000000005],[-70.85064000000001,-34.480160000000005]]}},{"type":"Feature","id":665,"properties":{},"geometry":{"type":"LineString","coordinates":[[-70.85071,-34.480160000000005],[-70.85075,-34.480160000000005]]}},{"type":"Feature","id":666,"properties":{},"geometry":{"type":"LineString","coordinates":[[-70.85051,-34.48011],[-70.85075,-34.4801]]}},{"type":"Feature","id":667,"properties":{},"geometry":{"type":"LineString","coordinates":[[-70.85075,-34.480160000000005],[-70.851,-34.48015]]}},{"type":"Feature","id":668,"properties":{},"geometry":{"type":"LineString","coordinates":[[-70.85018000000001,-34.48017],[-70.85016,-34.480180000000004]]}},{"type":"Feature","id":669,"properties":{},"geometry":{"type":"LineString","coordinates":[[-70.85017,-34.48012],[-70.85015,-34.48012]]}},{"type":"Feature","id":670,"properties":{},"geometry":{"type":"LineString","coordinates":[[-70.85062,-34.47952],[-70.84961000000001,-34.47956]]}},{"type":"Feature","id":671,"properties":{},"geometry":{"type":"LineString","coordinates":[[-70.85058000000001,-34.47899],[-70.84945,-34.479040000000005]]}},{"type":"Feature","id":672,"properties":{},"geometry":{"type":"LineString","coordinates":[[-70.85054000000001,-34.47851],[-70.84928000000001,-34.47856]]}},{"type":"Feature","id":673,"properties":{},"geometry":{"type":"LineString","coordinates":[[-70.8507,-34.47807],[-70.84913,-34.47813]]}},{"type":"Feature","id":674,"properties":{},"geometry":{"type":"LineString","coordinates":[[-70.84899,-34.47771],[-70.85046000000001,-34.477650000000004]]}},{"type":"Feature","id":675,"properties":{},"geometry":{"type":"LineString","coordinates":[[-70.84856,-34.48019],[-70.84819,-34.47889]]}},{"type":"Feature","id":676,"properties":{},"geometry":{"type":"LineString","coordinates":[[-70.84831000000001,-34.47932],[-70.84717,-34.47936]]}},{"type":"Feature","id":677,"properties":{},"geometry":{"type":"LineString","coordinates":[[-70.84796,-34.47843],[-70.84689,-34.47847]]}},{"type":"Feature","id":678,"properties":{},"geometry":{"type":"LineString","coordinates":[[-70.84881,-34.47719],[-70.8502,-34.477140000000006]]}},{"type":"Feature","id":679,"properties":{},"geometry":{"type":"LineString","coordinates":[[-70.84856,-34.476110000000006],[-70.84879000000001,-34.47617]]}},{"type":"Feature","id":680,"properties":{},"geometry":{"type":"LineString","coordinates":[[-70.84006000000001,-34.4799],[-70.83941,-34.479960000000005]]}},{"type":"Feature","id":681,"properties":{},"geometry":{"type":"LineString","coordinates":[[-70.84241,-34.479580000000006],[-70.84252000000001,-34.47956]]}},{"type":"Feature","id":682,"properties":{},"geometry":{"type":"LineString","coordinates":[[-70.84255,-34.479470000000006],[-70.84171,-34.475280000000005]]}},{"type":"Feature","id":683,"properties":{},"geometry":{"type":"LineString","coordinates":[[-70.84085,-34.47845],[-70.84024000000001,-34.475370000000005]]}},{"type":"Feature","id":684,"properties":{},"geometry":{"type":"LineString","coordinates":[[-70.83973,-34.47645],[-70.83957000000001,-34.475660000000005]]}},{"type":"Feature","id":685,"properties":{},"geometry":{"type":"LineString","coordinates":[[-70.84085,-34.47845],[-70.84097000000001,-34.479020000000006]]}},{"type":"Feature","id":686,"properties":{},"geometry":{"type":"LineString","coordinates":[[-70.83905,-34.47918],[-70.84023,-34.47901]]}},{"type":"Feature","id":687,"properties":{},"geometry":{"type":"LineString","coordinates":[[-70.84009,-34.47858],[-70.83902,-34.47874]]}},{"type":"Feature","id":688,"properties":{},"geometry":{"type":"LineString","coordinates":[[-70.84218,-34.477650000000004],[-70.84139,-34.47775]]}},{"type":"Feature","id":689,"properties":{},"geometry":{"type":"LineString","coordinates":[[-70.84206,-34.47704],[-70.84127000000001,-34.47715]]}},{"type":"Feature","id":690,"properties":{},"geometry":{"type":"LineString","coordinates":[[-70.84194000000001,-34.476440000000004],[-70.84115,-34.47654]]}},{"type":"Feature","id":691,"properties":{},"geometry":{"type":"LineString","coordinates":[[-70.84182000000001,-34.47583],[-70.84102,-34.475930000000005]]}},{"type":"Feature","id":692,"properties":{},"geometry":{"type":"LineString","coordinates":[[-70.84104,-34.476000000000006],[-70.84038000000001,-34.476090000000006]]}},{"type":"Feature","id":693,"properties":{},"geometry":{"type":"LineString","coordinates":[[-70.84031,-34.47607],[-70.83967000000001,-34.47616]]}},{"type":"Feature","id":694,"properties":{},"geometry":{"type":"LineString","coordinates":[[-70.84093,-34.47547],[-70.84089,-34.475280000000005]]}},{"type":"Feature","id":695,"properties":{},"geometry":{"type":"LineString","coordinates":[[-70.83957000000001,-34.475660000000005],[-70.83952000000001,-34.4754]]}},{"type":"Feature","id":696,"properties":{},"geometry":{"type":"LineString","coordinates":[[-70.83898,-34.47827],[-70.83999,-34.478120000000004]]}},{"type":"Feature","id":697,"properties":{},"geometry":{"type":"LineString","coordinates":[[-70.83895000000001,-34.47776],[-70.83989000000001,-34.47762]]}},{"type":"Feature","id":698,"properties":{},"geometry":{"type":"LineString","coordinates":[[-70.83888,-34.476580000000006],[-70.83973,-34.47645]]}},{"type":"Feature","id":699,"properties":{},"geometry":{"type":"LineString","coordinates":[[-70.83928,-34.48207],[-70.83932,-34.4821]]}},{"type":"Feature","id":700,"properties":{},"geometry":{"type":"LineString","coordinates":[[-70.83945,-34.481],[-70.83942,-34.48089]]}},{"type":"Feature","id":701,"properties":{},"geometry":{"type":"LineString","coordinates":[[-70.83931000000001,-34.48129],[-70.83930000000001,-34.48133]]}},{"type":"Feature","id":702,"properties":{},"geometry":{"type":"LineString","coordinates":[[-70.84704,-34.47925],[-70.845,-34.479330000000004]]}},{"type":"Feature","id":703,"properties":{},"geometry":{"type":"LineString","coordinates":[[-70.84784,-34.48114],[-70.84769,-34.48104]]}},{"type":"Feature","id":704,"properties":{},"geometry":{"type":"LineString","coordinates":[[-70.84764000000001,-34.480830000000005],[-70.84763000000001,-34.48082]]}},{"type":"Feature","id":705,"properties":{},"geometry":{"type":"LineString","coordinates":[[-70.84762,-34.48082],[-70.84763000000001,-34.48082]]}},{"type":"Feature","id":706,"properties":{},"geometry":{"type":"LineString","coordinates":[[-70.84768000000001,-34.481030000000004],[-70.84764000000001,-34.480880000000006]]}},{"type":"Feature","id":707,"properties":{},"geometry":{"type":"LineString","coordinates":[[-70.85074,-34.48104],[-70.85071,-34.48062]]}},{"type":"Feature","id":708,"properties":{},"geometry":{"type":"LineString","coordinates":[[-70.85067000000001,-34.48011],[-70.85054000000001,-34.478460000000005]]}},{"type":"Feature","id":709,"properties":{},"geometry":{"type":"LineString","coordinates":[[-70.83891000000001,-34.47721],[-70.83979000000001,-34.47708]]}},{"type":"Feature","id":710,"properties":{},"geometry":{"type":"LineString","coordinates":[[-70.83856,-34.48178],[-70.8391,-34.48174]]}},{"type":"Feature","id":711,"properties":{},"geometry":{"type":"LineString","coordinates":[[-70.83832000000001,-34.4806],[-70.83946,-34.48058]]}},{"type":"Feature","id":712,"properties":{},"geometry":{"type":"LineString","coordinates":[[-70.83941,-34.479960000000005],[-70.83856,-34.48019]]}},{"type":"Feature","id":713,"properties":{},"geometry":{"type":"LineString","coordinates":[[-70.83732,-34.48033],[-70.83825,-34.480560000000004]]}},{"type":"Feature","id":714,"properties":{},"geometry":{"type":"LineString","coordinates":[[-70.83757,-34.48107],[-70.83836000000001,-34.48104]]}},{"type":"Feature","id":715,"properties":{},"geometry":{"type":"LineString","coordinates":[[-70.83934,-34.48113],[-70.83842,-34.48104]]}},{"type":"Feature","id":716,"properties":{},"geometry":{"type":"LineString","coordinates":[[-70.83819000000001,-34.48239],[-70.83835,-34.48237]]}},{"type":"Feature","id":717,"properties":{},"geometry":{"type":"LineString","coordinates":[[-70.83835,-34.48237],[-70.83851,-34.48232]]}},{"type":"Feature","id":718,"properties":{},"geometry":{"type":"LineString","coordinates":[[-70.83851,-34.48232],[-70.83865,-34.48228]]}},{"type":"Feature","id":719,"properties":{},"geometry":{"type":"LineString","coordinates":[[-70.83865,-34.48228],[-70.83881000000001,-34.48223]]}},{"type":"Feature","id":720,"properties":{},"geometry":{"type":"LineString","coordinates":[[-70.83881000000001,-34.48223],[-70.83890000000001,-34.48221]]}},{"type":"Feature","id":721,"properties":{},"geometry":{"type":"LineString","coordinates":[[-70.83890000000001,-34.48221],[-70.83897,-34.48219]]}},{"type":"Feature","id":722,"properties":{},"geometry":{"type":"LineString","coordinates":[[-70.83897,-34.48219],[-70.8391,-34.482150000000004]]}},{"type":"Feature","id":723,"properties":{},"geometry":{"type":"LineString","coordinates":[[-70.8391,-34.482150000000004],[-70.83932,-34.4821]]}},{"type":"Feature","id":724,"properties":{},"geometry":{"type":"LineString","coordinates":[[-70.85476,-34.48077],[-70.85429,-34.480900000000005]]}},{"type":"Feature","id":725,"properties":{},"geometry":{"type":"LineString","coordinates":[[-70.85425000000001,-34.48089],[-70.85388,-34.48039]]}},{"type":"Feature","id":726,"properties":{},"geometry":{"type":"LineString","coordinates":[[-70.85388,-34.48039],[-70.85385000000001,-34.48031]]}},{"type":"Feature","id":727,"properties":{},"geometry":{"type":"LineString","coordinates":[[-70.85385000000001,-34.48031],[-70.85384,-34.48031]]}},{"type":"Feature","id":728,"properties":{},"geometry":{"type":"LineString","coordinates":[[-70.85384,-34.48031],[-70.85381000000001,-34.480270000000004]]}},{"type":"Feature","id":729,"properties":{},"geometry":{"type":"LineString","coordinates":[[-70.85381000000001,-34.480270000000004],[-70.85377000000001,-34.48022]]}},{"type":"Feature","id":730,"properties":{},"geometry":{"type":"LineString","coordinates":[[-70.85377000000001,-34.48022],[-70.85374,-34.480140000000006]]}},{"type":"Feature","id":731,"properties":{},"geometry":{"type":"LineString","coordinates":[[-70.85374,-34.480140000000006],[-70.85363000000001,-34.48004]]}},{"type":"Feature","id":732,"properties":{},"geometry":{"type":"LineString","coordinates":[[-70.85363000000001,-34.48004],[-70.85352,-34.480000000000004]]}},{"type":"Feature","id":733,"properties":{},"geometry":{"type":"LineString","coordinates":[[-70.85352,-34.480000000000004],[-70.85339,-34.480000000000004]]}},{"type":"Feature","id":734,"properties":{},"geometry":{"type":"LineString","coordinates":[[-70.85339,-34.480000000000004],[-70.85327000000001,-34.47999]]}},{"type":"Feature","id":735,"properties":{},"geometry":{"type":"LineString","coordinates":[[-70.85327000000001,-34.47999],[-70.85315,-34.480050000000006]]}},{"type":"Feature","id":736,"properties":{},"geometry":{"type":"LineString","coordinates":[[-70.85315,-34.480050000000006],[-70.85311,-34.480070000000005]]}},{"type":"Feature","id":737,"properties":{},"geometry":{"type":"LineString","coordinates":[[-70.85311,-34.480070000000005],[-70.85303,-34.48008]]}},{"type":"Feature","id":738,"properties":{},"geometry":{"type":"LineString","coordinates":[[-70.851,-34.48015],[-70.85284,-34.480180000000004]]}},{"type":"Feature","id":739,"properties":{},"geometry":{"type":"LineString","coordinates":[[-70.851,-34.4801],[-70.85277,-34.48013]]}},{"type":"Feature","id":740,"properties":{},"geometry":{"type":"LineString","coordinates":[[-70.85155,-34.480160000000005],[-70.85162000000001,-34.48104]]}},{"type":"Feature","id":741,"properties":{},"geometry":{"type":"LineString","coordinates":[[-70.85276,-34.480180000000004],[-70.85283000000001,-34.48106]]}},{"type":"Feature","id":742,"properties":{},"geometry":{"type":"LineString","coordinates":[[-70.85566,-34.48154],[-70.8553,-34.48149]]}},{"type":"Feature","id":743,"properties":{},"geometry":{"type":"LineString","coordinates":[[-70.85277,-34.48013],[-70.85283000000001,-34.48013]]}},{"type":"Feature","id":744,"properties":{},"geometry":{"type":"LineString","coordinates":[[-70.85382,-34.480410000000006],[-70.85423,-34.480970000000006]]}},{"type":"Feature","id":745,"properties":{},"geometry":{"type":"LineString","coordinates":[[-70.85423,-34.480970000000006],[-70.85438,-34.48124]]}},{"type":"Feature","id":746,"properties":{},"geometry":{"type":"LineString","coordinates":[[-70.85334,-34.480050000000006],[-70.85342,-34.48107]]}},{"type":"Feature","id":747,"properties":{},"geometry":{"type":"LineString","coordinates":[[-70.85488000000001,-34.480650000000004],[-70.85413000000001,-34.47966]]}},{"type":"Feature","id":748,"properties":{},"geometry":{"type":"LineString","coordinates":[[-70.85434000000001,-34.48004],[-70.85376000000001,-34.48019]]}},{"type":"Feature","id":749,"properties":{},"geometry":{"type":"LineString","coordinates":[[-70.85528000000001,-34.479800000000004],[-70.85446,-34.480090000000004]]}},{"type":"Feature","id":750,"properties":{},"geometry":{"type":"LineString","coordinates":[[-70.85499,-34.47925],[-70.85413000000001,-34.479670000000006]]}},{"type":"Feature","id":751,"properties":{},"geometry":{"type":"LineString","coordinates":[[-70.85085000000001,-34.47186],[-70.85154,-34.473870000000005]]}},{"type":"Feature","id":752,"properties":{},"geometry":{"type":"LineString","coordinates":[[-70.85159,-34.4739],[-70.85247000000001,-34.473690000000005]]}},{"type":"Feature","id":753,"properties":{},"geometry":{"type":"LineString","coordinates":[[-70.85247000000001,-34.473690000000005],[-70.85298,-34.47334]]}},{"type":"Feature","id":754,"properties":{},"geometry":{"type":"LineString","coordinates":[[-70.85298,-34.47334],[-70.85388,-34.4728]]}},{"type":"Feature","id":755,"properties":{},"geometry":{"type":"LineString","coordinates":[[-70.85390000000001,-34.47274],[-70.85375,-34.472550000000005]]}},{"type":"Feature","id":756,"properties":{},"geometry":{"type":"LineString","coordinates":[[-70.85375,-34.472550000000005],[-70.85362,-34.47232]]}},{"type":"Feature","id":757,"properties":{},"geometry":{"type":"LineString","coordinates":[[-70.85362,-34.47232],[-70.85255000000001,-34.4716]]}},{"type":"Feature","id":758,"properties":{},"geometry":{"type":"LineString","coordinates":[[-70.85255000000001,-34.4716],[-70.85193000000001,-34.471180000000004]]}},{"type":"Feature","id":759,"properties":{},"geometry":{"type":"LineString","coordinates":[[-70.85193000000001,-34.471180000000004],[-70.85181,-34.47108]]}},{"type":"Feature","id":760,"properties":{},"geometry":{"type":"LineString","coordinates":[[-70.85181,-34.47108],[-70.85172,-34.47101]]}},{"type":"Feature","id":761,"properties":{},"geometry":{"type":"LineString","coordinates":[[-70.85172,-34.47101],[-70.85167000000001,-34.47102]]}},{"type":"Feature","id":762,"properties":{},"geometry":{"type":"LineString","coordinates":[[-70.85167000000001,-34.47102],[-70.85151,-34.471070000000005]]}},{"type":"Feature","id":763,"properties":{},"geometry":{"type":"LineString","coordinates":[[-70.85151,-34.471070000000005],[-70.85122000000001,-34.47177]]}},{"type":"Feature","id":764,"properties":{},"geometry":{"type":"LineString","coordinates":[[-70.85122000000001,-34.47177],[-70.85085000000001,-34.47186]]}},{"type":"Feature","id":765,"properties":{},"geometry":{"type":"LineString","coordinates":[[-70.85061,-34.47466],[-70.85166000000001,-34.474410000000006]]}},{"type":"Feature","id":766,"properties":{},"geometry":{"type":"LineString","coordinates":[[-70.85172,-34.4744],[-70.85278000000001,-34.47415]]}},{"type":"Feature","id":767,"properties":{},"geometry":{"type":"LineString","coordinates":[[-70.85142,-34.476910000000004],[-70.85244,-34.476670000000006]]}},{"type":"Feature","id":768,"properties":{},"geometry":{"type":"LineString","coordinates":[[-70.85159,-34.477380000000004],[-70.85260000000001,-34.477140000000006]]}},{"type":"Feature","id":769,"properties":{},"geometry":{"type":"LineString","coordinates":[[-70.85079,-34.477470000000004],[-70.85155,-34.47729]]}},{"type":"Feature","id":770,"properties":{},"geometry":{"type":"LineString","coordinates":[[-70.85092,-34.476530000000004],[-70.85228000000001,-34.47621]]}},{"type":"Feature","id":771,"properties":{},"geometry":{"type":"LineString","coordinates":[[-70.85071,-34.47652],[-70.85226,-34.476150000000004]]}},{"type":"Feature","id":772,"properties":{},"geometry":{"type":"LineString","coordinates":[[-70.8507,-34.475880000000004],[-70.85034,-34.4759]]}},{"type":"Feature","id":773,"properties":{},"geometry":{"type":"LineString","coordinates":[[-70.85382,-34.477360000000004],[-70.85334,-34.47596]]}},{"type":"Feature","id":774,"properties":{},"geometry":{"type":"LineString","coordinates":[[-70.85174,-34.47784],[-70.85127,-34.47645]]}},{"type":"Feature","id":775,"properties":{},"geometry":{"type":"LineString","coordinates":[[-70.85275,-34.47757],[-70.85228000000001,-34.47621]]}},{"type":"Feature","id":776,"properties":{},"geometry":{"type":"LineString","coordinates":[[-70.85281,-34.47755],[-70.85234000000001,-34.47619]]}},{"type":"Feature","id":777,"properties":{},"geometry":{"type":"LineString","coordinates":[[-70.85234000000001,-34.47619],[-70.85388,-34.47583]]}},{"type":"Feature","id":778,"properties":{},"geometry":{"type":"LineString","coordinates":[[-70.85233000000001,-34.47614],[-70.85385000000001,-34.47578]]}},{"type":"Feature","id":779,"properties":{},"geometry":{"type":"LineString","coordinates":[[-70.85042,-34.4765],[-70.85071,-34.47652]]}},{"type":"Feature","id":780,"properties":{},"geometry":{"type":"LineString","coordinates":[[-70.85079,-34.477470000000004],[-70.85039,-34.47749]]}},{"type":"Feature","id":781,"properties":{},"geometry":{"type":"LineString","coordinates":[[-70.85061,-34.47466],[-70.85025,-34.47468]]}},{"type":"Feature","id":782,"properties":{},"geometry":{"type":"LineString","coordinates":[[-70.85064000000001,-34.47511],[-70.85029,-34.47513]]}},{"type":"Feature","id":783,"properties":{},"geometry":{"type":"LineString","coordinates":[[-70.85067000000001,-34.47552],[-70.85032000000001,-34.47554]]}},{"type":"Feature","id":784,"properties":{},"geometry":{"type":"LineString","coordinates":[[-70.85304000000001,-34.474540000000005],[-70.85332000000001,-34.474410000000006]]}},{"type":"Feature","id":785,"properties":{},"geometry":{"type":"LineString","coordinates":[[-70.85327000000001,-34.474900000000005],[-70.85356,-34.47477]]}},{"type":"Feature","id":786,"properties":{},"geometry":{"type":"LineString","coordinates":[[-70.85478,-34.47719],[-70.8529,-34.477630000000005]]}},{"type":"Feature","id":787,"properties":{},"geometry":{"type":"LineString","coordinates":[[-70.85399000000001,-34.477940000000004],[-70.85316,-34.47814]]}},{"type":"Feature","id":788,"properties":{},"geometry":{"type":"LineString","coordinates":[[-70.85275,-34.47766],[-70.85159,-34.47793]]}},{"type":"Feature","id":789,"properties":{},"geometry":{"type":"LineString","coordinates":[[-70.85146,-34.47793],[-70.85072000000001,-34.478100000000005]]}},{"type":"Feature","id":790,"properties":{},"geometry":{"type":"LineString","coordinates":[[-70.85472,-34.477140000000006],[-70.85286,-34.47758]]}},{"type":"Feature","id":791,"properties":{},"geometry":{"type":"LineString","coordinates":[[-70.85048,-34.47289],[-70.85013000000001,-34.4729]]}},{"type":"Feature","id":792,"properties":{},"geometry":{"type":"LineString","coordinates":[[-70.85069,-34.47041],[-70.85132,-34.47137]]}},{"type":"Feature","id":793,"properties":{},"geometry":{"type":"LineString","coordinates":[[-70.85136,-34.471430000000005],[-70.85202000000001,-34.472440000000006]]}},{"type":"Feature","id":794,"properties":{},"geometry":{"type":"LineString","coordinates":[[-70.85175000000001,-34.472590000000004],[-70.85204,-34.472460000000005]]}},{"type":"Feature","id":795,"properties":{},"geometry":{"type":"LineString","coordinates":[[-70.85092,-34.476530000000004],[-70.85072000000001,-34.476580000000006]]}},{"type":"Feature","id":796,"properties":{},"geometry":{"type":"LineString","coordinates":[[-70.85331000000001,-34.47999],[-70.85245,-34.47862]]}},{"type":"Feature","id":797,"properties":{},"geometry":{"type":"LineString","coordinates":[[-70.85315,-34.47823],[-70.8528,-34.47768]]}},{"type":"Feature","id":798,"properties":{},"geometry":{"type":"LineString","coordinates":[[-70.85413000000001,-34.47966],[-70.85287000000001,-34.47768]]}},{"type":"Feature","id":799,"properties":{},"geometry":{"type":"LineString","coordinates":[[-70.85314000000001,-34.479710000000004],[-70.85390000000001,-34.47941]]}},{"type":"Feature","id":800,"properties":{},"geometry":{"type":"LineString","coordinates":[[-70.85257,-34.47851],[-70.85213,-34.477810000000005]]}},{"type":"Feature","id":801,"properties":{},"geometry":{"type":"LineString","coordinates":[[-70.85203,-34.478730000000006],[-70.85155,-34.477970000000006]]}},{"type":"Feature","id":802,"properties":{},"geometry":{"type":"LineString","coordinates":[[-70.85386000000001,-34.47925],[-70.85472,-34.478730000000006]]}},{"type":"Feature","id":803,"properties":{},"geometry":{"type":"LineString","coordinates":[[-70.85470000000001,-34.47831],[-70.85470000000001,-34.478300000000004]]}},{"type":"Feature","id":804,"properties":{},"geometry":{"type":"LineString","coordinates":[[-70.85416000000001,-34.47845],[-70.85470000000001,-34.47831]]}},{"type":"Feature","id":805,"properties":{},"geometry":{"type":"LineString","coordinates":[[-70.85472,-34.478730000000006],[-70.85470000000001,-34.47831]]}},{"type":"Feature","id":806,"properties":{},"geometry":{"type":"LineString","coordinates":[[-70.85470000000001,-34.47831],[-70.85539,-34.478120000000004]]}},{"type":"Feature","id":807,"properties":{},"geometry":{"type":"LineString","coordinates":[[-70.85436,-34.47729],[-70.85470000000001,-34.47831]]}},{"type":"Feature","id":808,"properties":{},"geometry":{"type":"LineString","coordinates":[[-70.85381000000001,-34.477410000000006],[-70.85415,-34.478440000000006]]}},{"type":"Feature","id":809,"properties":{},"geometry":{"type":"LineString","coordinates":[[-70.85415,-34.478440000000006],[-70.85416000000001,-34.47845]]}},{"type":"Feature","id":810,"properties":{},"geometry":{"type":"LineString","coordinates":[[-70.85175000000001,-34.472590000000004],[-70.85115,-34.472730000000006]]}},{"type":"Feature","id":811,"properties":{},"geometry":{"type":"LineString","coordinates":[[-70.85108000000001,-34.47274],[-70.85048,-34.47289]]}},{"type":"Feature","id":812,"properties":{},"geometry":{"type":"LineString","coordinates":[[-70.85366,-34.476890000000004],[-70.85266,-34.47713]]}},{"type":"Feature","id":813,"properties":{},"geometry":{"type":"LineString","coordinates":[[-70.85350000000001,-34.476420000000005],[-70.8525,-34.47665]]}},{"type":"Feature","id":814,"properties":{},"geometry":{"type":"LineString","coordinates":[[-70.85361,-34.47674],[-70.85438,-34.476580000000006]]}},{"type":"Feature","id":815,"properties":{},"geometry":{"type":"LineString","coordinates":[[-70.85215000000001,-34.47319],[-70.85244,-34.473060000000004]]}},{"type":"Feature","id":816,"properties":{},"geometry":{"type":"LineString","coordinates":[[-70.83922000000001,-34.475370000000005],[-70.83918,-34.475120000000004]]}},{"type":"Feature","id":817,"properties":{},"geometry":{"type":"LineString","coordinates":[[-70.83918,-34.475120000000004],[-70.83909,-34.47469]]}},{"type":"Feature","id":818,"properties":{},"geometry":{"type":"LineString","coordinates":[[-70.83922000000001,-34.47468],[-70.83913000000001,-34.47426]]}},{"type":"Feature","id":819,"properties":{},"geometry":{"type":"LineString","coordinates":[[-70.83913000000001,-34.47426],[-70.83908000000001,-34.474000000000004]]}},{"type":"Feature","id":820,"properties":{},"geometry":{"type":"LineString","coordinates":[[-70.83908000000001,-34.474000000000004],[-70.83898,-34.47348]]}},{"type":"Feature","id":821,"properties":{},"geometry":{"type":"LineString","coordinates":[[-70.84267000000001,-34.48053],[-70.84357,-34.480430000000005]]}},{"type":"Feature","id":822,"properties":{},"geometry":{"type":"LineString","coordinates":[[-70.84357,-34.480430000000005],[-70.84407,-34.48037]]}},{"type":"Feature","id":823,"properties":{},"geometry":{"type":"LineString","coordinates":[[-70.84407,-34.48037],[-70.84418000000001,-34.48037]]}},{"type":"Feature","id":824,"properties":{},"geometry":{"type":"LineString","coordinates":[[-70.84076,-34.475280000000005],[-70.84166,-34.47525]]}},{"type":"Feature","id":825,"properties":{},"geometry":{"type":"LineString","coordinates":[[-70.85326,-34.47088],[-70.85421000000001,-34.471520000000005]]}},{"type":"Feature","id":826,"properties":{},"geometry":{"type":"LineString","coordinates":[[-70.85469,-34.471880000000006],[-70.85480000000001,-34.472060000000006]]}},{"type":"Feature","id":827,"properties":{},"geometry":{"type":"LineString","coordinates":[[-70.85480000000001,-34.472060000000006],[-70.8553,-34.472730000000006]]}},{"type":"Feature","id":828,"properties":{},"geometry":{"type":"LineString","coordinates":[[-70.85399000000001,-34.472860000000004],[-70.85426000000001,-34.47321]]}},{"type":"Feature","id":829,"properties":{},"geometry":{"type":"LineString","coordinates":[[-70.85426000000001,-34.47321],[-70.85476,-34.474050000000005]]}},{"type":"Feature","id":830,"properties":{},"geometry":{"type":"LineString","coordinates":[[-70.85476,-34.474050000000005],[-70.85483,-34.47442]]}},{"type":"Feature","id":831,"properties":{},"geometry":{"type":"LineString","coordinates":[[-70.85483,-34.47442],[-70.85498000000001,-34.47468]]}},{"type":"Feature","id":832,"properties":{},"geometry":{"type":"LineString","coordinates":[[-70.85498000000001,-34.47468],[-70.85499,-34.475030000000004]]}},{"type":"Feature","id":833,"properties":{},"geometry":{"type":"LineString","coordinates":[[-70.855,-34.47556],[-70.85499,-34.47509]]}},{"type":"Feature","id":834,"properties":{},"geometry":{"type":"LineString","coordinates":[[-70.85385000000001,-34.47578],[-70.85499,-34.475030000000004]]}},{"type":"Feature","id":835,"properties":{},"geometry":{"type":"LineString","coordinates":[[-70.85388,-34.47583],[-70.85499,-34.47509]]}},{"type":"Feature","id":836,"properties":{},"geometry":{"type":"LineString","coordinates":[[-70.85498000000001,-34.47469],[-70.85498000000001,-34.47468]]}},{"type":"Feature","id":837,"properties":{},"geometry":{"type":"LineString","coordinates":[[-70.85505,-34.47502],[-70.85578000000001,-34.47468]]}},{"type":"Feature","id":838,"properties":{},"geometry":{"type":"LineString","coordinates":[[-70.85524000000001,-34.475930000000005],[-70.85525000000001,-34.47594]]}},{"type":"Feature","id":839,"properties":{},"geometry":{"type":"LineString","coordinates":[[-70.855,-34.47556],[-70.855,-34.475570000000005]]}},{"type":"Feature","id":840,"properties":{},"geometry":{"type":"LineString","coordinates":[[-70.85377000000001,-34.47509],[-70.85405,-34.47496]]}},{"type":"Feature","id":841,"properties":{},"geometry":{"type":"LineString","coordinates":[[-70.85248,-34.47256],[-70.85327000000001,-34.47209]]}},{"type":"Feature","id":842,"properties":{},"geometry":{"type":"LineString","coordinates":[[-70.85332000000001,-34.47205],[-70.85421000000001,-34.471520000000005]]}},{"type":"Feature","id":843,"properties":{},"geometry":{"type":"LineString","coordinates":[[-70.85379,-34.474560000000004],[-70.85350000000001,-34.47469]]}},{"type":"Feature","id":844,"properties":{},"geometry":{"type":"LineString","coordinates":[[-70.85302,-34.473380000000006],[-70.85391,-34.47285]]}},{"type":"Feature","id":845,"properties":{},"geometry":{"type":"LineString","coordinates":[[-70.85327000000001,-34.473760000000006],[-70.85301000000001,-34.47388]]}},{"type":"Feature","id":846,"properties":{},"geometry":{"type":"LineString","coordinates":[[-70.85251000000001,-34.47374],[-70.85270000000001,-34.47361]]}},{"type":"Feature","id":847,"properties":{},"geometry":{"type":"LineString","coordinates":[[-70.85282000000001,-34.473530000000004],[-70.85302,-34.473380000000006]]}},{"type":"Feature","id":848,"properties":{},"geometry":{"type":"LineString","coordinates":[[-70.85353,-34.474160000000005],[-70.85324,-34.47429]]}},{"type":"Feature","id":849,"properties":{},"geometry":{"type":"LineString","coordinates":[[-70.85264000000001,-34.47046],[-70.85326,-34.47088]]}},{"type":"Feature","id":850,"properties":{},"geometry":{"type":"LineString","coordinates":[[-70.85469,-34.471880000000006],[-70.85444000000001,-34.4716]]}},{"type":"Feature","id":851,"properties":{},"geometry":{"type":"LineString","coordinates":[[-70.85174,-34.470960000000005],[-70.85218,-34.470220000000005]]}},{"type":"Feature","id":852,"properties":{},"geometry":{"type":"LineString","coordinates":[[-70.84759000000001,-34.469530000000006],[-70.8476,-34.469550000000005]]}},{"type":"Feature","id":853,"properties":{},"geometry":{"type":"LineString","coordinates":[[-70.8476,-34.469550000000005],[-70.84788,-34.469930000000005]]}},{"type":"Feature","id":854,"properties":{},"geometry":{"type":"LineString","coordinates":[[-70.84788,-34.469930000000005],[-70.84788,-34.46994]]}},{"type":"Feature","id":855,"properties":{},"geometry":{"type":"LineString","coordinates":[[-70.84788,-34.46994],[-70.84796,-34.47005]]}},{"type":"Feature","id":856,"properties":{},"geometry":{"type":"LineString","coordinates":[[-70.84796,-34.47005],[-70.84798,-34.47008]]}},{"type":"Feature","id":857,"properties":{},"geometry":{"type":"LineString","coordinates":[[-70.84798,-34.47008],[-70.84801,-34.4701]]}},{"type":"Feature","id":858,"properties":{},"geometry":{"type":"LineString","coordinates":[[-70.84801,-34.4701],[-70.84822000000001,-34.470400000000005]]}},{"type":"Feature","id":859,"properties":{},"geometry":{"type":"LineString","coordinates":[[-70.84822000000001,-34.470400000000005],[-70.84825000000001,-34.47045]]}},{"type":"Feature","id":860,"properties":{},"geometry":{"type":"LineString","coordinates":[[-70.84825000000001,-34.47045],[-70.84829,-34.4705]]}},{"type":"Feature","id":861,"properties":{},"geometry":{"type":"LineString","coordinates":[[-70.84829,-34.4705],[-70.84832,-34.47054]]}},{"type":"Feature","id":862,"properties":{},"geometry":{"type":"LineString","coordinates":[[-70.84832,-34.47054],[-70.84835000000001,-34.47057]]}},{"type":"Feature","id":863,"properties":{},"geometry":{"type":"LineString","coordinates":[[-70.84835000000001,-34.47057],[-70.84837,-34.47061]]}},{"type":"Feature","id":864,"properties":{},"geometry":{"type":"LineString","coordinates":[[-70.84837,-34.47061],[-70.84838,-34.47063]]}},{"type":"Feature","id":865,"properties":{},"geometry":{"type":"LineString","coordinates":[[-70.84838,-34.47063],[-70.84839000000001,-34.47064]]}},{"type":"Feature","id":866,"properties":{},"geometry":{"type":"LineString","coordinates":[[-70.84839000000001,-34.47064],[-70.84843000000001,-34.470670000000005]]}},{"type":"Feature","id":867,"properties":{},"geometry":{"type":"LineString","coordinates":[[-70.84843000000001,-34.470670000000005],[-70.84845,-34.47072]]}},{"type":"Feature","id":868,"properties":{},"geometry":{"type":"LineString","coordinates":[[-70.84845,-34.47072],[-70.84845,-34.47074]]}},{"type":"Feature","id":869,"properties":{},"geometry":{"type":"LineString","coordinates":[[-70.84845,-34.47074],[-70.84846,-34.47077]]}},{"type":"Feature","id":870,"properties":{},"geometry":{"type":"LineString","coordinates":[[-70.84846,-34.47077],[-70.84848000000001,-34.470800000000004]]}},{"type":"Feature","id":871,"properties":{},"geometry":{"type":"LineString","coordinates":[[-70.84848000000001,-34.470800000000004],[-70.84849000000001,-34.470850000000006]]}},{"type":"Feature","id":872,"properties":{},"geometry":{"type":"LineString","coordinates":[[-70.84849000000001,-34.470850000000006],[-70.84849000000001,-34.470870000000005]]}},{"type":"Feature","id":873,"properties":{},"geometry":{"type":"LineString","coordinates":[[-70.84849000000001,-34.470870000000005],[-70.84851,-34.47093]]}},{"type":"Feature","id":874,"properties":{},"geometry":{"type":"LineString","coordinates":[[-70.84851,-34.47093],[-70.84852000000001,-34.47095]]}},{"type":"Feature","id":875,"properties":{},"geometry":{"type":"LineString","coordinates":[[-70.84852000000001,-34.47095],[-70.84853000000001,-34.47097]]}},{"type":"Feature","id":876,"properties":{},"geometry":{"type":"LineString","coordinates":[[-70.84853000000001,-34.47097],[-70.84853000000001,-34.47099]]}},{"type":"Feature","id":877,"properties":{},"geometry":{"type":"LineString","coordinates":[[-70.84853000000001,-34.47099],[-70.84853000000001,-34.47101]]}},{"type":"Feature","id":878,"properties":{},"geometry":{"type":"LineString","coordinates":[[-70.84853000000001,-34.47101],[-70.84852000000001,-34.47104]]}},{"type":"Feature","id":879,"properties":{},"geometry":{"type":"LineString","coordinates":[[-70.84852000000001,-34.47104],[-70.84853000000001,-34.471070000000005]]}},{"type":"Feature","id":880,"properties":{},"geometry":{"type":"LineString","coordinates":[[-70.84853000000001,-34.471070000000005],[-70.84853000000001,-34.47113]]}},{"type":"Feature","id":881,"properties":{},"geometry":{"type":"LineString","coordinates":[[-70.84853000000001,-34.47113],[-70.84854,-34.47115]]}},{"type":"Feature","id":882,"properties":{},"geometry":{"type":"LineString","coordinates":[[-70.84854,-34.47115],[-70.84854,-34.47119]]}},{"type":"Feature","id":883,"properties":{},"geometry":{"type":"LineString","coordinates":[[-70.84854,-34.47119],[-70.84855,-34.471230000000006]]}},{"type":"Feature","id":884,"properties":{},"geometry":{"type":"LineString","coordinates":[[-70.84855,-34.471230000000006],[-70.84856,-34.47128]]}},{"type":"Feature","id":885,"properties":{},"geometry":{"type":"LineString","coordinates":[[-70.84856,-34.47128],[-70.84859,-34.471340000000005]]}},{"type":"Feature","id":886,"properties":{},"geometry":{"type":"LineString","coordinates":[[-70.84859,-34.471340000000005],[-70.84862000000001,-34.4714]]}},{"type":"Feature","id":887,"properties":{},"geometry":{"type":"LineString","coordinates":[[-70.84862000000001,-34.4714],[-70.84866000000001,-34.471470000000004]]}},{"type":"Feature","id":888,"properties":{},"geometry":{"type":"LineString","coordinates":[[-70.84866000000001,-34.471470000000004],[-70.84869,-34.47153]]}},{"type":"Feature","id":889,"properties":{},"geometry":{"type":"LineString","coordinates":[[-70.84869,-34.47153],[-70.84872,-34.4716]]}},{"type":"Feature","id":890,"properties":{},"geometry":{"type":"LineString","coordinates":[[-70.84872,-34.4716],[-70.84875000000001,-34.471650000000004]]}},{"type":"Feature","id":891,"properties":{},"geometry":{"type":"LineString","coordinates":[[-70.84875000000001,-34.471650000000004],[-70.84880000000001,-34.47171]]}},{"type":"Feature","id":892,"properties":{},"geometry":{"type":"LineString","coordinates":[[-70.84880000000001,-34.47171],[-70.84885,-34.471740000000004]]}},{"type":"Feature","id":893,"properties":{},"geometry":{"type":"LineString","coordinates":[[-70.84885,-34.471740000000004],[-70.84892,-34.47176]]}},{"type":"Feature","id":894,"properties":{},"geometry":{"type":"LineString","coordinates":[[-70.84892,-34.47176],[-70.84898000000001,-34.47178]]}},{"type":"Feature","id":895,"properties":{},"geometry":{"type":"LineString","coordinates":[[-70.84898000000001,-34.47178],[-70.84971,-34.471940000000004]]}},{"type":"Feature","id":896,"properties":{},"geometry":{"type":"LineString","coordinates":[[-70.84971,-34.471940000000004],[-70.85041000000001,-34.47191]]}},{"type":"Feature","id":897,"properties":{},"geometry":{"type":"LineString","coordinates":[[-70.85041000000001,-34.47191],[-70.85117000000001,-34.47173]]}},{"type":"Feature","id":898,"properties":{},"geometry":{"type":"LineString","coordinates":[[-70.85117000000001,-34.47173],[-70.85145,-34.471030000000006]]}},{"type":"Feature","id":899,"properties":{},"geometry":{"type":"LineString","coordinates":[[-70.85145,-34.471030000000006],[-70.85165,-34.47097]]}},{"type":"Feature","id":900,"properties":{},"geometry":{"type":"LineString","coordinates":[[-70.85165,-34.47097],[-70.85170000000001,-34.470960000000005]]}},{"type":"Feature","id":901,"properties":{},"geometry":{"type":"LineString","coordinates":[[-70.85177,-34.47097],[-70.85186,-34.47104]]}},{"type":"Feature","id":902,"properties":{},"geometry":{"type":"LineString","coordinates":[[-70.85186,-34.47104],[-70.85197000000001,-34.471140000000005]]}},{"type":"Feature","id":903,"properties":{},"geometry":{"type":"LineString","coordinates":[[-70.85197000000001,-34.471140000000005],[-70.85259,-34.47155]]}},{"type":"Feature","id":904,"properties":{},"geometry":{"type":"LineString","coordinates":[[-70.85259,-34.47155],[-70.85367000000001,-34.47229]]}},{"type":"Feature","id":905,"properties":{},"geometry":{"type":"LineString","coordinates":[[-70.85367000000001,-34.47229],[-70.85381000000001,-34.47252]]}},{"type":"Feature","id":906,"properties":{},"geometry":{"type":"LineString","coordinates":[[-70.85381000000001,-34.47252],[-70.85432,-34.47319]]}},{"type":"Feature","id":907,"properties":{},"geometry":{"type":"LineString","coordinates":[[-70.85432,-34.47319],[-70.85482,-34.47404]]}},{"type":"Feature","id":908,"properties":{},"geometry":{"type":"LineString","coordinates":[[-70.85482,-34.47404],[-70.85489000000001,-34.474410000000006]]}},{"type":"Feature","id":909,"properties":{},"geometry":{"type":"LineString","coordinates":[[-70.85489000000001,-34.474410000000006],[-70.85505,-34.47467]]}},{"type":"Feature","id":910,"properties":{},"geometry":{"type":"LineString","coordinates":[[-70.85505,-34.47467],[-70.85506000000001,-34.475550000000005]]}},{"type":"Feature","id":911,"properties":{},"geometry":{"type":"LineString","coordinates":[[-70.85506000000001,-34.475550000000005],[-70.85532,-34.475950000000005]]}},{"type":"Feature","id":912,"properties":{},"geometry":{"type":"LineString","coordinates":[[-70.85532,-34.475950000000005],[-70.85501000000001,-34.476330000000004]]}},{"type":"Feature","id":913,"properties":{},"geometry":{"type":"LineString","coordinates":[[-70.85499,-34.476380000000006],[-70.85478,-34.47719]]}},{"type":"Feature","id":914,"properties":{},"geometry":{"type":"LineString","coordinates":[[-70.84280000000001,-34.474230000000006],[-70.8403,-34.474380000000004]]}},{"type":"Feature","id":915,"properties":{},"geometry":{"type":"LineString","coordinates":[[-70.84024000000001,-34.474430000000005],[-70.83918,-34.47449]]}},{"type":"Feature","id":916,"properties":{},"geometry":{"type":"LineString","coordinates":[[-70.84271000000001,-34.473780000000005],[-70.84021,-34.47393]]}},{"type":"Feature","id":917,"properties":{},"geometry":{"type":"LineString","coordinates":[[-70.84015000000001,-34.47397],[-70.83909,-34.474030000000006]]}},{"type":"Feature","id":918,"properties":{},"geometry":{"type":"LineString","coordinates":[[-70.84263,-34.47334],[-70.84013,-34.473490000000005]]}},{"type":"Feature","id":919,"properties":{},"geometry":{"type":"LineString","coordinates":[[-70.84006000000001,-34.4735],[-70.83900000000001,-34.47357]]}},{"type":"Feature","id":920,"properties":{},"geometry":{"type":"LineString","coordinates":[[-70.83913000000001,-34.47422],[-70.83796000000001,-34.47429]]}},{"type":"Feature","id":921,"properties":{},"geometry":{"type":"LineString","coordinates":[[-70.83905,-34.47383],[-70.83771,-34.473910000000004]]}},{"type":"Feature","id":922,"properties":{},"geometry":{"type":"LineString","coordinates":[[-70.83898,-34.47348],[-70.83754,-34.473560000000006]]}},{"type":"Feature","id":923,"properties":{},"geometry":{"type":"LineString","coordinates":[[-70.83885000000001,-34.47314],[-70.8374,-34.47323]]}},{"type":"Feature","id":924,"properties":{},"geometry":{"type":"LineString","coordinates":[[-70.83813,-34.47287],[-70.83736,-34.47292]]}},{"type":"Feature","id":925,"properties":{},"geometry":{"type":"LineString","coordinates":[[-70.84370000000001,-34.47448],[-70.84383000000001,-34.47515]]}},{"type":"Feature","id":926,"properties":{},"geometry":{"type":"LineString","coordinates":[[-70.84292,-34.474520000000005],[-70.84549000000001,-34.474360000000004]]}},{"type":"Feature","id":927,"properties":{},"geometry":{"type":"LineString","coordinates":[[-70.84285000000001,-34.474140000000006],[-70.84539000000001,-34.473980000000005]]}},{"type":"Feature","id":928,"properties":{},"geometry":{"type":"LineString","coordinates":[[-70.84549000000001,-34.47411],[-70.84671,-34.47404]]}},{"type":"Feature","id":929,"properties":{},"geometry":{"type":"LineString","coordinates":[[-70.85274000000001,-34.47296],[-70.85245,-34.473090000000006]]}},{"type":"Feature","id":930,"properties":{},"geometry":{"type":"LineString","coordinates":[[-70.85248,-34.47256],[-70.85219000000001,-34.47269]]}},{"type":"Feature","id":931,"properties":{},"geometry":{"type":"LineString","coordinates":[[-70.85214,-34.47205],[-70.85185,-34.47218]]}},{"type":"Feature","id":932,"properties":{},"geometry":{"type":"LineString","coordinates":[[-70.85438,-34.476580000000006],[-70.85466000000001,-34.47645]]}},{"type":"Feature","id":933,"properties":{},"geometry":{"type":"LineString","coordinates":[[-70.84974000000001,-34.480140000000006],[-70.85015,-34.48012]]}},{"type":"Feature","id":934,"properties":{},"geometry":{"type":"LineString","coordinates":[[-70.84922,-34.47543],[-70.84909,-34.47516]]}},{"type":"Feature","id":935,"properties":{},"geometry":{"type":"LineString","coordinates":[[-70.84909,-34.47516],[-70.84876000000001,-34.474880000000006]]}},{"type":"Feature","id":936,"properties":{},"geometry":{"type":"LineString","coordinates":[[-70.84876000000001,-34.474880000000006],[-70.84851,-34.474630000000005]]}},{"type":"Feature","id":937,"properties":{},"geometry":{"type":"LineString","coordinates":[[-70.84851,-34.474630000000005],[-70.84847,-34.474520000000005]]}},{"type":"Feature","id":938,"properties":{},"geometry":{"type":"LineString","coordinates":[[-70.84869,-34.47167],[-70.84876000000001,-34.471740000000004]]}},{"type":"Feature","id":939,"properties":{},"geometry":{"type":"LineString","coordinates":[[-70.84659,-34.47359],[-70.84785000000001,-34.473510000000005]]}},{"type":"Feature","id":940,"properties":{},"geometry":{"type":"LineString","coordinates":[[-70.84604,-34.47551],[-70.84657,-34.475750000000005]]}},{"type":"Feature","id":941,"properties":{},"geometry":{"type":"LineString","coordinates":[[-70.84831000000001,-34.47567],[-70.84875000000001,-34.47585]]}},{"type":"Feature","id":942,"properties":{},"geometry":{"type":"LineString","coordinates":[[-70.84801,-34.47522],[-70.84904,-34.475120000000004]]}},{"type":"Feature","id":943,"properties":{},"geometry":{"type":"LineString","coordinates":[[-70.84926,-34.47542],[-70.84995,-34.47536]]}},{"type":"Feature","id":944,"properties":{},"geometry":{"type":"LineString","coordinates":[[-70.84796,-34.47457],[-70.8482,-34.474540000000005]]}},{"type":"Feature","id":945,"properties":{},"geometry":{"type":"LineString","coordinates":[[-70.85078,-34.471880000000006],[-70.85042,-34.47196]]}},{"type":"Feature","id":946,"properties":{},"geometry":{"type":"LineString","coordinates":[[-70.85042,-34.47196],[-70.84971,-34.472]]}},{"type":"Feature","id":947,"properties":{},"geometry":{"type":"LineString","coordinates":[[-70.84971,-34.472],[-70.84896,-34.471830000000004]]}},{"type":"Feature","id":948,"properties":{},"geometry":{"type":"LineString","coordinates":[[-70.84896,-34.471830000000004],[-70.8489,-34.471810000000005]]}},{"type":"Feature","id":949,"properties":{},"geometry":{"type":"LineString","coordinates":[[-70.8489,-34.471810000000005],[-70.84889000000001,-34.471810000000005]]}},{"type":"Feature","id":950,"properties":{},"geometry":{"type":"LineString","coordinates":[[-70.84884000000001,-34.471830000000004],[-70.8491,-34.473400000000005]]}},{"type":"Feature","id":951,"properties":{},"geometry":{"type":"LineString","coordinates":[[-70.84904,-34.473060000000004],[-70.84915000000001,-34.4737]]}},{"type":"Feature","id":952,"properties":{},"geometry":{"type":"LineString","coordinates":[[-70.84915000000001,-34.4737],[-70.84920000000001,-34.47435]]}},{"type":"Feature","id":953,"properties":{},"geometry":{"type":"LineString","coordinates":[[-70.84987000000001,-34.474320000000006],[-70.85056,-34.474140000000006]]}},{"type":"Feature","id":954,"properties":{},"geometry":{"type":"LineString","coordinates":[[-70.85056,-34.474140000000006],[-70.85145,-34.47393]]}},{"type":"Feature","id":955,"properties":{},"geometry":{"type":"LineString","coordinates":[[-70.85148000000001,-34.473890000000004],[-70.85078,-34.471880000000006]]}},{"type":"Feature","id":956,"properties":{},"geometry":{"type":"LineString","coordinates":[[-70.84939,-34.47442],[-70.84946000000001,-34.475410000000004]]}},{"type":"Feature","id":957,"properties":{},"geometry":{"type":"LineString","coordinates":[[-70.84995,-34.47536],[-70.8503,-34.47534]]}},{"type":"Feature","id":958,"properties":{},"geometry":{"type":"LineString","coordinates":[[-70.84926,-34.47542],[-70.84922,-34.47543]]}},{"type":"Feature","id":959,"properties":{},"geometry":{"type":"LineString","coordinates":[[-70.84967,-34.476470000000006],[-70.84957,-34.47637]]}},{"type":"Feature","id":960,"properties":{},"geometry":{"type":"LineString","coordinates":[[-70.84659,-34.474700000000006],[-70.84685,-34.47574]]}},{"type":"Feature","id":961,"properties":{},"geometry":{"type":"LineString","coordinates":[[-70.84792,-34.474610000000006],[-70.84803000000001,-34.47533]]}},{"type":"Feature","id":962,"properties":{},"geometry":{"type":"LineString","coordinates":[[-70.84786000000001,-34.474610000000006],[-70.84796,-34.47534]]}},{"type":"Feature","id":963,"properties":{},"geometry":{"type":"LineString","coordinates":[[-70.84669000000001,-34.473960000000005],[-70.84682000000001,-34.474630000000005]]}},{"type":"Feature","id":964,"properties":{},"geometry":{"type":"LineString","coordinates":[[-70.84746000000001,-34.47392],[-70.84758000000001,-34.47455]]}},{"type":"Feature","id":965,"properties":{},"geometry":{"type":"LineString","coordinates":[[-70.84530000000001,-34.4699],[-70.84524,-34.46997]]}},{"type":"Feature","id":966,"properties":{},"geometry":{"type":"LineString","coordinates":[[-70.84829,-34.47379],[-70.84909,-34.473710000000004]]}},{"type":"Feature","id":967,"properties":{},"geometry":{"type":"LineString","coordinates":[[-70.84915000000001,-34.4737],[-70.84982000000001,-34.47364]]}},{"type":"Feature","id":968,"properties":{},"geometry":{"type":"LineString","coordinates":[[-70.84982000000001,-34.47364],[-70.85018000000001,-34.473620000000004]]}},{"type":"Feature","id":969,"properties":{},"geometry":{"type":"LineString","coordinates":[[-70.84978000000001,-34.47298],[-70.85013000000001,-34.47296]]}},{"type":"Feature","id":970,"properties":{},"geometry":{"type":"LineString","coordinates":[[-70.84978000000001,-34.47298],[-70.84904,-34.473060000000004]]}},{"type":"Feature","id":971,"properties":{},"geometry":{"type":"LineString","coordinates":[[-70.84973000000001,-34.472390000000004],[-70.84895,-34.472480000000004]]}},{"type":"Feature","id":972,"properties":{},"geometry":{"type":"LineString","coordinates":[[-70.84973000000001,-34.472390000000004],[-70.85009000000001,-34.47238]]}},{"type":"Feature","id":973,"properties":{},"geometry":{"type":"LineString","coordinates":[[-70.84769,-34.47337],[-70.84901,-34.473240000000004]]}},{"type":"Feature","id":974,"properties":{},"geometry":{"type":"LineString","coordinates":[[-70.84776000000001,-34.472950000000004],[-70.84894,-34.47283]]}},{"type":"Feature","id":975,"properties":{},"geometry":{"type":"LineString","coordinates":[[-70.84766,-34.47251],[-70.84886,-34.472390000000004]]}},{"type":"Feature","id":976,"properties":{},"geometry":{"type":"LineString","coordinates":[[-70.84867000000001,-34.471630000000005],[-70.84748,-34.47175]]}},{"type":"Feature","id":977,"properties":{},"geometry":{"type":"LineString","coordinates":[[-70.84740000000001,-34.47214],[-70.84880000000001,-34.472]]}},{"type":"Feature","id":978,"properties":{},"geometry":{"type":"LineString","coordinates":[[-70.84710000000001,-34.471410000000006],[-70.84849000000001,-34.471270000000004]]}},{"type":"Feature","id":979,"properties":{},"geometry":{"type":"LineString","coordinates":[[-70.84846,-34.470960000000005],[-70.84663,-34.47115]]}},{"type":"Feature","id":980,"properties":{},"geometry":{"type":"LineString","coordinates":[[-70.84836,-34.4707],[-70.84648,-34.470890000000004]]}},{"type":"Feature","id":981,"properties":{},"geometry":{"type":"LineString","coordinates":[[-70.84815,-34.47041],[-70.84688,-34.47054]]}},{"type":"Feature","id":982,"properties":{},"geometry":{"type":"LineString","coordinates":[[-70.85001000000001,-34.471320000000006],[-70.84862000000001,-34.47139]]}},{"type":"Feature","id":983,"properties":{},"geometry":{"type":"LineString","coordinates":[[-70.85005000000001,-34.47193],[-70.84996000000001,-34.47063]]}},{"type":"Feature","id":984,"properties":{},"geometry":{"type":"LineString","coordinates":[[-70.84998,-34.47088],[-70.84852000000001,-34.47095]]}},{"type":"Feature","id":985,"properties":{},"geometry":{"type":"LineString","coordinates":[[-70.84945,-34.470470000000006],[-70.84831000000001,-34.47052]]}},{"type":"Feature","id":986,"properties":{},"geometry":{"type":"LineString","coordinates":[[-70.84643000000001,-34.467600000000004],[-70.84561000000001,-34.466350000000006]]}},{"type":"Feature","id":987,"properties":{},"geometry":{"type":"LineString","coordinates":[[-70.84945,-34.470470000000006],[-70.84975,-34.47032]]}},{"type":"Feature","id":988,"properties":{},"geometry":{"type":"LineString","coordinates":[[-70.84935,-34.46974],[-70.84815,-34.4703]]}},{"type":"Feature","id":989,"properties":{},"geometry":{"type":"LineString","coordinates":[[-70.84908,-34.469350000000006],[-70.84787,-34.46992]]}},{"type":"Feature","id":990,"properties":{},"geometry":{"type":"LineString","coordinates":[[-70.84881,-34.46895],[-70.84759000000001,-34.469530000000006]]}},{"type":"Feature","id":991,"properties":{},"geometry":{"type":"LineString","coordinates":[[-70.84854,-34.468560000000004],[-70.84747,-34.46907]]}},{"type":"Feature","id":992,"properties":{},"geometry":{"type":"LineString","coordinates":[[-70.84744,-34.46972],[-70.84754000000001,-34.469570000000004]]}},{"type":"Feature","id":993,"properties":{},"geometry":{"type":"LineString","coordinates":[[-70.84643000000001,-34.467600000000004],[-70.84738,-34.468590000000006]]}},{"type":"Feature","id":994,"properties":{},"geometry":{"type":"LineString","coordinates":[[-70.84021,-34.46132],[-70.84025000000001,-34.46141]]}},{"type":"Feature","id":995,"properties":{},"geometry":{"type":"LineString","coordinates":[[-70.84025000000001,-34.46141],[-70.84024000000001,-34.46154]]}},{"type":"Feature","id":996,"properties":{},"geometry":{"type":"LineString","coordinates":[[-70.84024000000001,-34.46154],[-70.84025000000001,-34.46163]]}},{"type":"Feature","id":997,"properties":{},"geometry":{"type":"LineString","coordinates":[[-70.84025000000001,-34.46163],[-70.84027,-34.461690000000004]]}},{"type":"Feature","id":998,"properties":{},"geometry":{"type":"LineString","coordinates":[[-70.84027,-34.461690000000004],[-70.84029000000001,-34.461780000000005]]}},{"type":"Feature","id":999,"properties":{},"geometry":{"type":"LineString","coordinates":[[-70.84029000000001,-34.461780000000005],[-70.84032,-34.461870000000005]]}},{"type":"Feature","id":1000,"properties":{},"geometry":{"type":"LineString","coordinates":[[-70.84032,-34.461870000000005],[-70.84032,-34.461960000000005]]}},{"type":"Feature","id":1001,"properties":{},"geometry":{"type":"LineString","coordinates":[[-70.84032,-34.461960000000005],[-70.84043000000001,-34.46226]]}},{"type":"Feature","id":1002,"properties":{},"geometry":{"type":"LineString","coordinates":[[-70.84103,-34.46249],[-70.84135,-34.462810000000005]]}},{"type":"Feature","id":1003,"properties":{},"geometry":{"type":"LineString","coordinates":[[-70.84135,-34.462810000000005],[-70.84173000000001,-34.46305]]}},{"type":"Feature","id":1004,"properties":{},"geometry":{"type":"LineString","coordinates":[[-70.84173000000001,-34.46305],[-70.8418,-34.463100000000004]]}},{"type":"Feature","id":1005,"properties":{},"geometry":{"type":"LineString","coordinates":[[-70.8418,-34.463100000000004],[-70.84206,-34.463260000000005]]}},{"type":"Feature","id":1006,"properties":{},"geometry":{"type":"LineString","coordinates":[[-70.84206,-34.463260000000005],[-70.84214,-34.46332]]}},{"type":"Feature","id":1007,"properties":{},"geometry":{"type":"LineString","coordinates":[[-70.84214,-34.46332],[-70.84216,-34.46334]]}},{"type":"Feature","id":1008,"properties":{},"geometry":{"type":"LineString","coordinates":[[-70.84216,-34.46334],[-70.84219,-34.463370000000005]]}},{"type":"Feature","id":1009,"properties":{},"geometry":{"type":"LineString","coordinates":[[-70.84219,-34.463370000000005],[-70.84225,-34.46341]]}},{"type":"Feature","id":1010,"properties":{},"geometry":{"type":"LineString","coordinates":[[-70.84225,-34.46341],[-70.84228,-34.46343]]}},{"type":"Feature","id":1011,"properties":{},"geometry":{"type":"LineString","coordinates":[[-70.84228,-34.46343],[-70.84230000000001,-34.463440000000006]]}},{"type":"Feature","id":1012,"properties":{},"geometry":{"type":"LineString","coordinates":[[-70.84230000000001,-34.463440000000006],[-70.84244000000001,-34.4635]]}},{"type":"Feature","id":1013,"properties":{},"geometry":{"type":"LineString","coordinates":[[-70.84244000000001,-34.4635],[-70.84253000000001,-34.46354]]}},{"type":"Feature","id":1014,"properties":{},"geometry":{"type":"LineString","coordinates":[[-70.84253000000001,-34.46354],[-70.84258000000001,-34.46354]]}},{"type":"Feature","id":1015,"properties":{},"geometry":{"type":"LineString","coordinates":[[-70.84258000000001,-34.46354],[-70.84271000000001,-34.46356]]}},{"type":"Feature","id":1016,"properties":{},"geometry":{"type":"LineString","coordinates":[[-70.84271000000001,-34.46356],[-70.84279000000001,-34.46358]]}},{"type":"Feature","id":1017,"properties":{},"geometry":{"type":"LineString","coordinates":[[-70.84279000000001,-34.46358],[-70.84282,-34.46359]]}},{"type":"Feature","id":1018,"properties":{},"geometry":{"type":"LineString","coordinates":[[-70.84282,-34.46359],[-70.84291,-34.46359]]}},{"type":"Feature","id":1019,"properties":{},"geometry":{"type":"LineString","coordinates":[[-70.84291,-34.46359],[-70.84293000000001,-34.46359]]}},{"type":"Feature","id":1020,"properties":{},"geometry":{"type":"LineString","coordinates":[[-70.84293000000001,-34.46359],[-70.84303,-34.46359]]}},{"type":"Feature","id":1021,"properties":{},"geometry":{"type":"LineString","coordinates":[[-70.84303,-34.46359],[-70.84323,-34.46376]]}},{"type":"Feature","id":1022,"properties":{},"geometry":{"type":"LineString","coordinates":[[-70.84323,-34.46376],[-70.8435,-34.46403]]}},{"type":"Feature","id":1023,"properties":{},"geometry":{"type":"LineString","coordinates":[[-70.8435,-34.46403],[-70.84351000000001,-34.4641]]}},{"type":"Feature","id":1024,"properties":{},"geometry":{"type":"LineString","coordinates":[[-70.84351000000001,-34.4641],[-70.84351000000001,-34.464200000000005]]}},{"type":"Feature","id":1025,"properties":{},"geometry":{"type":"LineString","coordinates":[[-70.84351000000001,-34.464200000000005],[-70.84351000000001,-34.46421]]}},{"type":"Feature","id":1026,"properties":{},"geometry":{"type":"LineString","coordinates":[[-70.84351000000001,-34.46421],[-70.84352000000001,-34.464220000000005]]}},{"type":"Feature","id":1027,"properties":{},"geometry":{"type":"LineString","coordinates":[[-70.84352000000001,-34.464220000000005],[-70.84365000000001,-34.464420000000004]]}},{"type":"Feature","id":1028,"properties":{},"geometry":{"type":"LineString","coordinates":[[-70.84365000000001,-34.464420000000004],[-70.84371,-34.46454]]}},{"type":"Feature","id":1029,"properties":{},"geometry":{"type":"LineString","coordinates":[[-70.84371,-34.46454],[-70.84378000000001,-34.46466]]}},{"type":"Feature","id":1030,"properties":{},"geometry":{"type":"LineString","coordinates":[[-70.84378000000001,-34.46466],[-70.84385,-34.464800000000004]]}},{"type":"Feature","id":1031,"properties":{},"geometry":{"type":"LineString","coordinates":[[-70.84385,-34.464800000000004],[-70.84388000000001,-34.464830000000006]]}},{"type":"Feature","id":1032,"properties":{},"geometry":{"type":"LineString","coordinates":[[-70.84388000000001,-34.464830000000006],[-70.84389,-34.46484]]}},{"type":"Feature","id":1033,"properties":{},"geometry":{"type":"LineString","coordinates":[[-70.84389,-34.46484],[-70.84394,-34.464890000000004]]}},{"type":"Feature","id":1034,"properties":{},"geometry":{"type":"LineString","coordinates":[[-70.84394,-34.464890000000004],[-70.84398,-34.46491]]}},{"type":"Feature","id":1035,"properties":{},"geometry":{"type":"LineString","coordinates":[[-70.84398,-34.46491],[-70.84400000000001,-34.46493]]}},{"type":"Feature","id":1036,"properties":{},"geometry":{"type":"LineString","coordinates":[[-70.84400000000001,-34.46493],[-70.84403,-34.46495]]}},{"type":"Feature","id":1037,"properties":{},"geometry":{"type":"LineString","coordinates":[[-70.84403,-34.46495],[-70.84403,-34.464960000000005]]}},{"type":"Feature","id":1038,"properties":{},"geometry":{"type":"LineString","coordinates":[[-70.84403,-34.464960000000005],[-70.84422,-34.46515]]}},{"type":"Feature","id":1039,"properties":{},"geometry":{"type":"LineString","coordinates":[[-70.84422,-34.46515],[-70.8443,-34.465230000000005]]}},{"type":"Feature","id":1040,"properties":{},"geometry":{"type":"LineString","coordinates":[[-70.8443,-34.465230000000005],[-70.84454000000001,-34.46538]]}},{"type":"Feature","id":1041,"properties":{},"geometry":{"type":"LineString","coordinates":[[-70.84454000000001,-34.46538],[-70.84457,-34.46539]]}},{"type":"Feature","id":1042,"properties":{},"geometry":{"type":"LineString","coordinates":[[-70.84457,-34.46539],[-70.84458000000001,-34.46539]]}},{"type":"Feature","id":1043,"properties":{},"geometry":{"type":"LineString","coordinates":[[-70.84458000000001,-34.46539],[-70.84461,-34.4654]]}},{"type":"Feature","id":1044,"properties":{},"geometry":{"type":"LineString","coordinates":[[-70.84461,-34.4654],[-70.84463000000001,-34.4654]]}},{"type":"Feature","id":1045,"properties":{},"geometry":{"type":"LineString","coordinates":[[-70.84463000000001,-34.4654],[-70.84513000000001,-34.4656]]}},{"type":"Feature","id":1046,"properties":{},"geometry":{"type":"LineString","coordinates":[[-70.84513000000001,-34.4656],[-70.84526000000001,-34.46571]]}},{"type":"Feature","id":1047,"properties":{},"geometry":{"type":"LineString","coordinates":[[-70.84526000000001,-34.46571],[-70.84538,-34.46589]]}},{"type":"Feature","id":1048,"properties":{},"geometry":{"type":"LineString","coordinates":[[-70.84538,-34.46589],[-70.84648,-34.46757]]}},{"type":"Feature","id":1049,"properties":{},"geometry":{"type":"LineString","coordinates":[[-70.84648,-34.46757],[-70.84744,-34.46857]]}},{"type":"Feature","id":1050,"properties":{},"geometry":{"type":"LineString","coordinates":[[-70.84744,-34.46857],[-70.84747,-34.46909]]}},{"type":"Feature","id":1051,"properties":{},"geometry":{"type":"LineString","coordinates":[[-70.84741000000001,-34.46909],[-70.84739,-34.4686]]}},{"type":"Feature","id":1052,"properties":{},"geometry":{"type":"LineString","coordinates":[[-70.84738,-34.468590000000006],[-70.84739,-34.4686]]}},{"type":"Feature","id":1053,"properties":{},"geometry":{"type":"LineString","coordinates":[[-70.84783,-34.46754],[-70.84996000000001,-34.47063]]}},{"type":"Feature","id":1054,"properties":{},"geometry":{"type":"LineString","coordinates":[[-70.84674000000001,-34.46927],[-70.84652000000001,-34.469350000000006]]}},{"type":"Feature","id":1055,"properties":{},"geometry":{"type":"LineString","coordinates":[[-70.84652000000001,-34.469350000000006],[-70.84645,-34.469500000000004]]}},{"type":"Feature","id":1056,"properties":{},"geometry":{"type":"LineString","coordinates":[[-70.84645,-34.469500000000004],[-70.84644,-34.46954]]}},{"type":"Feature","id":1057,"properties":{},"geometry":{"type":"LineString","coordinates":[[-70.84644,-34.46954],[-70.84628000000001,-34.46967]]}},{"type":"Feature","id":1058,"properties":{},"geometry":{"type":"LineString","coordinates":[[-70.84628000000001,-34.46967],[-70.84617,-34.46974]]}},{"type":"Feature","id":1059,"properties":{},"geometry":{"type":"LineString","coordinates":[[-70.84617,-34.46974],[-70.84609,-34.46978]]}},{"type":"Feature","id":1060,"properties":{},"geometry":{"type":"LineString","coordinates":[[-70.84609,-34.46978],[-70.84587,-34.46996]]}},{"type":"Feature","id":1061,"properties":{},"geometry":{"type":"LineString","coordinates":[[-70.84573,-34.469950000000004],[-70.84567000000001,-34.46989]]}},{"type":"Feature","id":1062,"properties":{},"geometry":{"type":"LineString","coordinates":[[-70.84567000000001,-34.46989],[-70.84553000000001,-34.46981]]}},{"type":"Feature","id":1063,"properties":{},"geometry":{"type":"LineString","coordinates":[[-70.84553000000001,-34.46981],[-70.84542,-34.46983]]}},{"type":"Feature","id":1064,"properties":{},"geometry":{"type":"LineString","coordinates":[[-70.84535000000001,-34.46979],[-70.84535000000001,-34.469550000000005]]}},{"type":"Feature","id":1065,"properties":{},"geometry":{"type":"LineString","coordinates":[[-70.84535000000001,-34.469550000000005],[-70.84531000000001,-34.46947]]}},{"type":"Feature","id":1066,"properties":{},"geometry":{"type":"LineString","coordinates":[[-70.84531000000001,-34.46947],[-70.84519,-34.46942]]}},{"type":"Feature","id":1067,"properties":{},"geometry":{"type":"LineString","coordinates":[[-70.84519,-34.46942],[-70.84490000000001,-34.46934]]}},{"type":"Feature","id":1068,"properties":{},"geometry":{"type":"LineString","coordinates":[[-70.84490000000001,-34.46934],[-70.84475,-34.46929]]}},{"type":"Feature","id":1069,"properties":{},"geometry":{"type":"LineString","coordinates":[[-70.84475,-34.46929],[-70.84464000000001,-34.469190000000005]]}},{"type":"Feature","id":1070,"properties":{},"geometry":{"type":"LineString","coordinates":[[-70.84464000000001,-34.469190000000005],[-70.84453,-34.469]]}},{"type":"Feature","id":1071,"properties":{},"geometry":{"type":"LineString","coordinates":[[-70.84453,-34.469],[-70.84447,-34.46886]]}},{"type":"Feature","id":1072,"properties":{},"geometry":{"type":"LineString","coordinates":[[-70.84447,-34.46886],[-70.84443,-34.468720000000005]]}},{"type":"Feature","id":1073,"properties":{},"geometry":{"type":"LineString","coordinates":[[-70.84443,-34.468720000000005],[-70.84438,-34.468560000000004]]}},{"type":"Feature","id":1074,"properties":{},"geometry":{"type":"LineString","coordinates":[[-70.84438,-34.468560000000004],[-70.84439,-34.468340000000005]]}},{"type":"Feature","id":1075,"properties":{},"geometry":{"type":"LineString","coordinates":[[-70.84439,-34.468340000000005],[-70.8443,-34.4681]]}},{"type":"Feature","id":1076,"properties":{},"geometry":{"type":"LineString","coordinates":[[-70.8443,-34.4681],[-70.84418000000001,-34.46797]]}},{"type":"Feature","id":1077,"properties":{},"geometry":{"type":"LineString","coordinates":[[-70.84418000000001,-34.46797],[-70.84408,-34.4679]]}},{"type":"Feature","id":1078,"properties":{},"geometry":{"type":"LineString","coordinates":[[-70.84408,-34.4679],[-70.84394,-34.46755]]}},{"type":"Feature","id":1079,"properties":{},"geometry":{"type":"LineString","coordinates":[[-70.84926,-34.475840000000005],[-70.84875000000001,-34.47585]]}},{"type":"Feature","id":1080,"properties":{},"geometry":{"type":"LineString","coordinates":[[-70.83747000000001,-34.47357],[-70.83597,-34.47374]]}},{"type":"Feature","id":1081,"properties":{},"geometry":{"type":"LineString","coordinates":[[-70.83734000000001,-34.473290000000006],[-70.8357,-34.47339]]}},{"type":"Feature","id":1082,"properties":{},"geometry":{"type":"LineString","coordinates":[[-70.8373,-34.47298],[-70.83572000000001,-34.47307]]}},{"type":"Feature","id":1083,"properties":{},"geometry":{"type":"LineString","coordinates":[[-70.83714,-34.47263],[-70.83582000000001,-34.4727]]}},{"type":"Feature","id":1084,"properties":{},"geometry":{"type":"LineString","coordinates":[[-70.83720000000001,-34.47224],[-70.83589,-34.47231]]}},{"type":"Feature","id":1085,"properties":{},"geometry":{"type":"LineString","coordinates":[[-70.8442,-34.47444],[-70.8442,-34.47442]]}},{"type":"Feature","id":1086,"properties":{},"geometry":{"type":"LineString","coordinates":[[-70.8442,-34.47442],[-70.84412,-34.4741]]}},{"type":"Feature","id":1087,"properties":{},"geometry":{"type":"LineString","coordinates":[[-70.84412,-34.4741],[-70.84401000000001,-34.473600000000005]]}},{"type":"Feature","id":1088,"properties":{},"geometry":{"type":"LineString","coordinates":[[-70.84401000000001,-34.473600000000005],[-70.84396000000001,-34.473330000000004]]}},{"type":"Feature","id":1089,"properties":{},"geometry":{"type":"LineString","coordinates":[[-70.84396000000001,-34.473330000000004],[-70.84384,-34.4728]]}},{"type":"Feature","id":1090,"properties":{},"geometry":{"type":"LineString","coordinates":[[-70.84384,-34.4728],[-70.84378000000001,-34.47252]]}},{"type":"Feature","id":1091,"properties":{},"geometry":{"type":"LineString","coordinates":[[-70.84378000000001,-34.47252],[-70.84371,-34.47218]]}},{"type":"Feature","id":1092,"properties":{},"geometry":{"type":"LineString","coordinates":[[-70.84371,-34.47218],[-70.84364000000001,-34.471810000000005]]}},{"type":"Feature","id":1093,"properties":{},"geometry":{"type":"LineString","coordinates":[[-70.84364000000001,-34.471810000000005],[-70.84358,-34.471540000000005]]}},{"type":"Feature","id":1094,"properties":{},"geometry":{"type":"LineString","coordinates":[[-70.84358,-34.471540000000005],[-70.84349,-34.471120000000006]]}},{"type":"Feature","id":1095,"properties":{},"geometry":{"type":"LineString","coordinates":[[-70.8365,-34.47151],[-70.83781,-34.471430000000005]]}},{"type":"Feature","id":1096,"properties":{},"geometry":{"type":"LineString","coordinates":[[-70.83899000000001,-34.47919],[-70.83795,-34.47934]]}},{"type":"Feature","id":1097,"properties":{},"geometry":{"type":"LineString","coordinates":[[-70.83895000000001,-34.47874],[-70.83774000000001,-34.478910000000006]]}},{"type":"Feature","id":1098,"properties":{},"geometry":{"type":"LineString","coordinates":[[-70.83892,-34.47824],[-70.83753,-34.478460000000005]]}},{"type":"Feature","id":1099,"properties":{},"geometry":{"type":"LineString","coordinates":[[-70.83889,-34.47782],[-70.83760000000001,-34.478]]}},{"type":"Feature","id":1100,"properties":{},"geometry":{"type":"LineString","coordinates":[[-70.83884,-34.477340000000005],[-70.83756000000001,-34.477520000000005]]}},{"type":"Feature","id":1101,"properties":{},"geometry":{"type":"LineString","coordinates":[[-70.83890000000001,-34.476870000000005],[-70.83756000000001,-34.477070000000005]]}},{"type":"Feature","id":1102,"properties":{},"geometry":{"type":"LineString","coordinates":[[-70.83877000000001,-34.47643],[-70.83749,-34.476620000000004]]}},{"type":"Feature","id":1103,"properties":{},"geometry":{"type":"LineString","coordinates":[[-70.83864000000001,-34.47599],[-70.83736,-34.47618]]}},{"type":"Feature","id":1104,"properties":{},"geometry":{"type":"LineString","coordinates":[[-70.83851,-34.475550000000005],[-70.83723,-34.47574]]}},{"type":"Feature","id":1105,"properties":{},"geometry":{"type":"LineString","coordinates":[[-70.83838,-34.47511],[-70.83708,-34.47531]]}},{"type":"Feature","id":1106,"properties":{},"geometry":{"type":"LineString","coordinates":[[-70.83816,-34.47469],[-70.83680000000001,-34.47489]]}},{"type":"Feature","id":1107,"properties":{},"geometry":{"type":"LineString","coordinates":[[-70.8379,-34.4743],[-70.83655,-34.474500000000006]]}},{"type":"Feature","id":1108,"properties":{},"geometry":{"type":"LineString","coordinates":[[-70.83765000000001,-34.47392],[-70.83627,-34.47413]]}},{"type":"Feature","id":1109,"properties":{},"geometry":{"type":"LineString","coordinates":[[-70.83855000000001,-34.46683],[-70.83857,-34.46679]]}},{"type":"Feature","id":1110,"properties":{},"geometry":{"type":"LineString","coordinates":[[-70.83857,-34.46679],[-70.83853,-34.46663]]}},{"type":"Feature","id":1111,"properties":{},"geometry":{"type":"LineString","coordinates":[[-70.83853,-34.46663],[-70.83852,-34.46654]]}},{"type":"Feature","id":1112,"properties":{},"geometry":{"type":"LineString","coordinates":[[-70.83852,-34.46654],[-70.83852,-34.46652]]}},{"type":"Feature","id":1113,"properties":{},"geometry":{"type":"LineString","coordinates":[[-70.83852,-34.46652],[-70.83852,-34.46651]]}},{"type":"Feature","id":1114,"properties":{},"geometry":{"type":"LineString","coordinates":[[-70.83852,-34.46651],[-70.83856,-34.466210000000004]]}},{"type":"Feature","id":1115,"properties":{},"geometry":{"type":"LineString","coordinates":[[-70.83856,-34.466210000000004],[-70.83856,-34.466190000000005]]}},{"type":"Feature","id":1116,"properties":{},"geometry":{"type":"LineString","coordinates":[[-70.83856,-34.466190000000005],[-70.83857,-34.46616]]}},{"type":"Feature","id":1117,"properties":{},"geometry":{"type":"LineString","coordinates":[[-70.83857,-34.46616],[-70.83858000000001,-34.46614]]}},{"type":"Feature","id":1118,"properties":{},"geometry":{"type":"LineString","coordinates":[[-70.83858000000001,-34.46614],[-70.83864000000001,-34.46595]]}},{"type":"Feature","id":1119,"properties":{},"geometry":{"type":"LineString","coordinates":[[-70.83864000000001,-34.46595],[-70.83877000000001,-34.46551]]}},{"type":"Feature","id":1120,"properties":{},"geometry":{"type":"LineString","coordinates":[[-70.83975000000001,-34.466300000000004],[-70.83971000000001,-34.4662]]}},{"type":"Feature","id":1121,"properties":{},"geometry":{"type":"LineString","coordinates":[[-70.83969,-34.46614],[-70.83965,-34.46604]]}},{"type":"Feature","id":1122,"properties":{},"geometry":{"type":"LineString","coordinates":[[-70.83965,-34.46604],[-70.83964,-34.465990000000005]]}},{"type":"Feature","id":1123,"properties":{},"geometry":{"type":"LineString","coordinates":[[-70.84099,-34.46253],[-70.84131000000001,-34.46285]]}},{"type":"Feature","id":1124,"properties":{},"geometry":{"type":"LineString","coordinates":[[-70.84131000000001,-34.46285],[-70.84169,-34.463100000000004]]}},{"type":"Feature","id":1125,"properties":{},"geometry":{"type":"LineString","coordinates":[[-70.84169,-34.463100000000004],[-70.84176000000001,-34.46314]]}},{"type":"Feature","id":1126,"properties":{},"geometry":{"type":"LineString","coordinates":[[-70.84176000000001,-34.46314],[-70.84182000000001,-34.46318]]}},{"type":"Feature","id":1127,"properties":{},"geometry":{"type":"LineString","coordinates":[[-70.84188,-34.463210000000004],[-70.84202,-34.463300000000004]]}},{"type":"Feature","id":1128,"properties":{},"geometry":{"type":"LineString","coordinates":[[-70.84202,-34.463300000000004],[-70.84209,-34.46336]]}},{"type":"Feature","id":1129,"properties":{},"geometry":{"type":"LineString","coordinates":[[-70.84209,-34.46336],[-70.84211,-34.46338]]}},{"type":"Feature","id":1130,"properties":{},"geometry":{"type":"LineString","coordinates":[[-70.84211,-34.46338],[-70.84215,-34.46341]]}},{"type":"Feature","id":1131,"properties":{},"geometry":{"type":"LineString","coordinates":[[-70.84215,-34.46341],[-70.84221000000001,-34.463460000000005]]}},{"type":"Feature","id":1132,"properties":{},"geometry":{"type":"LineString","coordinates":[[-70.84221000000001,-34.463460000000005],[-70.84224,-34.46347]]}},{"type":"Feature","id":1133,"properties":{},"geometry":{"type":"LineString","coordinates":[[-70.84224,-34.46347],[-70.84226000000001,-34.463480000000004]]}},{"type":"Feature","id":1134,"properties":{},"geometry":{"type":"LineString","coordinates":[[-70.84226000000001,-34.463480000000004],[-70.84241,-34.463550000000005]]}},{"type":"Feature","id":1135,"properties":{},"geometry":{"type":"LineString","coordinates":[[-70.84241,-34.463550000000005],[-70.84251,-34.46359]]}},{"type":"Feature","id":1136,"properties":{},"geometry":{"type":"LineString","coordinates":[[-70.84251,-34.46359],[-70.84257000000001,-34.46359]]}},{"type":"Feature","id":1137,"properties":{},"geometry":{"type":"LineString","coordinates":[[-70.84257000000001,-34.46359],[-70.84269,-34.46361]]}},{"type":"Feature","id":1138,"properties":{},"geometry":{"type":"LineString","coordinates":[[-70.84269,-34.46361],[-70.84277,-34.46363]]}},{"type":"Feature","id":1139,"properties":{},"geometry":{"type":"LineString","coordinates":[[-70.84277,-34.46363],[-70.84281,-34.463640000000005]]}},{"type":"Feature","id":1140,"properties":{},"geometry":{"type":"LineString","coordinates":[[-70.84281,-34.463640000000005],[-70.84291,-34.463640000000005]]}},{"type":"Feature","id":1141,"properties":{},"geometry":{"type":"LineString","coordinates":[[-70.84291,-34.463640000000005],[-70.84293000000001,-34.463640000000005]]}},{"type":"Feature","id":1142,"properties":{},"geometry":{"type":"LineString","coordinates":[[-70.84293000000001,-34.463640000000005],[-70.843,-34.463640000000005]]}},{"type":"Feature","id":1143,"properties":{},"geometry":{"type":"LineString","coordinates":[[-70.843,-34.463640000000005],[-70.84314,-34.46376]]}},{"type":"Feature","id":1144,"properties":{},"geometry":{"type":"LineString","coordinates":[[-70.84314,-34.46376],[-70.84181000000001,-34.46439]]}},{"type":"Feature","id":1145,"properties":{},"geometry":{"type":"LineString","coordinates":[[-70.84184,-34.46444],[-70.84315000000001,-34.463820000000005]]}},{"type":"Feature","id":1146,"properties":{},"geometry":{"type":"LineString","coordinates":[[-70.84322,-34.46383],[-70.84343000000001,-34.46405]]}},{"type":"Feature","id":1147,"properties":{},"geometry":{"type":"LineString","coordinates":[[-70.84343000000001,-34.46405],[-70.84344,-34.464110000000005]]}},{"type":"Feature","id":1148,"properties":{},"geometry":{"type":"LineString","coordinates":[[-70.84344,-34.464110000000005],[-70.84345,-34.46421]]}},{"type":"Feature","id":1149,"properties":{},"geometry":{"type":"LineString","coordinates":[[-70.84345,-34.46421],[-70.84345,-34.464220000000005]]}},{"type":"Feature","id":1150,"properties":{},"geometry":{"type":"LineString","coordinates":[[-70.84345,-34.464220000000005],[-70.84346000000001,-34.46423]]}},{"type":"Feature","id":1151,"properties":{},"geometry":{"type":"LineString","coordinates":[[-70.84346000000001,-34.46423],[-70.84346000000001,-34.464240000000004]]}},{"type":"Feature","id":1152,"properties":{},"geometry":{"type":"LineString","coordinates":[[-70.84346000000001,-34.464240000000004],[-70.84359,-34.46445]]}},{"type":"Feature","id":1153,"properties":{},"geometry":{"type":"LineString","coordinates":[[-70.84359,-34.46445],[-70.84365000000001,-34.464560000000006]]}},{"type":"Feature","id":1154,"properties":{},"geometry":{"type":"LineString","coordinates":[[-70.84365000000001,-34.464560000000006],[-70.84372,-34.46468]]}},{"type":"Feature","id":1155,"properties":{},"geometry":{"type":"LineString","coordinates":[[-70.84372,-34.46468],[-70.84379000000001,-34.464830000000006]]}},{"type":"Feature","id":1156,"properties":{},"geometry":{"type":"LineString","coordinates":[[-70.84379000000001,-34.464830000000006],[-70.84383000000001,-34.46488]]}},{"type":"Feature","id":1157,"properties":{},"geometry":{"type":"LineString","coordinates":[[-70.84383000000001,-34.46488],[-70.84385,-34.46488]]}},{"type":"Feature","id":1158,"properties":{},"geometry":{"type":"LineString","coordinates":[[-70.84385,-34.46488],[-70.8439,-34.46493]]}},{"type":"Feature","id":1159,"properties":{},"geometry":{"type":"LineString","coordinates":[[-70.8439,-34.46493],[-70.84394,-34.46495]]}},{"type":"Feature","id":1160,"properties":{},"geometry":{"type":"LineString","coordinates":[[-70.84394,-34.46495],[-70.84395,-34.464960000000005]]}},{"type":"Feature","id":1161,"properties":{},"geometry":{"type":"LineString","coordinates":[[-70.84395,-34.464960000000005],[-70.84397,-34.464980000000004]]}},{"type":"Feature","id":1162,"properties":{},"geometry":{"type":"LineString","coordinates":[[-70.84397,-34.464980000000004],[-70.84417,-34.465180000000004]]}},{"type":"Feature","id":1163,"properties":{},"geometry":{"type":"LineString","coordinates":[[-70.84417,-34.465180000000004],[-70.84425,-34.465270000000004]]}},{"type":"Feature","id":1164,"properties":{},"geometry":{"type":"LineString","coordinates":[[-70.84425,-34.465270000000004],[-70.84450000000001,-34.46542]]}},{"type":"Feature","id":1165,"properties":{},"geometry":{"type":"LineString","coordinates":[[-70.84450000000001,-34.46542],[-70.84451,-34.46542]]}},{"type":"Feature","id":1166,"properties":{},"geometry":{"type":"LineString","coordinates":[[-70.84451,-34.46542],[-70.84455000000001,-34.46544]]}},{"type":"Feature","id":1167,"properties":{},"geometry":{"type":"LineString","coordinates":[[-70.84455000000001,-34.46544],[-70.84456,-34.46544]]}},{"type":"Feature","id":1168,"properties":{},"geometry":{"type":"LineString","coordinates":[[-70.84456,-34.46544],[-70.8446,-34.465450000000004]]}},{"type":"Feature","id":1169,"properties":{},"geometry":{"type":"LineString","coordinates":[[-70.8446,-34.465450000000004],[-70.84462,-34.465450000000004]]}},{"type":"Feature","id":1170,"properties":{},"geometry":{"type":"LineString","coordinates":[[-70.84462,-34.465450000000004],[-70.84509,-34.465650000000004]]}},{"type":"Feature","id":1171,"properties":{},"geometry":{"type":"LineString","coordinates":[[-70.84509,-34.465650000000004],[-70.84521000000001,-34.46575]]}},{"type":"Feature","id":1172,"properties":{},"geometry":{"type":"LineString","coordinates":[[-70.84521000000001,-34.46575],[-70.84533,-34.465920000000004]]}},{"type":"Feature","id":1173,"properties":{},"geometry":{"type":"LineString","coordinates":[[-70.84513000000001,-34.469930000000005],[-70.84189,-34.47023]]}},{"type":"Feature","id":1174,"properties":{},"geometry":{"type":"LineString","coordinates":[[-70.84189,-34.47023],[-70.84173000000001,-34.47025]]}},{"type":"Feature","id":1175,"properties":{},"geometry":{"type":"LineString","coordinates":[[-70.84173000000001,-34.47025],[-70.84150000000001,-34.47027]]}},{"type":"Feature","id":1176,"properties":{},"geometry":{"type":"LineString","coordinates":[[-70.84150000000001,-34.47027],[-70.84131000000001,-34.470290000000006]]}},{"type":"Feature","id":1177,"properties":{},"geometry":{"type":"LineString","coordinates":[[-70.84131000000001,-34.470290000000006],[-70.84106,-34.47032]]}},{"type":"Feature","id":1178,"properties":{},"geometry":{"type":"LineString","coordinates":[[-70.84106,-34.47032],[-70.84079000000001,-34.47035]]}},{"type":"Feature","id":1179,"properties":{},"geometry":{"type":"LineString","coordinates":[[-70.84079000000001,-34.47035],[-70.84053,-34.470380000000006]]}},{"type":"Feature","id":1180,"properties":{},"geometry":{"type":"LineString","coordinates":[[-70.84053,-34.470380000000006],[-70.84016000000001,-34.470420000000004]]}},{"type":"Feature","id":1181,"properties":{},"geometry":{"type":"LineString","coordinates":[[-70.84016000000001,-34.470420000000004],[-70.83989000000001,-34.47044]]}},{"type":"Feature","id":1182,"properties":{},"geometry":{"type":"LineString","coordinates":[[-70.83989000000001,-34.47044],[-70.83955,-34.47048]]}},{"type":"Feature","id":1183,"properties":{},"geometry":{"type":"LineString","coordinates":[[-70.83955,-34.47048],[-70.83942,-34.4705]]}},{"type":"Feature","id":1184,"properties":{},"geometry":{"type":"LineString","coordinates":[[-70.84711,-34.46918],[-70.84704,-34.469190000000005]]}},{"type":"Feature","id":1185,"properties":{},"geometry":{"type":"LineString","coordinates":[[-70.84704,-34.469190000000005],[-70.84697,-34.4692]]}},{"type":"Feature","id":1186,"properties":{},"geometry":{"type":"LineString","coordinates":[[-70.84697,-34.4692],[-70.84688,-34.46923]]}},{"type":"Feature","id":1187,"properties":{},"geometry":{"type":"LineString","coordinates":[[-70.84688,-34.46923],[-70.84682000000001,-34.46925]]}},{"type":"Feature","id":1188,"properties":{},"geometry":{"type":"LineString","coordinates":[[-70.84682000000001,-34.46925],[-70.84675,-34.469260000000006]]}},{"type":"Feature","id":1189,"properties":{},"geometry":{"type":"LineString","coordinates":[[-70.84675,-34.469260000000006],[-70.84674000000001,-34.46927]]}},{"type":"Feature","id":1190,"properties":{},"geometry":{"type":"LineString","coordinates":[[-70.83951,-34.46708],[-70.83959,-34.46685]]}},{"type":"Feature","id":1191,"properties":{},"geometry":{"type":"LineString","coordinates":[[-70.83959,-34.46685],[-70.83962000000001,-34.466660000000005]]}},{"type":"Feature","id":1192,"properties":{},"geometry":{"type":"LineString","coordinates":[[-70.83962000000001,-34.466660000000005],[-70.83964,-34.46658]]}},{"type":"Feature","id":1193,"properties":{},"geometry":{"type":"LineString","coordinates":[[-70.83964,-34.46658],[-70.83970000000001,-34.46645]]}},{"type":"Feature","id":1194,"properties":{},"geometry":{"type":"LineString","coordinates":[[-70.83970000000001,-34.46645],[-70.83974,-34.466370000000005]]}},{"type":"Feature","id":1195,"properties":{},"geometry":{"type":"LineString","coordinates":[[-70.83974,-34.466370000000005],[-70.83974,-34.46636]]}},{"type":"Feature","id":1196,"properties":{},"geometry":{"type":"LineString","coordinates":[[-70.84011000000001,-34.46479],[-70.84004,-34.464780000000005]]}},{"type":"Feature","id":1197,"properties":{},"geometry":{"type":"LineString","coordinates":[[-70.84004,-34.464780000000005],[-70.83997000000001,-34.464760000000005]]}},{"type":"Feature","id":1198,"properties":{},"geometry":{"type":"LineString","coordinates":[[-70.83997000000001,-34.464760000000005],[-70.83986,-34.464800000000004]]}},{"type":"Feature","id":1199,"properties":{},"geometry":{"type":"LineString","coordinates":[[-70.83791000000001,-34.469710000000006],[-70.83791000000001,-34.4697]]}},{"type":"Feature","id":1200,"properties":{},"geometry":{"type":"LineString","coordinates":[[-70.83785,-34.46983],[-70.83791000000001,-34.469710000000006]]}},{"type":"Feature","id":1201,"properties":{},"geometry":{"type":"LineString","coordinates":[[-70.83791000000001,-34.4697],[-70.83803,-34.46954]]}},{"type":"Feature","id":1202,"properties":{},"geometry":{"type":"LineString","coordinates":[[-70.83803,-34.46954],[-70.83808,-34.469480000000004]]}},{"type":"Feature","id":1203,"properties":{},"geometry":{"type":"LineString","coordinates":[[-70.83808,-34.469480000000004],[-70.83812,-34.46943]]}},{"type":"Feature","id":1204,"properties":{},"geometry":{"type":"LineString","coordinates":[[-70.83812,-34.46943],[-70.8382,-34.469350000000006]]}},{"type":"Feature","id":1205,"properties":{},"geometry":{"type":"LineString","coordinates":[[-70.8382,-34.469350000000006],[-70.83826,-34.46925]]}},{"type":"Feature","id":1206,"properties":{},"geometry":{"type":"LineString","coordinates":[[-70.83826,-34.46925],[-70.83835,-34.46905]]}},{"type":"Feature","id":1207,"properties":{},"geometry":{"type":"LineString","coordinates":[[-70.83835,-34.46905],[-70.83841000000001,-34.468970000000006]]}},{"type":"Feature","id":1208,"properties":{},"geometry":{"type":"LineString","coordinates":[[-70.83841000000001,-34.468970000000006],[-70.83856,-34.468880000000006]]}},{"type":"Feature","id":1209,"properties":{},"geometry":{"type":"LineString","coordinates":[[-70.83856,-34.468880000000006],[-70.83866,-34.468810000000005]]}},{"type":"Feature","id":1210,"properties":{},"geometry":{"type":"LineString","coordinates":[[-70.83866,-34.468810000000005],[-70.83874,-34.468700000000005]]}},{"type":"Feature","id":1211,"properties":{},"geometry":{"type":"LineString","coordinates":[[-70.83874,-34.468700000000005],[-70.83882000000001,-34.46857]]}},{"type":"Feature","id":1212,"properties":{},"geometry":{"type":"LineString","coordinates":[[-70.83882000000001,-34.46857],[-70.83887,-34.468500000000006]]}},{"type":"Feature","id":1213,"properties":{},"geometry":{"type":"LineString","coordinates":[[-70.83887,-34.468500000000006],[-70.83891000000001,-34.46844]]}},{"type":"Feature","id":1214,"properties":{},"geometry":{"type":"LineString","coordinates":[[-70.83891000000001,-34.46844],[-70.83898,-34.46826]]}},{"type":"Feature","id":1215,"properties":{},"geometry":{"type":"LineString","coordinates":[[-70.83898,-34.46826],[-70.83901,-34.468180000000004]]}},{"type":"Feature","id":1216,"properties":{},"geometry":{"type":"LineString","coordinates":[[-70.83901,-34.468180000000004],[-70.83909,-34.467980000000004]]}},{"type":"Feature","id":1217,"properties":{},"geometry":{"type":"LineString","coordinates":[[-70.83909,-34.467980000000004],[-70.83915,-34.467850000000006]]}},{"type":"Feature","id":1218,"properties":{},"geometry":{"type":"LineString","coordinates":[[-70.83915,-34.467850000000006],[-70.83921000000001,-34.467710000000004]]}},{"type":"Feature","id":1219,"properties":{},"geometry":{"type":"LineString","coordinates":[[-70.83921000000001,-34.467710000000004],[-70.83926000000001,-34.467580000000005]]}},{"type":"Feature","id":1220,"properties":{},"geometry":{"type":"LineString","coordinates":[[-70.83926000000001,-34.467580000000005],[-70.83929,-34.467490000000005]]}},{"type":"Feature","id":1221,"properties":{},"geometry":{"type":"LineString","coordinates":[[-70.83929,-34.467490000000005],[-70.83932,-34.467400000000005]]}},{"type":"Feature","id":1222,"properties":{},"geometry":{"type":"LineString","coordinates":[[-70.83932,-34.467400000000005],[-70.83940000000001,-34.46721]]}},{"type":"Feature","id":1223,"properties":{},"geometry":{"type":"LineString","coordinates":[[-70.83940000000001,-34.46721],[-70.83943000000001,-34.467150000000004]]}},{"type":"Feature","id":1224,"properties":{},"geometry":{"type":"LineString","coordinates":[[-70.83943000000001,-34.467150000000004],[-70.83945,-34.467060000000004]]}},{"type":"Feature","id":1225,"properties":{},"geometry":{"type":"LineString","coordinates":[[-70.83945,-34.467060000000004],[-70.83953000000001,-34.466840000000005]]}},{"type":"Feature","id":1226,"properties":{},"geometry":{"type":"LineString","coordinates":[[-70.83953000000001,-34.466840000000005],[-70.83956,-34.46665]]}},{"type":"Feature","id":1227,"properties":{},"geometry":{"type":"LineString","coordinates":[[-70.83956,-34.46665],[-70.83957000000001,-34.46656]]}},{"type":"Feature","id":1228,"properties":{},"geometry":{"type":"LineString","coordinates":[[-70.83957000000001,-34.46656],[-70.83964,-34.46643]]}},{"type":"Feature","id":1229,"properties":{},"geometry":{"type":"LineString","coordinates":[[-70.83964,-34.46643],[-70.83968,-34.46636]]}},{"type":"Feature","id":1230,"properties":{},"geometry":{"type":"LineString","coordinates":[[-70.83968,-34.46636],[-70.83968,-34.46631]]}},{"type":"Feature","id":1231,"properties":{},"geometry":{"type":"LineString","coordinates":[[-70.83968,-34.46631],[-70.83959,-34.46605]]}},{"type":"Feature","id":1232,"properties":{},"geometry":{"type":"LineString","coordinates":[[-70.83959,-34.46605],[-70.83958000000001,-34.466]]}},{"type":"Feature","id":1233,"properties":{},"geometry":{"type":"LineString","coordinates":[[-70.83958000000001,-34.466],[-70.83955,-34.46594]]}},{"type":"Feature","id":1234,"properties":{},"geometry":{"type":"LineString","coordinates":[[-70.83955,-34.46594],[-70.83948000000001,-34.46584]]}},{"type":"Feature","id":1235,"properties":{},"geometry":{"type":"LineString","coordinates":[[-70.83948000000001,-34.46584],[-70.83944000000001,-34.465770000000006]]}},{"type":"Feature","id":1236,"properties":{},"geometry":{"type":"LineString","coordinates":[[-70.83944000000001,-34.465770000000006],[-70.83936,-34.465540000000004]]}},{"type":"Feature","id":1237,"properties":{},"geometry":{"type":"LineString","coordinates":[[-70.83936,-34.465540000000004],[-70.83936,-34.465430000000005]]}},{"type":"Feature","id":1238,"properties":{},"geometry":{"type":"LineString","coordinates":[[-70.83936,-34.465430000000005],[-70.83937,-34.46535]]}},{"type":"Feature","id":1239,"properties":{},"geometry":{"type":"LineString","coordinates":[[-70.83937,-34.46535],[-70.83939000000001,-34.465300000000006]]}},{"type":"Feature","id":1240,"properties":{},"geometry":{"type":"LineString","coordinates":[[-70.83939000000001,-34.465300000000006],[-70.83941,-34.46524]]}},{"type":"Feature","id":1241,"properties":{},"geometry":{"type":"LineString","coordinates":[[-70.83941,-34.46524],[-70.83943000000001,-34.465180000000004]]}},{"type":"Feature","id":1242,"properties":{},"geometry":{"type":"LineString","coordinates":[[-70.83943000000001,-34.465180000000004],[-70.83945,-34.46511]]}},{"type":"Feature","id":1243,"properties":{},"geometry":{"type":"LineString","coordinates":[[-70.83945,-34.46511],[-70.83948000000001,-34.46504]]}},{"type":"Feature","id":1244,"properties":{},"geometry":{"type":"LineString","coordinates":[[-70.83948000000001,-34.46504],[-70.83951,-34.464980000000004]]}},{"type":"Feature","id":1245,"properties":{},"geometry":{"type":"LineString","coordinates":[[-70.83951,-34.464980000000004],[-70.83954,-34.46492]]}},{"type":"Feature","id":1246,"properties":{},"geometry":{"type":"LineString","coordinates":[[-70.83954,-34.46492],[-70.83958000000001,-34.46488]]}},{"type":"Feature","id":1247,"properties":{},"geometry":{"type":"LineString","coordinates":[[-70.83958000000001,-34.46488],[-70.83964,-34.464830000000006]]}},{"type":"Feature","id":1248,"properties":{},"geometry":{"type":"LineString","coordinates":[[-70.83964,-34.464830000000006],[-70.83969,-34.464780000000005]]}},{"type":"Feature","id":1249,"properties":{},"geometry":{"type":"LineString","coordinates":[[-70.83969,-34.464780000000005],[-70.83974,-34.46473]]}},{"type":"Feature","id":1250,"properties":{},"geometry":{"type":"LineString","coordinates":[[-70.83974,-34.46473],[-70.83980000000001,-34.46468]]}},{"type":"Feature","id":1251,"properties":{},"geometry":{"type":"LineString","coordinates":[[-70.83980000000001,-34.46468],[-70.83985000000001,-34.46464]]}},{"type":"Feature","id":1252,"properties":{},"geometry":{"type":"LineString","coordinates":[[-70.83985000000001,-34.46464],[-70.83989000000001,-34.464600000000004]]}},{"type":"Feature","id":1253,"properties":{},"geometry":{"type":"LineString","coordinates":[[-70.83989000000001,-34.464600000000004],[-70.83995,-34.46459]]}},{"type":"Feature","id":1254,"properties":{},"geometry":{"type":"LineString","coordinates":[[-70.83995,-34.46459],[-70.83999,-34.464580000000005]]}},{"type":"Feature","id":1255,"properties":{},"geometry":{"type":"LineString","coordinates":[[-70.83999,-34.464580000000005],[-70.84001,-34.464580000000005]]}},{"type":"Feature","id":1256,"properties":{},"geometry":{"type":"LineString","coordinates":[[-70.84001,-34.464580000000005],[-70.84007000000001,-34.464580000000005]]}},{"type":"Feature","id":1257,"properties":{},"geometry":{"type":"LineString","coordinates":[[-70.84007000000001,-34.464580000000005],[-70.84014,-34.464580000000005]]}},{"type":"Feature","id":1258,"properties":{},"geometry":{"type":"LineString","coordinates":[[-70.84014,-34.464580000000005],[-70.84022,-34.46457]]}},{"type":"Feature","id":1259,"properties":{},"geometry":{"type":"LineString","coordinates":[[-70.84022,-34.46457],[-70.8403,-34.46454]]}},{"type":"Feature","id":1260,"properties":{},"geometry":{"type":"LineString","coordinates":[[-70.8403,-34.46454],[-70.84038000000001,-34.4645]]}},{"type":"Feature","id":1261,"properties":{},"geometry":{"type":"LineString","coordinates":[[-70.84038000000001,-34.4645],[-70.84046000000001,-34.46445]]}},{"type":"Feature","id":1262,"properties":{},"geometry":{"type":"LineString","coordinates":[[-70.84046000000001,-34.46445],[-70.8405,-34.46439]]}},{"type":"Feature","id":1263,"properties":{},"geometry":{"type":"LineString","coordinates":[[-70.8405,-34.46439],[-70.84054,-34.4643]]}},{"type":"Feature","id":1264,"properties":{},"geometry":{"type":"LineString","coordinates":[[-70.84054,-34.4643],[-70.84056000000001,-34.464200000000005]]}},{"type":"Feature","id":1265,"properties":{},"geometry":{"type":"LineString","coordinates":[[-70.84056000000001,-34.464200000000005],[-70.84058,-34.464110000000005]]}},{"type":"Feature","id":1266,"properties":{},"geometry":{"type":"LineString","coordinates":[[-70.84058,-34.464110000000005],[-70.84061000000001,-34.46398]]}},{"type":"Feature","id":1267,"properties":{},"geometry":{"type":"LineString","coordinates":[[-70.84061000000001,-34.46398],[-70.84061000000001,-34.4639]]}},{"type":"Feature","id":1268,"properties":{},"geometry":{"type":"LineString","coordinates":[[-70.84061000000001,-34.4639],[-70.84061000000001,-34.46379]]}},{"type":"Feature","id":1269,"properties":{},"geometry":{"type":"LineString","coordinates":[[-70.84061000000001,-34.46379],[-70.84060000000001,-34.463660000000004]]}},{"type":"Feature","id":1270,"properties":{},"geometry":{"type":"LineString","coordinates":[[-70.84060000000001,-34.463660000000004],[-70.84056000000001,-34.46356]]}},{"type":"Feature","id":1271,"properties":{},"geometry":{"type":"LineString","coordinates":[[-70.84056000000001,-34.46356],[-70.84048,-34.463480000000004]]}},{"type":"Feature","id":1272,"properties":{},"geometry":{"type":"LineString","coordinates":[[-70.84048,-34.463480000000004],[-70.84036,-34.46343]]}},{"type":"Feature","id":1273,"properties":{},"geometry":{"type":"LineString","coordinates":[[-70.84036,-34.46343],[-70.84024000000001,-34.463330000000006]]}},{"type":"Feature","id":1274,"properties":{},"geometry":{"type":"LineString","coordinates":[[-70.84024000000001,-34.463330000000006],[-70.84020000000001,-34.46318]]}},{"type":"Feature","id":1275,"properties":{},"geometry":{"type":"LineString","coordinates":[[-70.84020000000001,-34.46318],[-70.84021,-34.46304]]}},{"type":"Feature","id":1276,"properties":{},"geometry":{"type":"LineString","coordinates":[[-70.84021,-34.46304],[-70.84027,-34.462900000000005]]}},{"type":"Feature","id":1277,"properties":{},"geometry":{"type":"LineString","coordinates":[[-70.84027,-34.462900000000005],[-70.84034000000001,-34.46278]]}},{"type":"Feature","id":1278,"properties":{},"geometry":{"type":"LineString","coordinates":[[-70.84034000000001,-34.46278],[-70.84036,-34.46273]]}},{"type":"Feature","id":1279,"properties":{},"geometry":{"type":"LineString","coordinates":[[-70.84036,-34.46273],[-70.84036,-34.462700000000005]]}},{"type":"Feature","id":1280,"properties":{},"geometry":{"type":"LineString","coordinates":[[-70.83936,-34.4705],[-70.83839,-34.47066]]}},{"type":"Feature","id":1281,"properties":{},"geometry":{"type":"LineString","coordinates":[[-70.83649000000001,-34.470560000000006],[-70.83778000000001,-34.47048]]}},{"type":"Feature","id":1282,"properties":{},"geometry":{"type":"LineString","coordinates":[[-70.84652000000001,-34.4677],[-70.84555,-34.468160000000005]]}},{"type":"Feature","id":1283,"properties":{},"geometry":{"type":"LineString","coordinates":[[-70.84522000000001,-34.46994],[-70.84530000000001,-34.469860000000004]]}},{"type":"Feature","id":1284,"properties":{},"geometry":{"type":"LineString","coordinates":[[-70.84625000000001,-34.467330000000004],[-70.84522000000001,-34.46782]]}},{"type":"Feature","id":1285,"properties":{},"geometry":{"type":"LineString","coordinates":[[-70.84585000000001,-34.46435],[-70.8442,-34.46513]]}},{"type":"Feature","id":1286,"properties":{},"geometry":{"type":"LineString","coordinates":[[-70.8456,-34.463950000000004],[-70.84384,-34.464780000000005]]}},{"type":"Feature","id":1287,"properties":{},"geometry":{"type":"LineString","coordinates":[[-70.83936,-34.4705],[-70.83942,-34.4705]]}},{"type":"Feature","id":1288,"properties":{},"geometry":{"type":"LineString","coordinates":[[-70.83889,-34.470580000000005],[-70.83912000000001,-34.471560000000004]]}},{"type":"Feature","id":1289,"properties":{},"geometry":{"type":"LineString","coordinates":[[-70.83871,-34.47061],[-70.83848,-34.46963]]}},{"type":"Feature","id":1290,"properties":{},"geometry":{"type":"LineString","coordinates":[[-70.83922000000001,-34.470530000000004],[-70.83902,-34.469640000000005]]}},{"type":"Feature","id":1291,"properties":{},"geometry":{"type":"LineString","coordinates":[[-70.83976000000001,-34.47046],[-70.83956,-34.469570000000004]]}},{"type":"Feature","id":1292,"properties":{},"geometry":{"type":"LineString","coordinates":[[-70.84031,-34.470400000000005],[-70.8401,-34.46952]]}},{"type":"Feature","id":1293,"properties":{},"geometry":{"type":"LineString","coordinates":[[-70.84172000000001,-34.46934],[-70.84193,-34.47023]]}},{"type":"Feature","id":1294,"properties":{},"geometry":{"type":"LineString","coordinates":[[-70.84118000000001,-34.4694],[-70.84139,-34.47028]]}},{"type":"Feature","id":1295,"properties":{},"geometry":{"type":"LineString","coordinates":[[-70.84064000000001,-34.469460000000005],[-70.84085,-34.47034]]}},{"type":"Feature","id":1296,"properties":{},"geometry":{"type":"LineString","coordinates":[[-70.84111,-34.469350000000006],[-70.84376,-34.46907]]}},{"type":"Feature","id":1297,"properties":{},"geometry":{"type":"LineString","coordinates":[[-70.84333000000001,-34.468830000000004],[-70.84324000000001,-34.468770000000006]]}},{"type":"Feature","id":1298,"properties":{},"geometry":{"type":"LineString","coordinates":[[-70.84324000000001,-34.468770000000006],[-70.84305,-34.468680000000006]]}},{"type":"Feature","id":1299,"properties":{},"geometry":{"type":"LineString","coordinates":[[-70.84305,-34.468680000000006],[-70.84298000000001,-34.46864]]}},{"type":"Feature","id":1300,"properties":{},"geometry":{"type":"LineString","coordinates":[[-70.84298000000001,-34.46864],[-70.84292,-34.46862]]}},{"type":"Feature","id":1301,"properties":{},"geometry":{"type":"LineString","coordinates":[[-70.84292,-34.46862],[-70.84279000000001,-34.468560000000004]]}},{"type":"Feature","id":1302,"properties":{},"geometry":{"type":"LineString","coordinates":[[-70.84279000000001,-34.468560000000004],[-70.84271000000001,-34.46851]]}},{"type":"Feature","id":1303,"properties":{},"geometry":{"type":"LineString","coordinates":[[-70.84271000000001,-34.46851],[-70.84263,-34.46849]]}},{"type":"Feature","id":1304,"properties":{},"geometry":{"type":"LineString","coordinates":[[-70.84263,-34.46849],[-70.84256,-34.468410000000006]]}},{"type":"Feature","id":1305,"properties":{},"geometry":{"type":"LineString","coordinates":[[-70.84256,-34.468410000000006],[-70.84247,-34.468340000000005]]}},{"type":"Feature","id":1306,"properties":{},"geometry":{"type":"LineString","coordinates":[[-70.84247,-34.468340000000005],[-70.84240000000001,-34.46828]]}},{"type":"Feature","id":1307,"properties":{},"geometry":{"type":"LineString","coordinates":[[-70.84240000000001,-34.46828],[-70.84231000000001,-34.46819]]}},{"type":"Feature","id":1308,"properties":{},"geometry":{"type":"LineString","coordinates":[[-70.84231000000001,-34.46819],[-70.84226000000001,-34.468120000000006]]}},{"type":"Feature","id":1309,"properties":{},"geometry":{"type":"LineString","coordinates":[[-70.84226000000001,-34.468120000000006],[-70.84221000000001,-34.46806]]}},{"type":"Feature","id":1310,"properties":{},"geometry":{"type":"LineString","coordinates":[[-70.84221000000001,-34.46806],[-70.84214,-34.467980000000004]]}},{"type":"Feature","id":1311,"properties":{},"geometry":{"type":"LineString","coordinates":[[-70.84214,-34.467980000000004],[-70.84211,-34.46795]]}},{"type":"Feature","id":1312,"properties":{},"geometry":{"type":"LineString","coordinates":[[-70.84211,-34.46795],[-70.84192,-34.46781]]}},{"type":"Feature","id":1313,"properties":{},"geometry":{"type":"LineString","coordinates":[[-70.84192,-34.46781],[-70.84177000000001,-34.467650000000006]]}},{"type":"Feature","id":1314,"properties":{},"geometry":{"type":"LineString","coordinates":[[-70.84177000000001,-34.467650000000006],[-70.84171,-34.467580000000005]]}},{"type":"Feature","id":1315,"properties":{},"geometry":{"type":"LineString","coordinates":[[-70.84166,-34.4675],[-70.84087000000001,-34.467580000000005]]}},{"type":"Feature","id":1316,"properties":{},"geometry":{"type":"LineString","coordinates":[[-70.84086,-34.467530000000004],[-70.84166,-34.46744]]}},{"type":"Feature","id":1317,"properties":{},"geometry":{"type":"LineString","coordinates":[[-70.84167000000001,-34.467530000000004],[-70.84166,-34.4675]]}},{"type":"Feature","id":1318,"properties":{},"geometry":{"type":"LineString","coordinates":[[-70.84226000000001,-34.469280000000005],[-70.84249000000001,-34.470180000000006]]}},{"type":"Feature","id":1319,"properties":{},"geometry":{"type":"LineString","coordinates":[[-70.83955,-34.46697],[-70.84035,-34.467180000000006]]}},{"type":"Feature","id":1320,"properties":{},"geometry":{"type":"LineString","coordinates":[[-70.83953000000001,-34.468880000000006],[-70.83994000000001,-34.46817]]}},{"type":"Feature","id":1321,"properties":{},"geometry":{"type":"LineString","coordinates":[[-70.84039,-34.46943],[-70.84024000000001,-34.4686]]}},{"type":"Feature","id":1322,"properties":{},"geometry":{"type":"LineString","coordinates":[[-70.84098,-34.46936],[-70.84084,-34.46855]]}},{"type":"Feature","id":1323,"properties":{},"geometry":{"type":"LineString","coordinates":[[-70.84211,-34.469240000000006],[-70.84197,-34.468430000000005]]}},{"type":"Feature","id":1324,"properties":{},"geometry":{"type":"LineString","coordinates":[[-70.83994000000001,-34.46817],[-70.84029000000001,-34.468250000000005]]}},{"type":"Feature","id":1325,"properties":{},"geometry":{"type":"LineString","coordinates":[[-70.84024000000001,-34.4686],[-70.84029000000001,-34.468250000000005]]}},{"type":"Feature","id":1326,"properties":{},"geometry":{"type":"LineString","coordinates":[[-70.84144,-34.46848],[-70.84024000000001,-34.468610000000005]]}},{"type":"Feature","id":1327,"properties":{},"geometry":{"type":"LineString","coordinates":[[-70.84068,-34.467580000000005],[-70.84032,-34.467620000000004]]}},{"type":"Feature","id":1328,"properties":{},"geometry":{"type":"LineString","coordinates":[[-70.84154000000001,-34.467060000000004],[-70.84035,-34.467180000000006]]}},{"type":"Feature","id":1329,"properties":{},"geometry":{"type":"LineString","coordinates":[[-70.84131000000001,-34.46661],[-70.84047000000001,-34.466750000000005]]}},{"type":"Feature","id":1330,"properties":{},"geometry":{"type":"LineString","coordinates":[[-70.84035,-34.467180000000006],[-70.84029000000001,-34.468250000000005]]}},{"type":"Feature","id":1331,"properties":{},"geometry":{"type":"LineString","coordinates":[[-70.84204000000001,-34.468880000000006],[-70.84319,-34.46875]]}},{"type":"Feature","id":1332,"properties":{},"geometry":{"type":"LineString","coordinates":[[-70.84191000000001,-34.468120000000006],[-70.84223,-34.46808]]}},{"type":"Feature","id":1333,"properties":{},"geometry":{"type":"LineString","coordinates":[[-70.84197,-34.468430000000005],[-70.84191000000001,-34.468120000000006]]}},{"type":"Feature","id":1334,"properties":{},"geometry":{"type":"LineString","coordinates":[[-70.84091000000001,-34.468540000000004],[-70.84078000000001,-34.46764]]}},{"type":"Feature","id":1335,"properties":{},"geometry":{"type":"LineString","coordinates":[[-70.84142,-34.46849],[-70.8413,-34.46754]]}},{"type":"Feature","id":1336,"properties":{},"geometry":{"type":"LineString","coordinates":[[-70.84022,-34.46688],[-70.84036,-34.46685]]}},{"type":"Feature","id":1337,"properties":{},"geometry":{"type":"LineString","coordinates":[[-70.84070000000001,-34.46533],[-70.84007000000001,-34.46539]]}},{"type":"Feature","id":1338,"properties":{},"geometry":{"type":"LineString","coordinates":[[-70.84025000000001,-34.466150000000006],[-70.83971000000001,-34.4662]]}},{"type":"Feature","id":1339,"properties":{},"geometry":{"type":"LineString","coordinates":[[-70.84566000000001,-34.46835],[-70.84448,-34.468880000000006]]}},{"type":"Feature","id":1340,"properties":{},"geometry":{"type":"LineString","coordinates":[[-70.84386,-34.467530000000004],[-70.84402,-34.46793]]}},{"type":"Feature","id":1341,"properties":{},"geometry":{"type":"LineString","coordinates":[[-70.84193,-34.46556],[-70.84255,-34.46546]]}},{"type":"Feature","id":1342,"properties":{},"geometry":{"type":"LineString","coordinates":[[-70.842,-34.466060000000006],[-70.84207,-34.46578]]}},{"type":"Feature","id":1343,"properties":{},"geometry":{"type":"LineString","coordinates":[[-70.8408,-34.46443],[-70.84074000000001,-34.464400000000005]]}},{"type":"Feature","id":1344,"properties":{},"geometry":{"type":"LineString","coordinates":[[-70.83695,-34.46951],[-70.83811,-34.469440000000006]]}},{"type":"Feature","id":1345,"properties":{},"geometry":{"type":"LineString","coordinates":[[-70.83778000000001,-34.46873],[-70.83772,-34.46876]]}},{"type":"Feature","id":1346,"properties":{},"geometry":{"type":"LineString","coordinates":[[-70.83772,-34.46876],[-70.83767,-34.46884]]}},{"type":"Feature","id":1347,"properties":{},"geometry":{"type":"LineString","coordinates":[[-70.83737,-34.46938],[-70.83735,-34.46949]]}},{"type":"Feature","id":1348,"properties":{},"geometry":{"type":"LineString","coordinates":[[-70.83823000000001,-34.46797],[-70.83747000000001,-34.46761]]}},{"type":"Feature","id":1349,"properties":{},"geometry":{"type":"LineString","coordinates":[[-70.83741,-34.467580000000005],[-70.83674,-34.46726]]}},{"type":"Feature","id":1350,"properties":{},"geometry":{"type":"LineString","coordinates":[[-70.83822,-34.46799],[-70.83822,-34.467980000000004]]}},{"type":"Feature","id":1351,"properties":{},"geometry":{"type":"LineString","coordinates":[[-70.83822,-34.46799],[-70.83823000000001,-34.467980000000004]]}},{"type":"Feature","id":1352,"properties":{},"geometry":{"type":"LineString","coordinates":[[-70.83853,-34.46703],[-70.83933,-34.46739]]}},{"type":"Feature","id":1353,"properties":{},"geometry":{"type":"LineString","coordinates":[[-70.83955,-34.46669],[-70.83854000000001,-34.46669]]}},{"type":"Feature","id":1354,"properties":{},"geometry":{"type":"LineString","coordinates":[[-70.83941,-34.465700000000005],[-70.83871,-34.465700000000005]]}},{"type":"Feature","id":1355,"properties":{},"geometry":{"type":"LineString","coordinates":[[-70.83856,-34.466750000000005],[-70.83766,-34.466750000000005]]}},{"type":"Feature","id":1356,"properties":{},"geometry":{"type":"LineString","coordinates":[[-70.83792000000001,-34.46551],[-70.83877000000001,-34.46551]]}},{"type":"Feature","id":1357,"properties":{},"geometry":{"type":"LineString","coordinates":[[-70.83787000000001,-34.46385],[-70.83884,-34.46403]]}},{"type":"Feature","id":1358,"properties":{},"geometry":{"type":"LineString","coordinates":[[-70.83809000000001,-34.46341],[-70.83908000000001,-34.4636]]}},{"type":"Feature","id":1359,"properties":{},"geometry":{"type":"LineString","coordinates":[[-70.83858000000001,-34.46614],[-70.83782000000001,-34.46614]]}},{"type":"Feature","id":1360,"properties":{},"geometry":{"type":"LineString","coordinates":[[-70.83775,-34.46614],[-70.83674,-34.46614]]}},{"type":"Feature","id":1361,"properties":{},"geometry":{"type":"LineString","coordinates":[[-70.83855000000001,-34.466240000000006],[-70.83966000000001,-34.466240000000006]]}},{"type":"Feature","id":1362,"properties":{},"geometry":{"type":"LineString","coordinates":[[-70.83908000000001,-34.463820000000005],[-70.83908000000001,-34.46307]]}},{"type":"Feature","id":1363,"properties":{},"geometry":{"type":"LineString","coordinates":[[-70.83908000000001,-34.463820000000005],[-70.84061000000001,-34.463820000000005]]}},{"type":"Feature","id":1364,"properties":{},"geometry":{"type":"LineString","coordinates":[[-70.83908000000001,-34.46349],[-70.8405,-34.46349]]}},{"type":"Feature","id":1365,"properties":{},"geometry":{"type":"LineString","coordinates":[[-70.83935000000001,-34.46307],[-70.83936,-34.462520000000005]]}},{"type":"Feature","id":1366,"properties":{},"geometry":{"type":"LineString","coordinates":[[-70.83886000000001,-34.462520000000005],[-70.8404,-34.46253]]}},{"type":"Feature","id":1367,"properties":{},"geometry":{"type":"LineString","coordinates":[[-70.83760000000001,-34.466750000000005],[-70.83675000000001,-34.46678]]}},{"type":"Feature","id":1368,"properties":{},"geometry":{"type":"LineString","coordinates":[[-70.83783000000001,-34.46564],[-70.83661000000001,-34.465650000000004]]}},{"type":"Feature","id":1369,"properties":{},"geometry":{"type":"LineString","coordinates":[[-70.83775,-34.46522],[-70.83662000000001,-34.46522]]}},{"type":"Feature","id":1370,"properties":{},"geometry":{"type":"LineString","coordinates":[[-70.83777,-34.46477],[-70.83671000000001,-34.46477]]}},{"type":"Feature","id":1371,"properties":{},"geometry":{"type":"LineString","coordinates":[[-70.83771,-34.464240000000004],[-70.83675000000001,-34.46425]]}},{"type":"Feature","id":1372,"properties":{},"geometry":{"type":"LineString","coordinates":[[-70.83787000000001,-34.46372],[-70.83679000000001,-34.46372]]}},{"type":"Feature","id":1373,"properties":{},"geometry":{"type":"LineString","coordinates":[[-70.83693000000001,-34.46327],[-70.83807,-34.463260000000005]]}},{"type":"Feature","id":1374,"properties":{},"geometry":{"type":"LineString","coordinates":[[-70.84485000000001,-34.467530000000004],[-70.84603,-34.46699]]}},{"type":"Feature","id":1375,"properties":{},"geometry":{"type":"LineString","coordinates":[[-70.84384,-34.46757],[-70.84386,-34.467530000000004]]}},{"type":"Feature","id":1376,"properties":{},"geometry":{"type":"LineString","coordinates":[[-70.84431000000001,-34.46634],[-70.84529,-34.46587]]}},{"type":"Feature","id":1377,"properties":{},"geometry":{"type":"LineString","coordinates":[[-70.84396000000001,-34.466010000000004],[-70.84488,-34.46556]]}},{"type":"Feature","id":1378,"properties":{},"geometry":{"type":"LineString","coordinates":[[-70.84425,-34.465270000000004],[-70.84332,-34.465720000000005]]}},{"type":"Feature","id":1379,"properties":{},"geometry":{"type":"LineString","coordinates":[[-70.84391000000001,-34.464940000000006],[-70.84276000000001,-34.46548]]}},{"type":"Feature","id":1380,"properties":{},"geometry":{"type":"LineString","coordinates":[[-70.84534000000001,-34.46356],[-70.84361000000001,-34.46437]]}},{"type":"Feature","id":1381,"properties":{},"geometry":{"type":"LineString","coordinates":[[-70.84342000000001,-34.463950000000004],[-70.84508000000001,-34.46316]]}},{"type":"Feature","id":1382,"properties":{},"geometry":{"type":"LineString","coordinates":[[-70.84305,-34.4636],[-70.84482000000001,-34.462770000000006]]}},{"type":"Feature","id":1383,"properties":{},"geometry":{"type":"LineString","coordinates":[[-70.84231000000001,-34.463440000000006],[-70.84388000000001,-34.46269]]}},{"type":"Feature","id":1384,"properties":{},"geometry":{"type":"LineString","coordinates":[[-70.84334000000001,-34.46242],[-70.84186000000001,-34.46314]]}},{"type":"Feature","id":1385,"properties":{},"geometry":{"type":"LineString","coordinates":[[-70.84139,-34.46284],[-70.84281,-34.462160000000004]]}},{"type":"Feature","id":1386,"properties":{},"geometry":{"type":"LineString","coordinates":[[-70.84246,-34.464150000000004],[-70.84323,-34.46526]]}},{"type":"Feature","id":1387,"properties":{},"geometry":{"type":"LineString","coordinates":[[-70.84212000000001,-34.464310000000005],[-70.84289000000001,-34.46542]]}},{"type":"Feature","id":1388,"properties":{},"geometry":{"type":"LineString","coordinates":[[-70.8418,-34.46453],[-70.84239000000001,-34.46539]]}},{"type":"Feature","id":1389,"properties":{},"geometry":{"type":"LineString","coordinates":[[-70.84175,-34.464470000000006],[-70.84175,-34.46446]]}},{"type":"Feature","id":1390,"properties":{},"geometry":{"type":"LineString","coordinates":[[-70.84174,-34.463930000000005],[-70.842,-34.464310000000005]]}},{"type":"Feature","id":1391,"properties":{},"geometry":{"type":"LineString","coordinates":[[-70.8405,-34.464490000000005],[-70.84074000000001,-34.464400000000005]]}},{"type":"Feature","id":1392,"properties":{},"geometry":{"type":"LineString","coordinates":[[-70.84074000000001,-34.464400000000005],[-70.84248000000001,-34.46358]]}},{"type":"Feature","id":1393,"properties":{},"geometry":{"type":"LineString","coordinates":[[-70.84110000000001,-34.463550000000005],[-70.84067,-34.463750000000005]]}},{"type":"Feature","id":1394,"properties":{},"geometry":{"type":"LineString","coordinates":[[-70.84038000000001,-34.463370000000005],[-70.84138,-34.462900000000005]]}},{"type":"Feature","id":1395,"properties":{},"geometry":{"type":"LineString","coordinates":[[-70.84181000000001,-34.470240000000004],[-70.84195000000001,-34.47126]]}},{"type":"Feature","id":1396,"properties":{},"geometry":{"type":"LineString","coordinates":[[-70.84133,-34.470290000000006],[-70.84147,-34.471320000000006]]}},{"type":"Feature","id":1397,"properties":{},"geometry":{"type":"LineString","coordinates":[[-70.84085,-34.47034],[-70.84099,-34.47137]]}},{"type":"Feature","id":1398,"properties":{},"geometry":{"type":"LineString","coordinates":[[-70.84038000000001,-34.470400000000005],[-70.84052000000001,-34.47142]]}},{"type":"Feature","id":1399,"properties":{},"geometry":{"type":"LineString","coordinates":[[-70.83989000000001,-34.47044],[-70.84003,-34.471430000000005]]}},{"type":"Feature","id":1400,"properties":{},"geometry":{"type":"LineString","coordinates":[[-70.83941,-34.4705],[-70.83956,-34.471520000000005]]}},{"type":"Feature","id":1401,"properties":{},"geometry":{"type":"LineString","coordinates":[[-70.83839,-34.47066],[-70.83862,-34.47162]]}},{"type":"Feature","id":1402,"properties":{},"geometry":{"type":"LineString","coordinates":[[-70.84093,-34.47211],[-70.84082000000001,-34.47144]]}},{"type":"Feature","id":1403,"properties":{},"geometry":{"type":"LineString","coordinates":[[-70.84167000000001,-34.47207],[-70.84155000000001,-34.471360000000004]]}},{"type":"Feature","id":1404,"properties":{},"geometry":{"type":"LineString","coordinates":[[-70.84386,-34.467530000000004],[-70.84305,-34.46688]]}},{"type":"Feature","id":1405,"properties":{},"geometry":{"type":"LineString","coordinates":[[-70.84392000000001,-34.4675],[-70.8431,-34.466840000000005]]}},{"type":"Feature","id":1406,"properties":{},"geometry":{"type":"LineString","coordinates":[[-70.84207,-34.46578],[-70.84193,-34.46556]]}},{"type":"Feature","id":1407,"properties":{},"geometry":{"type":"LineString","coordinates":[[-70.84208000000001,-34.466280000000005],[-70.842,-34.466060000000006]]}},{"type":"Feature","id":1408,"properties":{},"geometry":{"type":"LineString","coordinates":[[-70.83900000000001,-34.472060000000006],[-70.83908000000001,-34.4726]]}},{"type":"Feature","id":1409,"properties":{},"geometry":{"type":"LineString","coordinates":[[-70.8371,-34.462720000000004],[-70.83679000000001,-34.46372]]}},{"type":"Feature","id":1410,"properties":{},"geometry":{"type":"LineString","coordinates":[[-70.83679000000001,-34.46372],[-70.83675000000001,-34.46425]]}},{"type":"Feature","id":1411,"properties":{},"geometry":{"type":"LineString","coordinates":[[-70.8476,-34.46717],[-70.84657,-34.46766]]}},{"type":"Feature","id":1412,"properties":{},"geometry":{"type":"LineString","coordinates":[[-70.84635,-34.465160000000004],[-70.84523,-34.465680000000006]]}},{"type":"Feature","id":1413,"properties":{},"geometry":{"type":"LineString","coordinates":[[-70.8461,-34.46475],[-70.84469,-34.46542]]}},{"type":"Feature","id":1414,"properties":{},"geometry":{"type":"LineString","coordinates":[[-70.84457,-34.46723],[-70.84581,-34.466660000000005]]}},{"type":"Feature","id":1415,"properties":{},"geometry":{"type":"LineString","coordinates":[[-70.84154000000001,-34.464020000000005],[-70.84123000000001,-34.46358]]}},{"type":"Feature","id":1416,"properties":{},"geometry":{"type":"LineString","coordinates":[[-70.83965,-34.46603],[-70.83964,-34.465990000000005]]}},{"type":"Feature","id":1417,"properties":{},"geometry":{"type":"LineString","coordinates":[[-70.83781,-34.470000000000006],[-70.83701,-34.47005]]}},{"type":"Feature","id":1418,"properties":{},"geometry":{"type":"LineString","coordinates":[[-70.83697000000001,-34.47001],[-70.83698000000001,-34.46994]]}},{"type":"Feature","id":1419,"properties":{},"geometry":{"type":"LineString","coordinates":[[-70.83695,-34.469500000000004],[-70.83699,-34.46905]]}},{"type":"Feature","id":1420,"properties":{},"geometry":{"type":"LineString","coordinates":[[-70.83699,-34.46905],[-70.83699,-34.469010000000004]]}},{"type":"Feature","id":1421,"properties":{},"geometry":{"type":"LineString","coordinates":[[-70.83699,-34.469010000000004],[-70.83707000000001,-34.468590000000006]]}},{"type":"Feature","id":1422,"properties":{},"geometry":{"type":"LineString","coordinates":[[-70.83707000000001,-34.468590000000006],[-70.83723,-34.468450000000004]]}},{"type":"Feature","id":1423,"properties":{},"geometry":{"type":"LineString","coordinates":[[-70.83723,-34.468450000000004],[-70.83724000000001,-34.46844]]}},{"type":"Feature","id":1424,"properties":{},"geometry":{"type":"LineString","coordinates":[[-70.83724000000001,-34.46844],[-70.83734000000001,-34.46838]]}},{"type":"Feature","id":1425,"properties":{},"geometry":{"type":"LineString","coordinates":[[-70.83734000000001,-34.46838],[-70.83741,-34.468250000000005]]}},{"type":"Feature","id":1426,"properties":{},"geometry":{"type":"LineString","coordinates":[[-70.83741,-34.468250000000005],[-70.83743000000001,-34.468250000000005]]}},{"type":"Feature","id":1427,"properties":{},"geometry":{"type":"LineString","coordinates":[[-70.83743000000001,-34.468250000000005],[-70.83752000000001,-34.468160000000005]]}},{"type":"Feature","id":1428,"properties":{},"geometry":{"type":"LineString","coordinates":[[-70.83752000000001,-34.468160000000005],[-70.83751000000001,-34.468090000000004]]}},{"type":"Feature","id":1429,"properties":{},"geometry":{"type":"LineString","coordinates":[[-70.83751000000001,-34.468090000000004],[-70.83751000000001,-34.46792]]}},{"type":"Feature","id":1430,"properties":{},"geometry":{"type":"LineString","coordinates":[[-70.83751000000001,-34.46792],[-70.83751000000001,-34.46781]]}},{"type":"Feature","id":1431,"properties":{},"geometry":{"type":"LineString","coordinates":[[-70.83751000000001,-34.46781],[-70.83749,-34.46772]]}},{"type":"Feature","id":1432,"properties":{},"geometry":{"type":"LineString","coordinates":[[-70.83749,-34.46772],[-70.83749,-34.46766]]}},{"type":"Feature","id":1433,"properties":{},"geometry":{"type":"LineString","coordinates":[[-70.83749,-34.46766],[-70.83747000000001,-34.46761]]}},{"type":"Feature","id":1434,"properties":{},"geometry":{"type":"LineString","coordinates":[[-70.83747000000001,-34.46761],[-70.83751000000001,-34.46737]]}},{"type":"Feature","id":1435,"properties":{},"geometry":{"type":"LineString","coordinates":[[-70.83751000000001,-34.46737],[-70.83751000000001,-34.46732]]}},{"type":"Feature","id":1436,"properties":{},"geometry":{"type":"LineString","coordinates":[[-70.83751000000001,-34.46732],[-70.83767,-34.466860000000004]]}},{"type":"Feature","id":1437,"properties":{},"geometry":{"type":"LineString","coordinates":[[-70.83767,-34.466860000000004],[-70.83766,-34.46679]]}},{"type":"Feature","id":1438,"properties":{},"geometry":{"type":"LineString","coordinates":[[-70.83766,-34.46679],[-70.83766,-34.46667]]}},{"type":"Feature","id":1439,"properties":{},"geometry":{"type":"LineString","coordinates":[[-70.83766,-34.46667],[-70.83767,-34.4666]]}},{"type":"Feature","id":1440,"properties":{},"geometry":{"type":"LineString","coordinates":[[-70.83767,-34.4666],[-70.83765000000001,-34.46658]]}},{"type":"Feature","id":1441,"properties":{},"geometry":{"type":"LineString","coordinates":[[-70.83765000000001,-34.46658],[-70.83772,-34.466460000000005]]}},{"type":"Feature","id":1442,"properties":{},"geometry":{"type":"LineString","coordinates":[[-70.83772,-34.466460000000005],[-70.83784,-34.46607]]}},{"type":"Feature","id":1443,"properties":{},"geometry":{"type":"LineString","coordinates":[[-70.83784,-34.46607],[-70.83784,-34.466060000000006]]}},{"type":"Feature","id":1444,"properties":{},"geometry":{"type":"LineString","coordinates":[[-70.83784,-34.466060000000006],[-70.83789,-34.465650000000004]]}},{"type":"Feature","id":1445,"properties":{},"geometry":{"type":"LineString","coordinates":[[-70.83789,-34.465650000000004],[-70.83792000000001,-34.465520000000005]]}},{"type":"Feature","id":1446,"properties":{},"geometry":{"type":"LineString","coordinates":[[-70.83792000000001,-34.465520000000005],[-70.83793,-34.46549]]}},{"type":"Feature","id":1447,"properties":{},"geometry":{"type":"LineString","coordinates":[[-70.83793,-34.46549],[-70.83786,-34.46538]]}},{"type":"Feature","id":1448,"properties":{},"geometry":{"type":"LineString","coordinates":[[-70.83786,-34.46538],[-70.83781,-34.465340000000005]]}},{"type":"Feature","id":1449,"properties":{},"geometry":{"type":"LineString","coordinates":[[-70.83781,-34.465340000000005],[-70.83782000000001,-34.46526]]}},{"type":"Feature","id":1450,"properties":{},"geometry":{"type":"LineString","coordinates":[[-70.83782000000001,-34.46526],[-70.83781,-34.46513]]}},{"type":"Feature","id":1451,"properties":{},"geometry":{"type":"LineString","coordinates":[[-70.83781,-34.46513],[-70.83782000000001,-34.46504]]}},{"type":"Feature","id":1452,"properties":{},"geometry":{"type":"LineString","coordinates":[[-70.83782000000001,-34.46504],[-70.83782000000001,-34.465030000000006]]}},{"type":"Feature","id":1453,"properties":{},"geometry":{"type":"LineString","coordinates":[[-70.83782000000001,-34.465030000000006],[-70.83782000000001,-34.46501]]}},{"type":"Feature","id":1454,"properties":{},"geometry":{"type":"LineString","coordinates":[[-70.83782000000001,-34.46501],[-70.83782000000001,-34.46493]]}},{"type":"Feature","id":1455,"properties":{},"geometry":{"type":"LineString","coordinates":[[-70.83782000000001,-34.46493],[-70.83783000000001,-34.46491]]}},{"type":"Feature","id":1456,"properties":{},"geometry":{"type":"LineString","coordinates":[[-70.83783000000001,-34.46491],[-70.83783000000001,-34.46488]]}},{"type":"Feature","id":1457,"properties":{},"geometry":{"type":"LineString","coordinates":[[-70.83783000000001,-34.46488],[-70.83785,-34.464780000000005]]}},{"type":"Feature","id":1458,"properties":{},"geometry":{"type":"LineString","coordinates":[[-70.83785,-34.464780000000005],[-70.83784,-34.46475]]}},{"type":"Feature","id":1459,"properties":{},"geometry":{"type":"LineString","coordinates":[[-70.83784,-34.46475],[-70.83779000000001,-34.46448]]}},{"type":"Feature","id":1460,"properties":{},"geometry":{"type":"LineString","coordinates":[[-70.83779000000001,-34.46448],[-70.83778000000001,-34.464420000000004]]}},{"type":"Feature","id":1461,"properties":{},"geometry":{"type":"LineString","coordinates":[[-70.83778000000001,-34.464420000000004],[-70.83777,-34.464330000000004]]}},{"type":"Feature","id":1462,"properties":{},"geometry":{"type":"LineString","coordinates":[[-70.83777,-34.464330000000004],[-70.83778000000001,-34.46432]]}},{"type":"Feature","id":1463,"properties":{},"geometry":{"type":"LineString","coordinates":[[-70.83778000000001,-34.46432],[-70.83778000000001,-34.46425]]}},{"type":"Feature","id":1464,"properties":{},"geometry":{"type":"LineString","coordinates":[[-70.83778000000001,-34.46425],[-70.83781,-34.46398]]}},{"type":"Feature","id":1465,"properties":{},"geometry":{"type":"LineString","coordinates":[[-70.83781,-34.46398],[-70.83782000000001,-34.46397]]}},{"type":"Feature","id":1466,"properties":{},"geometry":{"type":"LineString","coordinates":[[-70.83782000000001,-34.46397],[-70.83796000000001,-34.46367]]}},{"type":"Feature","id":1467,"properties":{},"geometry":{"type":"LineString","coordinates":[[-70.83796000000001,-34.46367],[-70.83797000000001,-34.463640000000005]]}},{"type":"Feature","id":1468,"properties":{},"geometry":{"type":"LineString","coordinates":[[-70.83797000000001,-34.463640000000005],[-70.83798,-34.463620000000006]]}},{"type":"Feature","id":1469,"properties":{},"geometry":{"type":"LineString","coordinates":[[-70.83798,-34.463620000000006],[-70.83798,-34.46361]]}},{"type":"Feature","id":1470,"properties":{},"geometry":{"type":"LineString","coordinates":[[-70.83798,-34.46361],[-70.83799,-34.46361]]}},{"type":"Feature","id":1471,"properties":{},"geometry":{"type":"LineString","coordinates":[[-70.83799,-34.46361],[-70.83800000000001,-34.463570000000004]]}},{"type":"Feature","id":1472,"properties":{},"geometry":{"type":"LineString","coordinates":[[-70.83800000000001,-34.463570000000004],[-70.83804,-34.46347]]}},{"type":"Feature","id":1473,"properties":{},"geometry":{"type":"LineString","coordinates":[[-70.83804,-34.46347],[-70.83808,-34.46342]]}},{"type":"Feature","id":1474,"properties":{},"geometry":{"type":"LineString","coordinates":[[-70.83808,-34.46342],[-70.83809000000001,-34.46341]]}},{"type":"Feature","id":1475,"properties":{},"geometry":{"type":"LineString","coordinates":[[-70.83986,-34.464800000000004],[-70.83981,-34.46475]]}},{"type":"Feature","id":1476,"properties":{},"geometry":{"type":"LineString","coordinates":[[-70.83673,-34.467330000000004],[-70.83675000000001,-34.467060000000004]]}},{"type":"Feature","id":1477,"properties":{},"geometry":{"type":"LineString","coordinates":[[-70.83675000000001,-34.467060000000004],[-70.83676000000001,-34.466930000000005]]}},{"type":"Feature","id":1478,"properties":{},"geometry":{"type":"LineString","coordinates":[[-70.83676000000001,-34.466930000000005],[-70.83675000000001,-34.46678]]}},{"type":"Feature","id":1479,"properties":{},"geometry":{"type":"LineString","coordinates":[[-70.83675000000001,-34.46678],[-70.83674,-34.46614]]}},{"type":"Feature","id":1480,"properties":{},"geometry":{"type":"LineString","coordinates":[[-70.83674,-34.46614],[-70.83670000000001,-34.465740000000004]]}},{"type":"Feature","id":1481,"properties":{},"geometry":{"type":"LineString","coordinates":[[-70.83670000000001,-34.465740000000004],[-70.83670000000001,-34.465650000000004]]}},{"type":"Feature","id":1482,"properties":{},"geometry":{"type":"LineString","coordinates":[[-70.83661000000001,-34.465650000000004],[-70.83659,-34.46533]]}},{"type":"Feature","id":1483,"properties":{},"geometry":{"type":"LineString","coordinates":[[-70.83659,-34.46533],[-70.83662000000001,-34.46522]]}},{"type":"Feature","id":1484,"properties":{},"geometry":{"type":"LineString","coordinates":[[-70.83662000000001,-34.46522],[-70.8366,-34.465160000000004]]}},{"type":"Feature","id":1485,"properties":{},"geometry":{"type":"LineString","coordinates":[[-70.8366,-34.465160000000004],[-70.83671000000001,-34.46477]]}},{"type":"Feature","id":1486,"properties":{},"geometry":{"type":"LineString","coordinates":[[-70.83671000000001,-34.46477],[-70.83687,-34.46425]]}},{"type":"Feature","id":1487,"properties":{},"geometry":{"type":"LineString","coordinates":[[-70.84013,-34.462320000000005],[-70.84013,-34.46233]]}},{"type":"Feature","id":1488,"properties":{},"geometry":{"type":"LineString","coordinates":[[-70.84013,-34.46233],[-70.84013,-34.46224]]}},{"type":"Feature","id":1489,"properties":{},"geometry":{"type":"LineString","coordinates":[[-70.84013,-34.46224],[-70.84013,-34.462250000000004]]}},{"type":"Feature","id":1490,"properties":{},"geometry":{"type":"LineString","coordinates":[[-70.84013,-34.462250000000004],[-70.84013,-34.462320000000005]]}},{"type":"Feature","id":1491,"properties":{},"geometry":{"type":"LineString","coordinates":[[-70.84013,-34.46224],[-70.84023,-34.46224]]}},{"type":"Feature","id":1492,"properties":{},"geometry":{"type":"LineString","coordinates":[[-70.84023,-34.46224],[-70.84013,-34.462250000000004]]}},{"type":"Feature","id":1493,"properties":{},"geometry":{"type":"LineString","coordinates":[[-70.84023,-34.46224],[-70.84023,-34.462320000000005]]}},{"type":"Feature","id":1494,"properties":{},"geometry":{"type":"LineString","coordinates":[[-70.84023,-34.462320000000005],[-70.84013,-34.46233]]}},{"type":"Feature","id":1495,"properties":{},"geometry":{"type":"LineString","coordinates":[[-70.84013,-34.462320000000005],[-70.84023,-34.462320000000005]]}},{"type":"Feature","id":1496,"properties":{},"geometry":{"type":"LineString","coordinates":[[-70.85480000000001,-34.47493],[-70.85479000000001,-34.47493]]}},{"type":"Feature","id":1497,"properties":{},"geometry":{"type":"LineString","coordinates":[[-70.85479000000001,-34.47493],[-70.85479000000001,-34.47485]]}},{"type":"Feature","id":1498,"properties":{},"geometry":{"type":"LineString","coordinates":[[-70.85479000000001,-34.47485],[-70.85480000000001,-34.47493]]}},{"type":"Feature","id":1499,"properties":{},"geometry":{"type":"LineString","coordinates":[[-70.85479000000001,-34.47485],[-70.85489000000001,-34.47485]]}},{"type":"Feature","id":1500,"properties":{},"geometry":{"type":"LineString","coordinates":[[-70.85489000000001,-34.47485],[-70.85489000000001,-34.47493]]}},{"type":"Feature","id":1501,"properties":{},"geometry":{"type":"LineString","coordinates":[[-70.85489000000001,-34.47493],[-70.85479000000001,-34.47493]]}},{"type":"Feature","id":1502,"properties":{},"geometry":{"type":"LineString","coordinates":[[-70.85480000000001,-34.47493],[-70.85489000000001,-34.47493]]}},{"type":"Feature","id":1503,"properties":{},"geometry":{"type":"LineString","coordinates":[[-70.84540000000001,-34.48019],[-70.84539000000001,-34.48011]]}},{"type":"Feature","id":1504,"properties":{},"geometry":{"type":"LineString","coordinates":[[-70.84539000000001,-34.48011],[-70.84540000000001,-34.48011]]}},{"type":"Feature","id":1505,"properties":{},"geometry":{"type":"LineString","coordinates":[[-70.84540000000001,-34.48011],[-70.84540000000001,-34.48019]]}},{"type":"Feature","id":1506,"properties":{},"geometry":{"type":"LineString","coordinates":[[-70.84539000000001,-34.48011],[-70.84549000000001,-34.48011]]}},{"type":"Feature","id":1507,"properties":{},"geometry":{"type":"LineString","coordinates":[[-70.84549000000001,-34.48011],[-70.84540000000001,-34.48011]]}},{"type":"Feature","id":1508,"properties":{},"geometry":{"type":"LineString","coordinates":[[-70.84549000000001,-34.48011],[-70.8455,-34.48019]]}},{"type":"Feature","id":1509,"properties":{},"geometry":{"type":"LineString","coordinates":[[-70.8455,-34.48019],[-70.84549000000001,-34.48019]]}},{"type":"Feature","id":1510,"properties":{},"geometry":{"type":"LineString","coordinates":[[-70.84549000000001,-34.48019],[-70.84549000000001,-34.48011]]}},{"type":"Feature","id":1511,"properties":{},"geometry":{"type":"LineString","coordinates":[[-70.8455,-34.48019],[-70.84540000000001,-34.48019]]}},{"type":"Feature","id":1512,"properties":{},"geometry":{"type":"LineString","coordinates":[[-70.84540000000001,-34.48019],[-70.84549000000001,-34.48019]]}},{"type":"Feature","id":1513,"properties":{},"geometry":{"type":"LineString","coordinates":[[-70.85098,-34.47843],[-70.85054000000001,-34.478460000000005]]}},{"type":"Feature","id":1514,"properties":{},"geometry":{"type":"LineString","coordinates":[[-70.85283000000001,-34.47748],[-70.85282000000001,-34.47748]]}},{"type":"Feature","id":1515,"properties":{},"geometry":{"type":"LineString","coordinates":[[-70.85282000000001,-34.47748],[-70.85282000000001,-34.47739]]}},{"type":"Feature","id":1516,"properties":{},"geometry":{"type":"LineString","coordinates":[[-70.85282000000001,-34.47739],[-70.85282000000001,-34.4774]]}},{"type":"Feature","id":1517,"properties":{},"geometry":{"type":"LineString","coordinates":[[-70.85282000000001,-34.4774],[-70.85283000000001,-34.47748]]}},{"type":"Feature","id":1518,"properties":{},"geometry":{"type":"LineString","coordinates":[[-70.85282000000001,-34.47739],[-70.85292000000001,-34.47739]]}},{"type":"Feature","id":1519,"properties":{},"geometry":{"type":"LineString","coordinates":[[-70.85292000000001,-34.47739],[-70.85292000000001,-34.4774]]}},{"type":"Feature","id":1520,"properties":{},"geometry":{"type":"LineString","coordinates":[[-70.85292000000001,-34.4774],[-70.85282000000001,-34.4774]]}},{"type":"Feature","id":1521,"properties":{},"geometry":{"type":"LineString","coordinates":[[-70.85292000000001,-34.47739],[-70.85292000000001,-34.47748]]}},{"type":"Feature","id":1522,"properties":{},"geometry":{"type":"LineString","coordinates":[[-70.85292000000001,-34.47748],[-70.85292000000001,-34.477470000000004]]}},{"type":"Feature","id":1523,"properties":{},"geometry":{"type":"LineString","coordinates":[[-70.85292000000001,-34.477470000000004],[-70.85292000000001,-34.4774]]}},{"type":"Feature","id":1524,"properties":{},"geometry":{"type":"LineString","coordinates":[[-70.85292000000001,-34.47748],[-70.85282000000001,-34.47748]]}},{"type":"Feature","id":1525,"properties":{},"geometry":{"type":"LineString","coordinates":[[-70.85283000000001,-34.47748],[-70.85292000000001,-34.477470000000004]]}},{"type":"Feature","id":1526,"properties":{},"geometry":{"type":"LineString","coordinates":[[-70.84352000000001,-34.47845],[-70.84244000000001,-34.478590000000004]]}},{"type":"Feature","id":1527,"properties":{},"geometry":{"type":"LineString","coordinates":[[-70.84744,-34.46972],[-70.84739,-34.469730000000006]]}},{"type":"Feature","id":1528,"properties":{},"geometry":{"type":"LineString","coordinates":[[-70.84739,-34.469730000000006],[-70.84734,-34.46979]]}},{"type":"Feature","id":1529,"properties":{},"geometry":{"type":"LineString","coordinates":[[-70.84734,-34.46979],[-70.84732000000001,-34.469840000000005]]}},{"type":"Feature","id":1530,"properties":{},"geometry":{"type":"LineString","coordinates":[[-70.84732000000001,-34.469840000000005],[-70.84733,-34.46989]]}},{"type":"Feature","id":1531,"properties":{},"geometry":{"type":"LineString","coordinates":[[-70.84733,-34.46989],[-70.8473,-34.46994]]}},{"type":"Feature","id":1532,"properties":{},"geometry":{"type":"LineString","coordinates":[[-70.8473,-34.46994],[-70.84729,-34.46999]]}},{"type":"Feature","id":1533,"properties":{},"geometry":{"type":"LineString","coordinates":[[-70.84729,-34.46999],[-70.84727000000001,-34.47003]]}},{"type":"Feature","id":1534,"properties":{},"geometry":{"type":"LineString","coordinates":[[-70.84727000000001,-34.47003],[-70.84719000000001,-34.47003]]}},{"type":"Feature","id":1535,"properties":{},"geometry":{"type":"LineString","coordinates":[[-70.84719000000001,-34.47003],[-70.84713,-34.470040000000004]]}},{"type":"Feature","id":1536,"properties":{},"geometry":{"type":"LineString","coordinates":[[-70.84713,-34.470040000000004],[-70.84704,-34.470040000000004]]}},{"type":"Feature","id":1537,"properties":{},"geometry":{"type":"LineString","coordinates":[[-70.84704,-34.470040000000004],[-70.84700000000001,-34.470060000000004]]}},{"type":"Feature","id":1538,"properties":{},"geometry":{"type":"LineString","coordinates":[[-70.84700000000001,-34.470060000000004],[-70.84697,-34.4701]]}},{"type":"Feature","id":1539,"properties":{},"geometry":{"type":"LineString","coordinates":[[-70.84697,-34.4701],[-70.84695,-34.470150000000004]]}},{"type":"Feature","id":1540,"properties":{},"geometry":{"type":"LineString","coordinates":[[-70.84695,-34.470150000000004],[-70.84691000000001,-34.470180000000006]]}},{"type":"Feature","id":1541,"properties":{},"geometry":{"type":"LineString","coordinates":[[-70.84691000000001,-34.470180000000006],[-70.84688,-34.470220000000005]]}},{"type":"Feature","id":1542,"properties":{},"geometry":{"type":"LineString","coordinates":[[-70.84688,-34.470220000000005],[-70.84686,-34.47026]]}},{"type":"Feature","id":1543,"properties":{},"geometry":{"type":"LineString","coordinates":[[-70.84686,-34.47026],[-70.84683000000001,-34.470290000000006]]}},{"type":"Feature","id":1544,"properties":{},"geometry":{"type":"LineString","coordinates":[[-70.84683000000001,-34.470290000000006],[-70.84681,-34.47034]]}},{"type":"Feature","id":1545,"properties":{},"geometry":{"type":"LineString","coordinates":[[-70.84681,-34.47034],[-70.8468,-34.47039]]}},{"type":"Feature","id":1546,"properties":{},"geometry":{"type":"LineString","coordinates":[[-70.8468,-34.47039],[-70.84678000000001,-34.47044]]}},{"type":"Feature","id":1547,"properties":{},"geometry":{"type":"LineString","coordinates":[[-70.84678000000001,-34.47044],[-70.84673000000001,-34.47048]]}},{"type":"Feature","id":1548,"properties":{},"geometry":{"type":"LineString","coordinates":[[-70.84673000000001,-34.47048],[-70.84669000000001,-34.470510000000004]]}},{"type":"Feature","id":1549,"properties":{},"geometry":{"type":"LineString","coordinates":[[-70.84669000000001,-34.470510000000004],[-70.84665000000001,-34.47054]]}},{"type":"Feature","id":1550,"properties":{},"geometry":{"type":"LineString","coordinates":[[-70.84665000000001,-34.47054],[-70.84657,-34.470530000000004]]}},{"type":"Feature","id":1551,"properties":{},"geometry":{"type":"LineString","coordinates":[[-70.84657,-34.470530000000004],[-70.84652000000001,-34.470560000000006]]}},{"type":"Feature","id":1552,"properties":{},"geometry":{"type":"LineString","coordinates":[[-70.84652000000001,-34.470560000000006],[-70.84647000000001,-34.470560000000006]]}},{"type":"Feature","id":1553,"properties":{},"geometry":{"type":"LineString","coordinates":[[-70.84647000000001,-34.470560000000006],[-70.8461,-34.470800000000004]]}},{"type":"Feature","id":1554,"properties":{},"geometry":{"type":"LineString","coordinates":[[-70.84688,-34.47054],[-70.84675,-34.47046]]}},{"type":"Feature","id":1555,"properties":{},"geometry":{"type":"LineString","coordinates":[[-70.84326,-34.468030000000006],[-70.84405000000001,-34.468680000000006]]}},{"type":"Feature","id":1556,"properties":{},"geometry":{"type":"LineString","coordinates":[[-70.8456,-34.463950000000004],[-70.84482000000001,-34.462770000000006]]}},{"type":"Feature","id":1557,"properties":{},"geometry":{"type":"LineString","coordinates":[[-70.84392000000001,-34.463190000000004],[-70.84388000000001,-34.46269]]}},{"type":"Feature","id":1558,"properties":{},"geometry":{"type":"LineString","coordinates":[[-70.84388000000001,-34.46269],[-70.84227,-34.4619]]}},{"type":"Feature","id":1559,"properties":{},"geometry":{"type":"LineString","coordinates":[[-70.83635000000001,-34.471920000000004],[-70.83635000000001,-34.471900000000005]]}},{"type":"Feature","id":1560,"properties":{},"geometry":{"type":"LineString","coordinates":[[-70.83635000000001,-34.471900000000005],[-70.83645,-34.471680000000006]]}},{"type":"Feature","id":1561,"properties":{},"geometry":{"type":"LineString","coordinates":[[-70.83645,-34.471680000000006],[-70.83648000000001,-34.47162]]}},{"type":"Feature","id":1562,"properties":{},"geometry":{"type":"LineString","coordinates":[[-70.83648000000001,-34.47162],[-70.83649000000001,-34.47155]]}},{"type":"Feature","id":1563,"properties":{},"geometry":{"type":"LineString","coordinates":[[-70.83649000000001,-34.47155],[-70.8365,-34.471520000000005]]}},{"type":"Feature","id":1564,"properties":{},"geometry":{"type":"LineString","coordinates":[[-70.8365,-34.471520000000005],[-70.8365,-34.47151]]}},{"type":"Feature","id":1565,"properties":{},"geometry":{"type":"LineString","coordinates":[[-70.8365,-34.47151],[-70.83651,-34.471410000000006]]}},{"type":"Feature","id":1566,"properties":{},"geometry":{"type":"LineString","coordinates":[[-70.83651,-34.471410000000006],[-70.83653000000001,-34.47131]]}},{"type":"Feature","id":1567,"properties":{},"geometry":{"type":"LineString","coordinates":[[-70.83653000000001,-34.47131],[-70.83654,-34.471210000000006]]}},{"type":"Feature","id":1568,"properties":{},"geometry":{"type":"LineString","coordinates":[[-70.83654,-34.471210000000006],[-70.83655,-34.471160000000005]]}},{"type":"Feature","id":1569,"properties":{},"geometry":{"type":"LineString","coordinates":[[-70.83655,-34.471160000000005],[-70.83654,-34.47102]]}},{"type":"Feature","id":1570,"properties":{},"geometry":{"type":"LineString","coordinates":[[-70.83654,-34.47102],[-70.83654,-34.471000000000004]]}},{"type":"Feature","id":1571,"properties":{},"geometry":{"type":"LineString","coordinates":[[-70.83654,-34.471000000000004],[-70.83652000000001,-34.470870000000005]]}},{"type":"Feature","id":1572,"properties":{},"geometry":{"type":"LineString","coordinates":[[-70.83652000000001,-34.470870000000005],[-70.83652000000001,-34.47086]]}},{"type":"Feature","id":1573,"properties":{},"geometry":{"type":"LineString","coordinates":[[-70.83652000000001,-34.47086],[-70.8365,-34.47074]]}},{"type":"Feature","id":1574,"properties":{},"geometry":{"type":"LineString","coordinates":[[-70.8365,-34.47074],[-70.83649000000001,-34.47061]]}},{"type":"Feature","id":1575,"properties":{},"geometry":{"type":"LineString","coordinates":[[-70.83649000000001,-34.47061],[-70.83649000000001,-34.47037]]}},{"type":"Feature","id":1576,"properties":{},"geometry":{"type":"LineString","coordinates":[[-70.83649000000001,-34.47037],[-70.83649000000001,-34.470310000000005]]}},{"type":"Feature","id":1577,"properties":{},"geometry":{"type":"LineString","coordinates":[[-70.83649000000001,-34.470310000000005],[-70.8365,-34.470220000000005]]}},{"type":"Feature","id":1578,"properties":{},"geometry":{"type":"LineString","coordinates":[[-70.8365,-34.470220000000005],[-70.8365,-34.47014]]}},{"type":"Feature","id":1579,"properties":{},"geometry":{"type":"LineString","coordinates":[[-70.8365,-34.47014],[-70.83651,-34.47003]]}},{"type":"Feature","id":1580,"properties":{},"geometry":{"type":"LineString","coordinates":[[-70.83661000000001,-34.468140000000005],[-70.83638,-34.46835]]}},{"type":"Feature","id":1581,"properties":{},"geometry":{"type":"LineString","coordinates":[[-70.83638,-34.46835],[-70.83627,-34.46894]]}},{"type":"Feature","id":1582,"properties":{},"geometry":{"type":"LineString","coordinates":[[-70.83627,-34.46894],[-70.83626000000001,-34.469]]}},{"type":"Feature","id":1583,"properties":{},"geometry":{"type":"LineString","coordinates":[[-70.83626000000001,-34.469],[-70.83619,-34.4699]]}},{"type":"Feature","id":1584,"properties":{},"geometry":{"type":"LineString","coordinates":[[-70.83673,-34.467330000000004],[-70.83671000000001,-34.467490000000005]]}},{"type":"Feature","id":1585,"properties":{},"geometry":{"type":"LineString","coordinates":[[-70.83671000000001,-34.467490000000005],[-70.83669,-34.46757]]}},{"type":"Feature","id":1586,"properties":{},"geometry":{"type":"LineString","coordinates":[[-70.83669,-34.46757],[-70.83662000000001,-34.467760000000006]]}},{"type":"Feature","id":1587,"properties":{},"geometry":{"type":"LineString","coordinates":[[-70.83662000000001,-34.467760000000006],[-70.83656,-34.467960000000005]]}},{"type":"Feature","id":1588,"properties":{},"geometry":{"type":"LineString","coordinates":[[-70.83656,-34.467960000000005],[-70.83653000000001,-34.468050000000005]]}},{"type":"Feature","id":1589,"properties":{},"geometry":{"type":"LineString","coordinates":[[-70.83653000000001,-34.468050000000005],[-70.83651,-34.468090000000004]]}},{"type":"Feature","id":1590,"properties":{},"geometry":{"type":"LineString","coordinates":[[-70.83692,-34.46909],[-70.83625,-34.46914]]}},{"type":"Feature","id":1591,"properties":{},"geometry":{"type":"LineString","coordinates":[[-70.83691,-34.470000000000006],[-70.83619,-34.470040000000004]]}},{"type":"Feature","id":1592,"properties":{},"geometry":{"type":"LineString","coordinates":[[-70.8553,-34.48149],[-70.85505,-34.481410000000004]]}},{"type":"Feature","id":1593,"properties":{},"geometry":{"type":"LineString","coordinates":[[-70.85505,-34.481410000000004],[-70.85480000000001,-34.481350000000006]]}},{"type":"Feature","id":1594,"properties":{},"geometry":{"type":"LineString","coordinates":[[-70.85480000000001,-34.481350000000006],[-70.85455,-34.481280000000005]]}},{"type":"Feature","id":1595,"properties":{},"geometry":{"type":"LineString","coordinates":[[-70.85455,-34.481280000000005],[-70.85438,-34.48124]]}},{"type":"Feature","id":1596,"properties":{},"geometry":{"type":"LineString","coordinates":[[-70.85438,-34.48124],[-70.85437,-34.48124]]}},{"type":"Feature","id":1597,"properties":{},"geometry":{"type":"LineString","coordinates":[[-70.85437,-34.48124],[-70.85423,-34.480970000000006]]}},{"type":"Feature","id":1598,"properties":{},"geometry":{"type":"LineString","coordinates":[[-70.85423,-34.480970000000006],[-70.85424,-34.480970000000006]]}},{"type":"Feature","id":1599,"properties":{},"geometry":{"type":"LineString","coordinates":[[-70.85424,-34.480970000000006],[-70.85438,-34.48124]]}},{"type":"Feature","id":1600,"properties":{},"geometry":{"type":"LineString","coordinates":[[-70.83946,-34.481],[-70.83945,-34.481]]}},{"type":"Feature","id":1601,"properties":{},"geometry":{"type":"LineString","coordinates":[[-70.83942,-34.48089],[-70.83943000000001,-34.48089]]}},{"type":"Feature","id":1602,"properties":{},"geometry":{"type":"LineString","coordinates":[[-70.83943000000001,-34.48089],[-70.83946,-34.481]]}},{"type":"Feature","id":1603,"properties":{},"geometry":{"type":"LineString","coordinates":[[-70.83942,-34.48089],[-70.83946,-34.48058]]}},{"type":"Feature","id":1604,"properties":{},"geometry":{"type":"LineString","coordinates":[[-70.83946,-34.48058],[-70.83947,-34.48058]]}},{"type":"Feature","id":1605,"properties":{},"geometry":{"type":"LineString","coordinates":[[-70.83947,-34.48058],[-70.83943000000001,-34.48089]]}},{"type":"Feature","id":1606,"properties":{},"geometry":{"type":"LineString","coordinates":[[-70.83946,-34.48058],[-70.83943000000001,-34.4804]]}},{"type":"Feature","id":1607,"properties":{},"geometry":{"type":"LineString","coordinates":[[-70.83943000000001,-34.4804],[-70.83944000000001,-34.4804]]}},{"type":"Feature","id":1608,"properties":{},"geometry":{"type":"LineString","coordinates":[[-70.83944000000001,-34.4804],[-70.83947,-34.48058]]}},{"type":"Feature","id":1609,"properties":{},"geometry":{"type":"LineString","coordinates":[[-70.83943000000001,-34.4804],[-70.83945,-34.48015]]}},{"type":"Feature","id":1610,"properties":{},"geometry":{"type":"LineString","coordinates":[[-70.83945,-34.48015],[-70.83946,-34.48015]]}},{"type":"Feature","id":1611,"properties":{},"geometry":{"type":"LineString","coordinates":[[-70.83946,-34.48015],[-70.83944000000001,-34.4804]]}},{"type":"Feature","id":1612,"properties":{},"geometry":{"type":"LineString","coordinates":[[-70.83945,-34.48015],[-70.83944000000001,-34.480070000000005]]}},{"type":"Feature","id":1613,"properties":{},"geometry":{"type":"LineString","coordinates":[[-70.83944000000001,-34.480070000000005],[-70.83945,-34.480070000000005]]}},{"type":"Feature","id":1614,"properties":{},"geometry":{"type":"LineString","coordinates":[[-70.83945,-34.480070000000005],[-70.83946,-34.48015]]}},{"type":"Feature","id":1615,"properties":{},"geometry":{"type":"LineString","coordinates":[[-70.83944000000001,-34.480070000000005],[-70.83940000000001,-34.47997]]}},{"type":"Feature","id":1616,"properties":{},"geometry":{"type":"LineString","coordinates":[[-70.83940000000001,-34.47997],[-70.83941,-34.47997]]}},{"type":"Feature","id":1617,"properties":{},"geometry":{"type":"LineString","coordinates":[[-70.83941,-34.47997],[-70.83945,-34.480070000000005]]}},{"type":"Feature","id":1618,"properties":{},"geometry":{"type":"LineString","coordinates":[[-70.83940000000001,-34.47997],[-70.83940000000001,-34.479960000000005]]}},{"type":"Feature","id":1619,"properties":{},"geometry":{"type":"LineString","coordinates":[[-70.83940000000001,-34.479960000000005],[-70.83941,-34.479960000000005]]}},{"type":"Feature","id":1620,"properties":{},"geometry":{"type":"LineString","coordinates":[[-70.83941,-34.479960000000005],[-70.83941,-34.47997]]}},{"type":"Feature","id":1621,"properties":{},"geometry":{"type":"LineString","coordinates":[[-70.83847,-34.48021],[-70.83847,-34.48022]]}},{"type":"Feature","id":1622,"properties":{},"geometry":{"type":"LineString","coordinates":[[-70.83847,-34.48022],[-70.83717,-34.4799]]}},{"type":"Feature","id":1623,"properties":{},"geometry":{"type":"LineString","coordinates":[[-70.83717,-34.4799],[-70.83717,-34.479890000000005]]}},{"type":"Feature","id":1624,"properties":{},"geometry":{"type":"LineString","coordinates":[[-70.83717,-34.479890000000005],[-70.83847,-34.48021]]}},{"type":"Feature","id":1625,"properties":{},"geometry":{"type":"LineString","coordinates":[[-70.85097,-34.47028],[-70.85031000000001,-34.470580000000005]]}},{"type":"Feature","id":1626,"properties":{},"geometry":{"type":"LineString","coordinates":[[-70.85031000000001,-34.470580000000005],[-70.84996000000001,-34.47063]]}},{"type":"Feature","id":1627,"properties":{},"geometry":{"type":"LineString","coordinates":[[-70.85132,-34.471360000000004],[-70.85131000000001,-34.47137]]}},{"type":"Feature","id":1628,"properties":{},"geometry":{"type":"LineString","coordinates":[[-70.85131000000001,-34.47137],[-70.85068000000001,-34.47041]]}},{"type":"Feature","id":1629,"properties":{},"geometry":{"type":"LineString","coordinates":[[-70.85068000000001,-34.47041],[-70.85069,-34.47041]]}},{"type":"Feature","id":1630,"properties":{},"geometry":{"type":"LineString","coordinates":[[-70.85069,-34.47041],[-70.85132,-34.471360000000004]]}},{"type":"Feature","id":1631,"properties":{},"geometry":{"type":"LineString","coordinates":[[-70.85069,-34.470400000000005],[-70.85069,-34.47041]]}},{"type":"Feature","id":1632,"properties":{},"geometry":{"type":"LineString","coordinates":[[-70.85069,-34.47041],[-70.85031000000001,-34.470580000000005]]}},{"type":"Feature","id":1633,"properties":{},"geometry":{"type":"LineString","coordinates":[[-70.85031000000001,-34.470580000000005],[-70.85031000000001,-34.47057]]}},{"type":"Feature","id":1634,"properties":{},"geometry":{"type":"LineString","coordinates":[[-70.85031000000001,-34.47057],[-70.85069,-34.470400000000005]]}},{"type":"Feature","id":1635,"properties":{},"geometry":{"type":"LineString","coordinates":[[-70.84996000000001,-34.47063],[-70.85031000000001,-34.47057]]}},{"type":"Feature","id":1636,"properties":{},"geometry":{"type":"LineString","coordinates":[[-70.83877000000001,-34.46551],[-70.83877000000001,-34.464940000000006]]}},{"type":"Feature","id":1637,"properties":{},"geometry":{"type":"LineString","coordinates":[[-70.83877000000001,-34.464940000000006],[-70.83884,-34.46403]]}},{"type":"Feature","id":1638,"properties":{},"geometry":{"type":"LineString","coordinates":[[-70.84032,-34.47946],[-70.83906,-34.47957]]}},{"type":"Feature","id":1639,"properties":{},"geometry":{"type":"LineString","coordinates":[[-70.83898,-34.47975],[-70.83758,-34.47968]]}},{"type":"Feature","id":1640,"properties":{},"geometry":{"type":"LineString","coordinates":[[-70.83840000000001,-34.462520000000005],[-70.84043000000001,-34.46253]]}},{"type":"Feature","id":1641,"properties":{},"geometry":{"type":"LineString","coordinates":[[-70.83817,-34.46294],[-70.837,-34.462700000000005]]}},{"type":"Feature","id":1642,"properties":{},"geometry":{"type":"LineString","coordinates":[[-70.84021,-34.46307],[-70.83908000000001,-34.46307]]}},{"type":"Feature","id":1643,"properties":{},"geometry":{"type":"LineString","coordinates":[[-70.83831,-34.46255],[-70.83693000000001,-34.46226]]}},{"type":"Feature","id":1644,"properties":{},"geometry":{"type":"LineString","coordinates":[[-70.83702000000001,-34.461920000000006],[-70.8386,-34.462250000000004]]}},{"type":"Feature","id":1645,"properties":{},"geometry":{"type":"LineString","coordinates":[[-70.83711000000001,-34.46157],[-70.83875,-34.46191]]}},{"type":"Feature","id":1646,"properties":{},"geometry":{"type":"LineString","coordinates":[[-70.8403,-34.461800000000004],[-70.84135,-34.4613]]}},{"type":"Feature","id":1647,"properties":{},"geometry":{"type":"LineString","coordinates":[[-70.84177000000001,-34.46162],[-70.84043000000001,-34.46226]]}},{"type":"Feature","id":1648,"properties":{},"geometry":{"type":"LineString","coordinates":[[-70.84103,-34.46249],[-70.84226000000001,-34.461890000000004]]}},{"type":"Feature","id":1649,"properties":{},"geometry":{"type":"LineString","coordinates":[[-70.84227,-34.4619],[-70.84142,-34.46143]]}},{"type":"Feature","id":1650,"properties":{},"geometry":{"type":"LineString","coordinates":[[-70.84135,-34.4613],[-70.84110000000001,-34.4609]]}},{"type":"Feature","id":1651,"properties":{},"geometry":{"type":"LineString","coordinates":[[-70.84142,-34.46143],[-70.84135,-34.4613]]}},{"type":"Feature","id":1652,"properties":{},"geometry":{"type":"LineString","coordinates":[[-70.84021,-34.461330000000004],[-70.84128000000001,-34.46081]]}},{"type":"Feature","id":1653,"properties":{},"geometry":{"type":"LineString","coordinates":[[-70.83996,-34.46092],[-70.84103,-34.46041]]}},{"type":"Feature","id":1654,"properties":{},"geometry":{"type":"LineString","coordinates":[[-70.84128000000001,-34.46081],[-70.84103,-34.46041]]}},{"type":"Feature","id":1655,"properties":{},"geometry":{"type":"LineString","coordinates":[[-70.83952000000001,-34.460620000000006],[-70.84087000000001,-34.45996]]}},{"type":"Feature","id":1656,"properties":{},"geometry":{"type":"LineString","coordinates":[[-70.83925,-34.46022],[-70.84063,-34.45956]]}},{"type":"Feature","id":1657,"properties":{},"geometry":{"type":"LineString","coordinates":[[-70.83924,-34.45971],[-70.84024000000001,-34.459230000000005]]}},{"type":"Feature","id":1658,"properties":{},"geometry":{"type":"LineString","coordinates":[[-70.84103,-34.46041],[-70.84079000000001,-34.460010000000004]]}},{"type":"Feature","id":1659,"properties":{},"geometry":{"type":"LineString","coordinates":[[-70.84087000000001,-34.45996],[-70.84063,-34.45956]]}},{"type":"Feature","id":1660,"properties":{},"geometry":{"type":"LineString","coordinates":[[-70.84024000000001,-34.459230000000005],[-70.84036,-34.459160000000004]]}},{"type":"Feature","id":1661,"properties":{},"geometry":{"type":"LineString","coordinates":[[-70.84063,-34.45956],[-70.84039,-34.45917]]}},{"type":"Feature","id":1662,"properties":{},"geometry":{"type":"LineString","coordinates":[[-70.84039,-34.45917],[-70.84036,-34.459160000000004]]}},{"type":"Feature","id":1663,"properties":{},"geometry":{"type":"LineString","coordinates":[[-70.84037000000001,-34.45917],[-70.84048,-34.45886]]}},{"type":"Feature","id":1664,"properties":{},"geometry":{"type":"LineString","coordinates":[[-70.84048,-34.45886],[-70.84038000000001,-34.45868]]}},{"type":"Feature","id":1665,"properties":{},"geometry":{"type":"LineString","coordinates":[[-70.84038000000001,-34.45868],[-70.84032,-34.45866]]}},{"type":"Feature","id":1666,"properties":{},"geometry":{"type":"LineString","coordinates":[[-70.84032,-34.45866],[-70.84022,-34.45863]]}},{"type":"Feature","id":1667,"properties":{},"geometry":{"type":"LineString","coordinates":[[-70.84022,-34.45863],[-70.83997000000001,-34.4585]]}},{"type":"Feature","id":1668,"properties":{},"geometry":{"type":"LineString","coordinates":[[-70.83997000000001,-34.4585],[-70.83957000000001,-34.45826]]}},{"type":"Feature","id":1669,"properties":{},"geometry":{"type":"LineString","coordinates":[[-70.83957000000001,-34.45826],[-70.83934,-34.45812]]}},{"type":"Feature","id":1670,"properties":{},"geometry":{"type":"LineString","coordinates":[[-70.83934,-34.45812],[-70.83906,-34.45796]]}},{"type":"Feature","id":1671,"properties":{},"geometry":{"type":"LineString","coordinates":[[-70.83906,-34.45796],[-70.83898,-34.45792]]}},{"type":"Feature","id":1672,"properties":{},"geometry":{"type":"LineString","coordinates":[[-70.83872000000001,-34.462160000000004],[-70.84033000000001,-34.46217]]}},{"type":"Feature","id":1673,"properties":{},"geometry":{"type":"LineString","coordinates":[[-70.837,-34.462700000000005],[-70.83712,-34.462300000000006]]}},{"type":"Feature","id":1674,"properties":{},"geometry":{"type":"LineString","coordinates":[[-70.83721,-34.461220000000004],[-70.83882000000001,-34.46155]]}},{"type":"Feature","id":1675,"properties":{},"geometry":{"type":"LineString","coordinates":[[-70.83698000000001,-34.46043],[-70.83867000000001,-34.46078]]}},{"type":"Feature","id":1676,"properties":{},"geometry":{"type":"LineString","coordinates":[[-70.83696,-34.46005],[-70.83844,-34.46036]]}},{"type":"Feature","id":1677,"properties":{},"geometry":{"type":"LineString","coordinates":[[-70.83885000000001,-34.461760000000005],[-70.84022,-34.461760000000005]]}},{"type":"Feature","id":1678,"properties":{},"geometry":{"type":"LineString","coordinates":[[-70.83884,-34.46137],[-70.83884,-34.46135]]}},{"type":"Feature","id":1679,"properties":{},"geometry":{"type":"LineString","coordinates":[[-70.84015000000001,-34.461360000000006],[-70.83890000000001,-34.461360000000006]]}},{"type":"Feature","id":1680,"properties":{},"geometry":{"type":"LineString","coordinates":[[-70.83721,-34.461220000000004],[-70.83739,-34.46088]]}},{"type":"Feature","id":1681,"properties":{},"geometry":{"type":"LineString","coordinates":[[-70.83885000000001,-34.46119],[-70.83719,-34.460840000000005]]}},{"type":"Feature","id":1682,"properties":{},"geometry":{"type":"LineString","coordinates":[[-70.83694000000001,-34.45962],[-70.83838,-34.45993]]}},{"type":"Feature","id":1683,"properties":{},"geometry":{"type":"LineString","coordinates":[[-70.83696,-34.46005],[-70.83716000000001,-34.459700000000005]]}},{"type":"Feature","id":1684,"properties":{},"geometry":{"type":"LineString","coordinates":[[-70.83716000000001,-34.459700000000005],[-70.83714,-34.45967]]}},{"type":"Feature","id":1685,"properties":{},"geometry":{"type":"LineString","coordinates":[[-70.83694000000001,-34.45962],[-70.83701,-34.459270000000004]]}},{"type":"Feature","id":1686,"properties":{},"geometry":{"type":"LineString","coordinates":[[-70.83719,-34.460840000000005],[-70.83737,-34.46051]]}},{"type":"Feature","id":1687,"properties":{},"geometry":{"type":"LineString","coordinates":[[-70.83698000000001,-34.46043],[-70.83716000000001,-34.46009]]}},{"type":"Feature","id":1688,"properties":{},"geometry":{"type":"LineString","coordinates":[[-70.8399,-34.460950000000004],[-70.83882000000001,-34.460950000000004]]}},{"type":"Feature","id":1689,"properties":{},"geometry":{"type":"LineString","coordinates":[[-70.83851,-34.460350000000005],[-70.83923,-34.460350000000005]]}},{"type":"Feature","id":1690,"properties":{},"geometry":{"type":"LineString","coordinates":[[-70.83916,-34.45965],[-70.83842,-34.45965]]}},{"type":"Feature","id":1691,"properties":{},"geometry":{"type":"LineString","coordinates":[[-70.83803,-34.463390000000004],[-70.83798,-34.463440000000006]]}},{"type":"Feature","id":1692,"properties":{},"geometry":{"type":"LineString","coordinates":[[-70.83798,-34.463440000000006],[-70.83793,-34.46356]]}},{"type":"Feature","id":1693,"properties":{},"geometry":{"type":"LineString","coordinates":[[-70.83793,-34.46356],[-70.83793,-34.463570000000004]]}},{"type":"Feature","id":1694,"properties":{},"geometry":{"type":"LineString","coordinates":[[-70.83793,-34.463570000000004],[-70.83792000000001,-34.46358]]}},{"type":"Feature","id":1695,"properties":{},"geometry":{"type":"LineString","coordinates":[[-70.83792000000001,-34.46358],[-70.83792000000001,-34.46361]]}},{"type":"Feature","id":1696,"properties":{},"geometry":{"type":"LineString","coordinates":[[-70.83792000000001,-34.46361],[-70.83791000000001,-34.463620000000006]]}},{"type":"Feature","id":1697,"properties":{},"geometry":{"type":"LineString","coordinates":[[-70.83791000000001,-34.463620000000006],[-70.8379,-34.46365]]}},{"type":"Feature","id":1698,"properties":{},"geometry":{"type":"LineString","coordinates":[[-70.8379,-34.46365],[-70.83775,-34.463950000000004]]}},{"type":"Feature","id":1699,"properties":{},"geometry":{"type":"LineString","coordinates":[[-70.83775,-34.463950000000004],[-70.83775,-34.46396]]}},{"type":"Feature","id":1700,"properties":{},"geometry":{"type":"LineString","coordinates":[[-70.83775,-34.46396],[-70.83771,-34.46425]]}},{"type":"Feature","id":1701,"properties":{},"geometry":{"type":"LineString","coordinates":[[-70.83771,-34.46425],[-70.83771,-34.464310000000005]]}},{"type":"Feature","id":1702,"properties":{},"geometry":{"type":"LineString","coordinates":[[-70.83771,-34.464310000000005],[-70.83770000000001,-34.464330000000004]]}},{"type":"Feature","id":1703,"properties":{},"geometry":{"type":"LineString","coordinates":[[-70.83770000000001,-34.464330000000004],[-70.83771,-34.464420000000004]]}},{"type":"Feature","id":1704,"properties":{},"geometry":{"type":"LineString","coordinates":[[-70.83771,-34.464420000000004],[-70.83772,-34.464490000000005]]}},{"type":"Feature","id":1705,"properties":{},"geometry":{"type":"LineString","coordinates":[[-70.83772,-34.464490000000005],[-70.83777,-34.464760000000005]]}},{"type":"Feature","id":1706,"properties":{},"geometry":{"type":"LineString","coordinates":[[-70.83777,-34.464760000000005],[-70.83778000000001,-34.46479]]}},{"type":"Feature","id":1707,"properties":{},"geometry":{"type":"LineString","coordinates":[[-70.83778000000001,-34.46479],[-70.83777,-34.464870000000005]]}},{"type":"Feature","id":1708,"properties":{},"geometry":{"type":"LineString","coordinates":[[-70.83777,-34.464870000000005],[-70.83776,-34.4649]]}},{"type":"Feature","id":1709,"properties":{},"geometry":{"type":"LineString","coordinates":[[-70.83776,-34.4649],[-70.83776,-34.46493]]}},{"type":"Feature","id":1710,"properties":{},"geometry":{"type":"LineString","coordinates":[[-70.83776,-34.46493],[-70.83776,-34.46501]]}},{"type":"Feature","id":1711,"properties":{},"geometry":{"type":"LineString","coordinates":[[-70.83776,-34.46501],[-70.83776,-34.465030000000006]]}},{"type":"Feature","id":1712,"properties":{},"geometry":{"type":"LineString","coordinates":[[-70.83776,-34.465030000000006],[-70.83776,-34.46504]]}},{"type":"Feature","id":1713,"properties":{},"geometry":{"type":"LineString","coordinates":[[-70.83776,-34.46504],[-70.83774000000001,-34.46513]]}},{"type":"Feature","id":1714,"properties":{},"geometry":{"type":"LineString","coordinates":[[-70.83774000000001,-34.46513],[-70.83776,-34.46526]]}},{"type":"Feature","id":1715,"properties":{},"geometry":{"type":"LineString","coordinates":[[-70.83776,-34.46526],[-70.83775,-34.465360000000004]]}},{"type":"Feature","id":1716,"properties":{},"geometry":{"type":"LineString","coordinates":[[-70.83775,-34.465360000000004],[-70.83781,-34.465410000000006]]}},{"type":"Feature","id":1717,"properties":{},"geometry":{"type":"LineString","coordinates":[[-70.83781,-34.465410000000006],[-70.83786,-34.46549]]}},{"type":"Feature","id":1718,"properties":{},"geometry":{"type":"LineString","coordinates":[[-70.83786,-34.46549],[-70.83785,-34.465500000000006]]}},{"type":"Feature","id":1719,"properties":{},"geometry":{"type":"LineString","coordinates":[[-70.83785,-34.465500000000006],[-70.83783000000001,-34.46564]]}},{"type":"Feature","id":1720,"properties":{},"geometry":{"type":"LineString","coordinates":[[-70.83783000000001,-34.46564],[-70.83777,-34.46605]]}},{"type":"Feature","id":1721,"properties":{},"geometry":{"type":"LineString","coordinates":[[-70.83777,-34.46605],[-70.83777,-34.466060000000006]]}},{"type":"Feature","id":1722,"properties":{},"geometry":{"type":"LineString","coordinates":[[-70.83777,-34.466060000000006],[-70.83766,-34.466440000000006]]}},{"type":"Feature","id":1723,"properties":{},"geometry":{"type":"LineString","coordinates":[[-70.83766,-34.466440000000006],[-70.83758,-34.46658]]}},{"type":"Feature","id":1724,"properties":{},"geometry":{"type":"LineString","coordinates":[[-70.83758,-34.46658],[-70.83760000000001,-34.46661]]}},{"type":"Feature","id":1725,"properties":{},"geometry":{"type":"LineString","coordinates":[[-70.83760000000001,-34.46661],[-70.83759,-34.46667]]}},{"type":"Feature","id":1726,"properties":{},"geometry":{"type":"LineString","coordinates":[[-70.83759,-34.46667],[-70.83760000000001,-34.46679]]}},{"type":"Feature","id":1727,"properties":{},"geometry":{"type":"LineString","coordinates":[[-70.83760000000001,-34.46679],[-70.83761000000001,-34.46685]]}},{"type":"Feature","id":1728,"properties":{},"geometry":{"type":"LineString","coordinates":[[-70.83761000000001,-34.46685],[-70.83745,-34.467310000000005]]}},{"type":"Feature","id":1729,"properties":{},"geometry":{"type":"LineString","coordinates":[[-70.83745,-34.467310000000005],[-70.83744,-34.46736]]}},{"type":"Feature","id":1730,"properties":{},"geometry":{"type":"LineString","coordinates":[[-70.83744,-34.46736],[-70.8374,-34.467620000000004]]}},{"type":"Feature","id":1731,"properties":{},"geometry":{"type":"LineString","coordinates":[[-70.8374,-34.467620000000004],[-70.83742000000001,-34.467670000000005]]}},{"type":"Feature","id":1732,"properties":{},"geometry":{"type":"LineString","coordinates":[[-70.83742000000001,-34.467670000000005],[-70.83743000000001,-34.46772]]}},{"type":"Feature","id":1733,"properties":{},"geometry":{"type":"LineString","coordinates":[[-70.83743000000001,-34.46772],[-70.83744,-34.46782]]}},{"type":"Feature","id":1734,"properties":{},"geometry":{"type":"LineString","coordinates":[[-70.83744,-34.46782],[-70.83745,-34.46792]]}},{"type":"Feature","id":1735,"properties":{},"geometry":{"type":"LineString","coordinates":[[-70.83745,-34.46792],[-70.83745,-34.468090000000004]]}},{"type":"Feature","id":1736,"properties":{},"geometry":{"type":"LineString","coordinates":[[-70.83745,-34.468090000000004],[-70.83745,-34.46815]]}},{"type":"Feature","id":1737,"properties":{},"geometry":{"type":"LineString","coordinates":[[-70.83745,-34.46815],[-70.83739,-34.4682]]}},{"type":"Feature","id":1738,"properties":{},"geometry":{"type":"LineString","coordinates":[[-70.83739,-34.4682],[-70.83737,-34.468210000000006]]}},{"type":"Feature","id":1739,"properties":{},"geometry":{"type":"LineString","coordinates":[[-70.83737,-34.468210000000006],[-70.83729000000001,-34.468340000000005]]}},{"type":"Feature","id":1740,"properties":{},"geometry":{"type":"LineString","coordinates":[[-70.83729000000001,-34.468340000000005],[-70.83719,-34.4684]]}},{"type":"Feature","id":1741,"properties":{},"geometry":{"type":"LineString","coordinates":[[-70.83719,-34.4684],[-70.83718,-34.46842]]}},{"type":"Feature","id":1742,"properties":{},"geometry":{"type":"LineString","coordinates":[[-70.83718,-34.46842],[-70.83701,-34.46857]]}},{"type":"Feature","id":1743,"properties":{},"geometry":{"type":"LineString","coordinates":[[-70.83701,-34.46857],[-70.83693000000001,-34.469]]}},{"type":"Feature","id":1744,"properties":{},"geometry":{"type":"LineString","coordinates":[[-70.83693000000001,-34.469],[-70.83693000000001,-34.46904]]}},{"type":"Feature","id":1745,"properties":{},"geometry":{"type":"LineString","coordinates":[[-70.83693000000001,-34.46904],[-70.83689000000001,-34.469500000000004]]}},{"type":"Feature","id":1746,"properties":{},"geometry":{"type":"LineString","coordinates":[[-70.84312,-34.464000000000006],[-70.84312,-34.46392]]}},{"type":"Feature","id":1747,"properties":{},"geometry":{"type":"LineString","coordinates":[[-70.84312,-34.46392],[-70.84322,-34.46392]]}},{"type":"Feature","id":1748,"properties":{},"geometry":{"type":"LineString","coordinates":[[-70.84322,-34.46392],[-70.84322,-34.464000000000006]]}},{"type":"Feature","id":1749,"properties":{},"geometry":{"type":"LineString","coordinates":[[-70.84322,-34.464000000000006],[-70.84312,-34.464000000000006]]}},{"type":"Feature","id":1750,"properties":{},"geometry":{"type":"LineString","coordinates":[[-70.83669,-34.470020000000005],[-70.83668,-34.46994]]}},{"type":"Feature","id":1751,"properties":{},"geometry":{"type":"LineString","coordinates":[[-70.83668,-34.46994],[-70.83669,-34.46994]]}},{"type":"Feature","id":1752,"properties":{},"geometry":{"type":"LineString","coordinates":[[-70.83669,-34.46994],[-70.83669,-34.470020000000005]]}},{"type":"Feature","id":1753,"properties":{},"geometry":{"type":"LineString","coordinates":[[-70.83668,-34.46994],[-70.83678,-34.469930000000005]]}},{"type":"Feature","id":1754,"properties":{},"geometry":{"type":"LineString","coordinates":[[-70.83678,-34.469930000000005],[-70.83678,-34.46994]]}},{"type":"Feature","id":1755,"properties":{},"geometry":{"type":"LineString","coordinates":[[-70.83678,-34.46994],[-70.83669,-34.46994]]}},{"type":"Feature","id":1756,"properties":{},"geometry":{"type":"LineString","coordinates":[[-70.83678,-34.469930000000005],[-70.83679000000001,-34.470020000000005]]}},{"type":"Feature","id":1757,"properties":{},"geometry":{"type":"LineString","coordinates":[[-70.83679000000001,-34.470020000000005],[-70.83678,-34.47001]]}},{"type":"Feature","id":1758,"properties":{},"geometry":{"type":"LineString","coordinates":[[-70.83678,-34.47001],[-70.83678,-34.46994]]}},{"type":"Feature","id":1759,"properties":{},"geometry":{"type":"LineString","coordinates":[[-70.83679000000001,-34.470020000000005],[-70.83669,-34.470020000000005]]}},{"type":"Feature","id":1760,"properties":{},"geometry":{"type":"LineString","coordinates":[[-70.83669,-34.470020000000005],[-70.83678,-34.47001]]}},{"type":"Feature","id":1761,"properties":{},"geometry":{"type":"LineString","coordinates":[[-70.84287,-34.46848],[-70.84286,-34.4684]]}},{"type":"Feature","id":1762,"properties":{},"geometry":{"type":"LineString","coordinates":[[-70.84286,-34.4684],[-70.84287,-34.4684]]}},{"type":"Feature","id":1763,"properties":{},"geometry":{"type":"LineString","coordinates":[[-70.84287,-34.4684],[-70.84287,-34.46848]]}},{"type":"Feature","id":1764,"properties":{},"geometry":{"type":"LineString","coordinates":[[-70.84286,-34.4684],[-70.84296,-34.46839]]}},{"type":"Feature","id":1765,"properties":{},"geometry":{"type":"LineString","coordinates":[[-70.84296,-34.46839],[-70.84296,-34.4684]]}},{"type":"Feature","id":1766,"properties":{},"geometry":{"type":"LineString","coordinates":[[-70.84296,-34.4684],[-70.84287,-34.4684]]}},{"type":"Feature","id":1767,"properties":{},"geometry":{"type":"LineString","coordinates":[[-70.84296,-34.46839],[-70.84297000000001,-34.46848]]}},{"type":"Feature","id":1768,"properties":{},"geometry":{"type":"LineString","coordinates":[[-70.84297000000001,-34.46848],[-70.84296,-34.46847]]}},{"type":"Feature","id":1769,"properties":{},"geometry":{"type":"LineString","coordinates":[[-70.84296,-34.46847],[-70.84296,-34.4684]]}},{"type":"Feature","id":1770,"properties":{},"geometry":{"type":"LineString","coordinates":[[-70.84297000000001,-34.46848],[-70.84287,-34.46848]]}},{"type":"Feature","id":1771,"properties":{},"geometry":{"type":"LineString","coordinates":[[-70.84287,-34.46848],[-70.84296,-34.46847]]}},{"type":"Feature","id":1772,"properties":{},"geometry":{"type":"LineString","coordinates":[[-70.84888000000001,-34.471970000000006],[-70.84888000000001,-34.47198]]}},{"type":"Feature","id":1773,"properties":{},"geometry":{"type":"LineString","coordinates":[[-70.84888000000001,-34.47198],[-70.84888000000001,-34.47189]]}},{"type":"Feature","id":1774,"properties":{},"geometry":{"type":"LineString","coordinates":[[-70.84888000000001,-34.47189],[-70.84888000000001,-34.471900000000005]]}},{"type":"Feature","id":1775,"properties":{},"geometry":{"type":"LineString","coordinates":[[-70.84888000000001,-34.471900000000005],[-70.84888000000001,-34.471970000000006]]}},{"type":"Feature","id":1776,"properties":{},"geometry":{"type":"LineString","coordinates":[[-70.84888000000001,-34.47189],[-70.84898000000001,-34.47189]]}},{"type":"Feature","id":1777,"properties":{},"geometry":{"type":"LineString","coordinates":[[-70.84898000000001,-34.47189],[-70.84888000000001,-34.471900000000005]]}},{"type":"Feature","id":1778,"properties":{},"geometry":{"type":"LineString","coordinates":[[-70.84898000000001,-34.47189],[-70.84898000000001,-34.471970000000006]]}},{"type":"Feature","id":1779,"properties":{},"geometry":{"type":"LineString","coordinates":[[-70.84898000000001,-34.471970000000006],[-70.84888000000001,-34.47198]]}},{"type":"Feature","id":1780,"properties":{},"geometry":{"type":"LineString","coordinates":[[-70.84888000000001,-34.471970000000006],[-70.84898000000001,-34.471970000000006]]}},{"type":"Feature","id":1781,"properties":{},"geometry":{"type":"LineString","coordinates":[[-70.85246000000001,-34.471740000000004],[-70.85245,-34.471740000000004]]}},{"type":"Feature","id":1782,"properties":{},"geometry":{"type":"LineString","coordinates":[[-70.85245,-34.471740000000004],[-70.85245,-34.471650000000004]]}},{"type":"Feature","id":1783,"properties":{},"geometry":{"type":"LineString","coordinates":[[-70.85245,-34.471650000000004],[-70.85245,-34.47166]]}},{"type":"Feature","id":1784,"properties":{},"geometry":{"type":"LineString","coordinates":[[-70.85245,-34.47166],[-70.85246000000001,-34.471740000000004]]}},{"type":"Feature","id":1785,"properties":{},"geometry":{"type":"LineString","coordinates":[[-70.85245,-34.471650000000004],[-70.85255000000001,-34.471650000000004]]}},{"type":"Feature","id":1786,"properties":{},"geometry":{"type":"LineString","coordinates":[[-70.85255000000001,-34.471650000000004],[-70.85255000000001,-34.47166]]}},{"type":"Feature","id":1787,"properties":{},"geometry":{"type":"LineString","coordinates":[[-70.85255000000001,-34.47166],[-70.85245,-34.47166]]}},{"type":"Feature","id":1788,"properties":{},"geometry":{"type":"LineString","coordinates":[[-70.85255000000001,-34.471650000000004],[-70.85255000000001,-34.471740000000004]]}},{"type":"Feature","id":1789,"properties":{},"geometry":{"type":"LineString","coordinates":[[-70.85255000000001,-34.471740000000004],[-70.85255000000001,-34.47173]]}},{"type":"Feature","id":1790,"properties":{},"geometry":{"type":"LineString","coordinates":[[-70.85255000000001,-34.47173],[-70.85255000000001,-34.47166]]}},{"type":"Feature","id":1791,"properties":{},"geometry":{"type":"LineString","coordinates":[[-70.85255000000001,-34.471740000000004],[-70.85245,-34.471740000000004]]}},{"type":"Feature","id":1792,"properties":{},"geometry":{"type":"LineString","coordinates":[[-70.85246000000001,-34.471740000000004],[-70.85255000000001,-34.47173]]}},{"type":"Feature","id":1793,"properties":{},"geometry":{"type":"LineString","coordinates":[[-70.84155000000001,-34.46768],[-70.84155000000001,-34.467690000000005]]}},{"type":"Feature","id":1794,"properties":{},"geometry":{"type":"LineString","coordinates":[[-70.84155000000001,-34.467690000000005],[-70.84154000000001,-34.467600000000004]]}},{"type":"Feature","id":1795,"properties":{},"geometry":{"type":"LineString","coordinates":[[-70.84154000000001,-34.467600000000004],[-70.84155000000001,-34.46761]]}},{"type":"Feature","id":1796,"properties":{},"geometry":{"type":"LineString","coordinates":[[-70.84155000000001,-34.46761],[-70.84155000000001,-34.46768]]}},{"type":"Feature","id":1797,"properties":{},"geometry":{"type":"LineString","coordinates":[[-70.84154000000001,-34.467600000000004],[-70.84164000000001,-34.467600000000004]]}},{"type":"Feature","id":1798,"properties":{},"geometry":{"type":"LineString","coordinates":[[-70.84164000000001,-34.467600000000004],[-70.84155000000001,-34.46761]]}},{"type":"Feature","id":1799,"properties":{},"geometry":{"type":"LineString","coordinates":[[-70.84164000000001,-34.467600000000004],[-70.84165,-34.467690000000005]]}},{"type":"Feature","id":1800,"properties":{},"geometry":{"type":"LineString","coordinates":[[-70.84165,-34.467690000000005],[-70.84164000000001,-34.46768]]}},{"type":"Feature","id":1801,"properties":{},"geometry":{"type":"LineString","coordinates":[[-70.84164000000001,-34.46768],[-70.84164000000001,-34.467600000000004]]}},{"type":"Feature","id":1802,"properties":{},"geometry":{"type":"LineString","coordinates":[[-70.84165,-34.467690000000005],[-70.84155000000001,-34.467690000000005]]}},{"type":"Feature","id":1803,"properties":{},"geometry":{"type":"LineString","coordinates":[[-70.84155000000001,-34.46768],[-70.84164000000001,-34.46768]]}},{"type":"Feature","id":1804,"properties":{},"geometry":{"type":"LineString","coordinates":[[-70.85147,-34.473980000000005],[-70.85057,-34.4742]]}},{"type":"Feature","id":1805,"properties":{},"geometry":{"type":"LineString","coordinates":[[-70.85057,-34.4742],[-70.84988,-34.474380000000004]]}},{"type":"Feature","id":1806,"properties":{},"geometry":{"type":"LineString","coordinates":[[-70.84988,-34.474380000000004],[-70.8482,-34.474540000000005]]}},{"type":"Feature","id":1807,"properties":{},"geometry":{"type":"LineString","coordinates":[[-70.83892,-34.457890000000006],[-70.83775,-34.45803]]}},{"type":"Feature","id":1808,"properties":{},"geometry":{"type":"LineString","coordinates":[[-70.83639000000001,-34.458650000000006],[-70.83795,-34.45857]]}},{"type":"Feature","id":1809,"properties":{},"geometry":{"type":"LineString","coordinates":[[-70.83586000000001,-34.457640000000005],[-70.83742000000001,-34.45756]]}},{"type":"Feature","id":1810,"properties":{},"geometry":{"type":"LineString","coordinates":[[-70.83566,-34.457300000000004],[-70.83722,-34.45722]]}},{"type":"Feature","id":1811,"properties":{},"geometry":{"type":"LineString","coordinates":[[-70.83622000000001,-34.458310000000004],[-70.83778000000001,-34.45824]]}},{"type":"Feature","id":1812,"properties":{},"geometry":{"type":"LineString","coordinates":[[-70.83605,-34.45797],[-70.83761000000001,-34.457890000000006]]}},{"type":"Feature","id":1813,"properties":{},"geometry":{"type":"LineString","coordinates":[[-70.83546000000001,-34.45696],[-70.83702000000001,-34.456880000000005]]}},{"type":"Feature","id":1814,"properties":{},"geometry":{"type":"LineString","coordinates":[[-70.83526,-34.456630000000004],[-70.83682,-34.45655]]}},{"type":"Feature","id":1815,"properties":{},"geometry":{"type":"LineString","coordinates":[[-70.83506000000001,-34.45629],[-70.83663,-34.456210000000006]]}},{"type":"Feature","id":1816,"properties":{},"geometry":{"type":"LineString","coordinates":[[-70.83882000000001,-34.46155],[-70.83885000000001,-34.46119]]}},{"type":"Feature","id":1817,"properties":{},"geometry":{"type":"LineString","coordinates":[[-70.83885000000001,-34.46119],[-70.83867000000001,-34.46078]]}},{"type":"Feature","id":1818,"properties":{},"geometry":{"type":"LineString","coordinates":[[-70.83867000000001,-34.46078],[-70.83844,-34.46036]]}},{"type":"Feature","id":1819,"properties":{},"geometry":{"type":"LineString","coordinates":[[-70.83844,-34.46036],[-70.83838,-34.45993]]}},{"type":"Feature","id":1820,"properties":{},"geometry":{"type":"LineString","coordinates":[[-70.83838,-34.45993],[-70.83840000000001,-34.459830000000004]]}},{"type":"Feature","id":1821,"properties":{},"geometry":{"type":"LineString","coordinates":[[-70.83840000000001,-34.459830000000004],[-70.83836000000001,-34.459680000000006]]}},{"type":"Feature","id":1822,"properties":{},"geometry":{"type":"LineString","coordinates":[[-70.83836000000001,-34.459680000000006],[-70.83832000000001,-34.459500000000006]]}},{"type":"Feature","id":1823,"properties":{},"geometry":{"type":"LineString","coordinates":[[-70.83832000000001,-34.459500000000006],[-70.8382,-34.459050000000005]]}},{"type":"Feature","id":1824,"properties":{},"geometry":{"type":"LineString","coordinates":[[-70.84009,-34.47858],[-70.83966000000001,-34.47646]]}},{"type":"Feature","id":1825,"properties":{},"geometry":{"type":"LineString","coordinates":[[-70.84005,-34.479850000000006],[-70.83940000000001,-34.479910000000004]]}},{"type":"Feature","id":1826,"properties":{},"geometry":{"type":"LineString","coordinates":[[-70.83940000000001,-34.479910000000004],[-70.83906,-34.480000000000004]]}},{"type":"Feature","id":1827,"properties":{},"geometry":{"type":"LineString","coordinates":[[-70.83894000000001,-34.48003],[-70.83852,-34.48015]]}},{"type":"Feature","id":1828,"properties":{},"geometry":{"type":"LineString","coordinates":[[-70.83595000000001,-34.471940000000004],[-70.83735,-34.47186]]}},{"type":"Feature","id":1829,"properties":{},"geometry":{"type":"LineString","coordinates":[[-70.83803,-34.47169],[-70.83813,-34.47287]]}},{"type":"Feature","id":1830,"properties":{},"geometry":{"type":"LineString","coordinates":[[-70.83859000000001,-34.47543],[-70.84035,-34.47527]]}},{"type":"Feature","id":1831,"properties":{},"geometry":{"type":"LineString","coordinates":[[-70.84051000000001,-34.47525],[-70.84076,-34.47523]]}},{"type":"Feature","id":1832,"properties":{},"geometry":{"type":"LineString","coordinates":[[-70.84024000000001,-34.471500000000006],[-70.84033000000001,-34.47149]]}},{"type":"Feature","id":1833,"properties":{},"geometry":{"type":"LineString","coordinates":[[-70.84033000000001,-34.47149],[-70.84056000000001,-34.471470000000004]]}},{"type":"Feature","id":1834,"properties":{},"geometry":{"type":"LineString","coordinates":[[-70.84056000000001,-34.471470000000004],[-70.84075,-34.471450000000004]]}},{"type":"Feature","id":1835,"properties":{},"geometry":{"type":"LineString","coordinates":[[-70.84075,-34.471450000000004],[-70.84093,-34.471430000000005]]}},{"type":"Feature","id":1836,"properties":{},"geometry":{"type":"LineString","coordinates":[[-70.84093,-34.471430000000005],[-70.84116,-34.4714]]}},{"type":"Feature","id":1837,"properties":{},"geometry":{"type":"LineString","coordinates":[[-70.84116,-34.4714],[-70.84140000000001,-34.47138]]}},{"type":"Feature","id":1838,"properties":{},"geometry":{"type":"LineString","coordinates":[[-70.84140000000001,-34.47138],[-70.84163000000001,-34.47135]]}},{"type":"Feature","id":1839,"properties":{},"geometry":{"type":"LineString","coordinates":[[-70.84163000000001,-34.47135],[-70.84184,-34.47133]]}},{"type":"Feature","id":1840,"properties":{},"geometry":{"type":"LineString","coordinates":[[-70.84184,-34.47133],[-70.84196,-34.471320000000006]]}},{"type":"Feature","id":1841,"properties":{},"geometry":{"type":"LineString","coordinates":[[-70.84033000000001,-34.47487],[-70.83914,-34.474940000000004]]}},{"type":"Feature","id":1842,"properties":{},"geometry":{"type":"LineString","coordinates":[[-70.83989000000001,-34.472550000000005],[-70.83900000000001,-34.47261]]}},{"type":"Feature","id":1843,"properties":{},"geometry":{"type":"LineString","coordinates":[[-70.83892,-34.47348],[-70.83891000000001,-34.473470000000006]]}},{"type":"Feature","id":1844,"properties":{},"geometry":{"type":"LineString","coordinates":[[-70.83891000000001,-34.473470000000006],[-70.83886000000001,-34.47317]]}},{"type":"Feature","id":1845,"properties":{},"geometry":{"type":"LineString","coordinates":[[-70.83886000000001,-34.47317],[-70.83879,-34.47281]]}},{"type":"Feature","id":1846,"properties":{},"geometry":{"type":"LineString","coordinates":[[-70.83879,-34.47281],[-70.83878,-34.47276]]}},{"type":"Feature","id":1847,"properties":{},"geometry":{"type":"LineString","coordinates":[[-70.83989000000001,-34.47261],[-70.83900000000001,-34.472660000000005]]}},{"type":"Feature","id":1848,"properties":{},"geometry":{"type":"LineString","coordinates":[[-70.84240000000001,-34.47952],[-70.84151,-34.47964]]}},{"type":"Feature","id":1849,"properties":{},"geometry":{"type":"LineString","coordinates":[[-70.84151,-34.47964],[-70.84131000000001,-34.47966]]}},{"type":"Feature","id":1850,"properties":{},"geometry":{"type":"LineString","coordinates":[[-70.84131000000001,-34.47966],[-70.84123000000001,-34.479670000000006]]}},{"type":"Feature","id":1851,"properties":{},"geometry":{"type":"LineString","coordinates":[[-70.84123000000001,-34.479670000000006],[-70.84109000000001,-34.479690000000005]]}},{"type":"Feature","id":1852,"properties":{},"geometry":{"type":"LineString","coordinates":[[-70.84109000000001,-34.479690000000005],[-70.84098,-34.479710000000004]]}},{"type":"Feature","id":1853,"properties":{},"geometry":{"type":"LineString","coordinates":[[-70.84028,-34.47533],[-70.84076,-34.475280000000005]]}},{"type":"Feature","id":1854,"properties":{},"geometry":{"type":"LineString","coordinates":[[-70.83861,-34.475480000000005],[-70.84012,-34.47534]]}},{"type":"Feature","id":1855,"properties":{},"geometry":{"type":"LineString","coordinates":[[-70.84045,-34.47531],[-70.84076,-34.475280000000005]]}},{"type":"Feature","id":1856,"properties":{},"geometry":{"type":"LineString","coordinates":[[-70.84091000000001,-34.47972],[-70.84075,-34.47974]]}},{"type":"Feature","id":1857,"properties":{},"geometry":{"type":"LineString","coordinates":[[-70.84075,-34.47974],[-70.84069000000001,-34.47975]]}},{"type":"Feature","id":1858,"properties":{},"geometry":{"type":"LineString","coordinates":[[-70.84069000000001,-34.47975],[-70.84005,-34.47984]]}},{"type":"Feature","id":1859,"properties":{},"geometry":{"type":"LineString","coordinates":[[-70.84005,-34.47984],[-70.84005,-34.479850000000006]]}},{"type":"Feature","id":1860,"properties":{},"geometry":{"type":"LineString","coordinates":[[-70.84486000000001,-34.480360000000005],[-70.84503000000001,-34.48124]]}},{"type":"Feature","id":1861,"properties":{},"geometry":{"type":"LineString","coordinates":[[-70.84240000000001,-34.47952],[-70.84252000000001,-34.479510000000005]]}},{"type":"Feature","id":1862,"properties":{},"geometry":{"type":"LineString","coordinates":[[-70.84076,-34.47523],[-70.84191000000001,-34.475190000000005]]}},{"type":"Feature","id":1863,"properties":{},"geometry":{"type":"LineString","coordinates":[[-70.84159000000001,-34.471360000000004],[-70.84162,-34.47135]]}},{"type":"Feature","id":1864,"properties":{},"geometry":{"type":"LineString","coordinates":[[-70.84162,-34.47135],[-70.84184,-34.47133]]}},{"type":"Feature","id":1865,"properties":{},"geometry":{"type":"LineString","coordinates":[[-70.84184,-34.47133],[-70.84213000000001,-34.4713]]}},{"type":"Feature","id":1866,"properties":{},"geometry":{"type":"LineString","coordinates":[[-70.84222000000001,-34.471340000000005],[-70.84225,-34.471410000000006]]}},{"type":"Feature","id":1867,"properties":{},"geometry":{"type":"LineString","coordinates":[[-70.84225,-34.471410000000006],[-70.84228,-34.47151]]}},{"type":"Feature","id":1868,"properties":{},"geometry":{"type":"LineString","coordinates":[[-70.84228,-34.47151],[-70.84232,-34.471700000000006]]}},{"type":"Feature","id":1869,"properties":{},"geometry":{"type":"LineString","coordinates":[[-70.84232,-34.471700000000006],[-70.84237,-34.471990000000005]]}},{"type":"Feature","id":1870,"properties":{},"geometry":{"type":"LineString","coordinates":[[-70.84237,-34.471990000000005],[-70.84243000000001,-34.47227]]}},{"type":"Feature","id":1871,"properties":{},"geometry":{"type":"LineString","coordinates":[[-70.84243000000001,-34.47227],[-70.84248000000001,-34.47254]]}},{"type":"Feature","id":1872,"properties":{},"geometry":{"type":"LineString","coordinates":[[-70.84248000000001,-34.47254],[-70.84253000000001,-34.47283]]}},{"type":"Feature","id":1873,"properties":{},"geometry":{"type":"LineString","coordinates":[[-70.84253000000001,-34.47283],[-70.84259,-34.473150000000004]]}},{"type":"Feature","id":1874,"properties":{},"geometry":{"type":"LineString","coordinates":[[-70.84259,-34.473150000000004],[-70.84296,-34.47509]]}},{"type":"Feature","id":1875,"properties":{},"geometry":{"type":"LineString","coordinates":[[-70.84292,-34.47513],[-70.84191000000001,-34.475190000000005]]}},{"type":"Feature","id":1876,"properties":{},"geometry":{"type":"LineString","coordinates":[[-70.84264,-34.48051],[-70.84263,-34.47955]]}},{"type":"Feature","id":1877,"properties":{},"geometry":{"type":"LineString","coordinates":[[-70.84423000000001,-34.47715],[-70.84323,-34.47719]]}},{"type":"Feature","id":1878,"properties":{},"geometry":{"type":"LineString","coordinates":[[-70.84628000000001,-34.476870000000005],[-70.84526000000001,-34.4769]]}},{"type":"Feature","id":1879,"properties":{},"geometry":{"type":"LineString","coordinates":[[-70.84595,-34.475480000000005],[-70.84617,-34.476220000000005]]}},{"type":"Feature","id":1880,"properties":{},"geometry":{"type":"LineString","coordinates":[[-70.84617,-34.476220000000005],[-70.84626,-34.476510000000005]]}},{"type":"Feature","id":1881,"properties":{},"geometry":{"type":"LineString","coordinates":[[-70.84626,-34.476510000000005],[-70.84628000000001,-34.47657]]}},{"type":"Feature","id":1882,"properties":{},"geometry":{"type":"LineString","coordinates":[[-70.8463,-34.476620000000004],[-70.84710000000001,-34.4791]]}},{"type":"Feature","id":1883,"properties":{},"geometry":{"type":"LineString","coordinates":[[-70.84710000000001,-34.4791],[-70.84723000000001,-34.47957]]}},{"type":"Feature","id":1884,"properties":{},"geometry":{"type":"LineString","coordinates":[[-70.84723000000001,-34.47957],[-70.84733,-34.479910000000004]]}},{"type":"Feature","id":1885,"properties":{},"geometry":{"type":"LineString","coordinates":[[-70.84733,-34.479910000000004],[-70.84740000000001,-34.480140000000006]]}},{"type":"Feature","id":1886,"properties":{},"geometry":{"type":"LineString","coordinates":[[-70.84293000000001,-34.47518],[-70.84298000000001,-34.47518]]}},{"type":"Feature","id":1887,"properties":{},"geometry":{"type":"LineString","coordinates":[[-70.84305,-34.47518],[-70.84320000000001,-34.47518]]}},{"type":"Feature","id":1888,"properties":{},"geometry":{"type":"LineString","coordinates":[[-70.84320000000001,-34.47518],[-70.84346000000001,-34.475190000000005]]}},{"type":"Feature","id":1889,"properties":{},"geometry":{"type":"LineString","coordinates":[[-70.84346000000001,-34.475190000000005],[-70.84375,-34.475210000000004]]}},{"type":"Feature","id":1890,"properties":{},"geometry":{"type":"LineString","coordinates":[[-70.84375,-34.475210000000004],[-70.84405000000001,-34.47522]]}},{"type":"Feature","id":1891,"properties":{},"geometry":{"type":"LineString","coordinates":[[-70.84405000000001,-34.47522],[-70.84423000000001,-34.47523]]}},{"type":"Feature","id":1892,"properties":{},"geometry":{"type":"LineString","coordinates":[[-70.84181000000001,-34.47525],[-70.84192,-34.47524]]}},{"type":"Feature","id":1893,"properties":{},"geometry":{"type":"LineString","coordinates":[[-70.84597000000001,-34.475880000000004],[-70.84388000000001,-34.475950000000005]]}},{"type":"Feature","id":1894,"properties":{},"geometry":{"type":"LineString","coordinates":[[-70.84674000000001,-34.478300000000004],[-70.84469,-34.478370000000005]]}},{"type":"Feature","id":1895,"properties":{},"geometry":{"type":"LineString","coordinates":[[-70.84659,-34.47782],[-70.84454000000001,-34.47789]]}},{"type":"Feature","id":1896,"properties":{},"geometry":{"type":"LineString","coordinates":[[-70.84643000000001,-34.477340000000005],[-70.84438,-34.477410000000006]]}},{"type":"Feature","id":1897,"properties":{},"geometry":{"type":"LineString","coordinates":[[-70.84526000000001,-34.4769],[-70.84423000000001,-34.476940000000006]]}},{"type":"Feature","id":1898,"properties":{},"geometry":{"type":"LineString","coordinates":[[-70.84613,-34.47639],[-70.84410000000001,-34.47645]]}},{"type":"Feature","id":1899,"properties":{},"geometry":{"type":"LineString","coordinates":[[-70.84292,-34.47518],[-70.84192,-34.47524]]}},{"type":"Feature","id":1900,"properties":{},"geometry":{"type":"LineString","coordinates":[[-70.84393,-34.476110000000006],[-70.84299,-34.476150000000004]]}},{"type":"Feature","id":1901,"properties":{},"geometry":{"type":"LineString","coordinates":[[-70.84277,-34.47375],[-70.84530000000001,-34.47359]]}},{"type":"Feature","id":1902,"properties":{},"geometry":{"type":"LineString","coordinates":[[-70.84270000000001,-34.47336],[-70.8452,-34.47321]]}},{"type":"Feature","id":1903,"properties":{},"geometry":{"type":"LineString","coordinates":[[-70.84262000000001,-34.472970000000004],[-70.84511,-34.472820000000006]]}},{"type":"Feature","id":1904,"properties":{},"geometry":{"type":"LineString","coordinates":[[-70.84255,-34.47258],[-70.84501,-34.47243]]}},{"type":"Feature","id":1905,"properties":{},"geometry":{"type":"LineString","coordinates":[[-70.84246,-34.47211],[-70.84490000000001,-34.47196]]}},{"type":"Feature","id":1906,"properties":{},"geometry":{"type":"LineString","coordinates":[[-70.84238,-34.471680000000006],[-70.84479,-34.47153]]}},{"type":"Feature","id":1907,"properties":{},"geometry":{"type":"LineString","coordinates":[[-70.84158000000001,-34.4713],[-70.84162,-34.4713]]}},{"type":"Feature","id":1908,"properties":{},"geometry":{"type":"LineString","coordinates":[[-70.84183,-34.47128],[-70.84211,-34.471250000000005]]}},{"type":"Feature","id":1909,"properties":{},"geometry":{"type":"LineString","coordinates":[[-70.84655000000001,-34.474650000000004],[-70.84818,-34.47449]]}},{"type":"Feature","id":1910,"properties":{},"geometry":{"type":"LineString","coordinates":[[-70.84527,-34.473200000000006],[-70.84774,-34.47305]]}},{"type":"Feature","id":1911,"properties":{},"geometry":{"type":"LineString","coordinates":[[-70.84636,-34.47267],[-70.84772000000001,-34.472590000000004]]}},{"type":"Feature","id":1912,"properties":{},"geometry":{"type":"LineString","coordinates":[[-70.84504000000001,-34.47229],[-70.84740000000001,-34.472150000000006]]}},{"type":"Feature","id":1913,"properties":{},"geometry":{"type":"LineString","coordinates":[[-70.84614,-34.47176],[-70.84740000000001,-34.47169]]}},{"type":"Feature","id":1914,"properties":{},"geometry":{"type":"LineString","coordinates":[[-70.84540000000001,-34.47135],[-70.84674000000001,-34.471270000000004]]}},{"type":"Feature","id":1915,"properties":{},"geometry":{"type":"LineString","coordinates":[[-70.84425,-34.48042],[-70.84442,-34.48129]]}},{"type":"Feature","id":1916,"properties":{},"geometry":{"type":"LineString","coordinates":[[-70.84306000000001,-34.480540000000005],[-70.84322,-34.481440000000006]]}},{"type":"Feature","id":1917,"properties":{},"geometry":{"type":"LineString","coordinates":[[-70.84862000000001,-34.48024],[-70.84887,-34.48111]]}},{"type":"Feature","id":1918,"properties":{},"geometry":{"type":"LineString","coordinates":[[-70.84918,-34.48022],[-70.84944,-34.48109]]}},{"type":"Feature","id":1919,"properties":{},"geometry":{"type":"LineString","coordinates":[[-70.84975,-34.48019],[-70.85000000000001,-34.48107]]}},{"type":"Feature","id":1920,"properties":{},"geometry":{"type":"LineString","coordinates":[[-70.84433,-34.470000000000006],[-70.84446000000001,-34.470960000000005]]}},{"type":"Feature","id":1921,"properties":{},"geometry":{"type":"LineString","coordinates":[[-70.84819,-34.47889],[-70.84704,-34.478930000000005]]}},{"type":"Feature","id":1922,"properties":{},"geometry":{"type":"LineString","coordinates":[[-70.84781000000001,-34.47796],[-70.84675,-34.478010000000005]]}},{"type":"Feature","id":1923,"properties":{},"geometry":{"type":"LineString","coordinates":[[-70.84766,-34.477500000000006],[-70.84660000000001,-34.477540000000005]]}},{"type":"Feature","id":1924,"properties":{},"geometry":{"type":"LineString","coordinates":[[-70.84751,-34.47704],[-70.84645,-34.47708]]}},{"type":"Feature","id":1925,"properties":{},"geometry":{"type":"LineString","coordinates":[[-70.84731000000001,-34.476580000000006],[-70.8463,-34.476620000000004]]}},{"type":"Feature","id":1926,"properties":{},"geometry":{"type":"LineString","coordinates":[[-70.84731000000001,-34.476530000000004],[-70.84628000000001,-34.47657]]}},{"type":"Feature","id":1927,"properties":{},"geometry":{"type":"LineString","coordinates":[[-70.85167000000001,-34.47894],[-70.8532,-34.47831]]}},{"type":"Feature","id":1928,"properties":{},"geometry":{"type":"LineString","coordinates":[[-70.85164,-34.47889],[-70.85312,-34.478280000000005]]}},{"type":"Feature","id":1929,"properties":{},"geometry":{"type":"LineString","coordinates":[[-70.84992000000001,-34.476530000000004],[-70.85036000000001,-34.47655]]}},{"type":"Feature","id":1930,"properties":{},"geometry":{"type":"LineString","coordinates":[[-70.84231000000001,-34.47019],[-70.84245,-34.47117]]}},{"type":"Feature","id":1931,"properties":{},"geometry":{"type":"LineString","coordinates":[[-70.84331,-34.4701],[-70.84345,-34.471070000000005]]}},{"type":"Feature","id":1932,"properties":{},"geometry":{"type":"LineString","coordinates":[[-70.84281,-34.470150000000004],[-70.84295,-34.471120000000006]]}},{"type":"Feature","id":1933,"properties":{},"geometry":{"type":"LineString","coordinates":[[-70.84382000000001,-34.47005],[-70.84396000000001,-34.47101]]}},{"type":"Feature","id":1934,"properties":{},"geometry":{"type":"LineString","coordinates":[[-70.84485000000001,-34.469950000000004],[-70.84499000000001,-34.4709]]}},{"type":"Feature","id":1935,"properties":{},"geometry":{"type":"LineString","coordinates":[[-70.84279000000001,-34.46922],[-70.84303,-34.470130000000005]]}},{"type":"Feature","id":1936,"properties":{},"geometry":{"type":"LineString","coordinates":[[-70.84332,-34.469170000000005],[-70.84357,-34.47007]]}},{"type":"Feature","id":1937,"properties":{},"geometry":{"type":"LineString","coordinates":[[-70.84386,-34.469120000000004],[-70.84410000000001,-34.470020000000005]]}},{"type":"Feature","id":1938,"properties":{},"geometry":{"type":"LineString","coordinates":[[-70.84158000000001,-34.469300000000004],[-70.84144,-34.46848]]}},{"type":"Feature","id":1939,"properties":{},"geometry":{"type":"LineString","coordinates":[[-70.8403,-34.46609],[-70.84047000000001,-34.466750000000005]]}},{"type":"Feature","id":1940,"properties":{},"geometry":{"type":"LineString","coordinates":[[-70.8404,-34.46676],[-70.84025000000001,-34.466150000000006]]}},{"type":"Feature","id":1941,"properties":{},"geometry":{"type":"LineString","coordinates":[[-70.83784,-34.47097],[-70.83783000000001,-34.4709]]}},{"type":"Feature","id":1942,"properties":{},"geometry":{"type":"LineString","coordinates":[[-70.83783000000001,-34.4709],[-70.8378,-34.47072]]}},{"type":"Feature","id":1943,"properties":{},"geometry":{"type":"LineString","coordinates":[[-70.8378,-34.47072],[-70.8378,-34.470710000000004]]}},{"type":"Feature","id":1944,"properties":{},"geometry":{"type":"LineString","coordinates":[[-70.8378,-34.470710000000004],[-70.83779000000001,-34.47064]]}},{"type":"Feature","id":1945,"properties":{},"geometry":{"type":"LineString","coordinates":[[-70.83779000000001,-34.47064],[-70.83778000000001,-34.470560000000006]]}},{"type":"Feature","id":1946,"properties":{},"geometry":{"type":"LineString","coordinates":[[-70.83778000000001,-34.470560000000006],[-70.83778000000001,-34.470380000000006]]}},{"type":"Feature","id":1947,"properties":{},"geometry":{"type":"LineString","coordinates":[[-70.83778000000001,-34.470380000000006],[-70.83778000000001,-34.47036]]}},{"type":"Feature","id":1948,"properties":{},"geometry":{"type":"LineString","coordinates":[[-70.83778000000001,-34.47036],[-70.83779000000001,-34.47027]]}},{"type":"Feature","id":1949,"properties":{},"geometry":{"type":"LineString","coordinates":[[-70.83779000000001,-34.47027],[-70.83779000000001,-34.47019]]}},{"type":"Feature","id":1950,"properties":{},"geometry":{"type":"LineString","coordinates":[[-70.83779000000001,-34.47019],[-70.8378,-34.470090000000006]]}},{"type":"Feature","id":1951,"properties":{},"geometry":{"type":"LineString","coordinates":[[-70.8378,-34.470090000000006],[-70.8378,-34.47005]]}},{"type":"Feature","id":1952,"properties":{},"geometry":{"type":"LineString","coordinates":[[-70.83781,-34.470000000000006],[-70.83784,-34.46989]]}},{"type":"Feature","id":1953,"properties":{},"geometry":{"type":"LineString","coordinates":[[-70.84866000000001,-34.476710000000004],[-70.84865,-34.476710000000004]]}},{"type":"Feature","id":1954,"properties":{},"geometry":{"type":"LineString","coordinates":[[-70.84883,-34.47623],[-70.84884000000001,-34.47623]]}},{"type":"Feature","id":1955,"properties":{},"geometry":{"type":"LineString","coordinates":[[-70.84884000000001,-34.47623],[-70.84866000000001,-34.476710000000004]]}},{"type":"Feature","id":1956,"properties":{},"geometry":{"type":"LineString","coordinates":[[-70.843,-34.476150000000004],[-70.84393,-34.4761]]}},{"type":"Feature","id":1957,"properties":{},"geometry":{"type":"LineString","coordinates":[[-70.84393,-34.4761],[-70.84393,-34.476110000000006]]}},{"type":"Feature","id":1958,"properties":{},"geometry":{"type":"LineString","coordinates":[[-70.84393,-34.476110000000006],[-70.843,-34.476150000000004]]}},{"type":"Feature","id":1959,"properties":{},"geometry":{"type":"LineString","coordinates":[[-70.84195000000001,-34.47618],[-70.84195000000001,-34.47617]]}},{"type":"Feature","id":1960,"properties":{},"geometry":{"type":"LineString","coordinates":[[-70.84195000000001,-34.47617],[-70.843,-34.476150000000004]]}},{"type":"Feature","id":1961,"properties":{},"geometry":{"type":"LineString","coordinates":[[-70.843,-34.476150000000004],[-70.84195000000001,-34.47618]]}},{"type":"Feature","id":1962,"properties":{},"geometry":{"type":"LineString","coordinates":[[-70.84967,-34.47648],[-70.84967,-34.476470000000006]]}},{"type":"Feature","id":1963,"properties":{},"geometry":{"type":"LineString","coordinates":[[-70.84967,-34.476470000000006],[-70.84988,-34.476470000000006]]}},{"type":"Feature","id":1964,"properties":{},"geometry":{"type":"LineString","coordinates":[[-70.84988,-34.476470000000006],[-70.84988,-34.47648]]}},{"type":"Feature","id":1965,"properties":{},"geometry":{"type":"LineString","coordinates":[[-70.84988,-34.47648],[-70.84967,-34.47648]]}},{"type":"Feature","id":1966,"properties":{},"geometry":{"type":"LineString","coordinates":[[-70.84711,-34.469240000000006],[-70.84704,-34.469240000000006]]}},{"type":"Feature","id":1967,"properties":{},"geometry":{"type":"LineString","coordinates":[[-70.84704,-34.469240000000006],[-70.84697,-34.469260000000006]]}},{"type":"Feature","id":1968,"properties":{},"geometry":{"type":"LineString","coordinates":[[-70.84697,-34.469260000000006],[-70.84688,-34.469280000000005]]}},{"type":"Feature","id":1969,"properties":{},"geometry":{"type":"LineString","coordinates":[[-70.84688,-34.469280000000005],[-70.84682000000001,-34.469300000000004]]}},{"type":"Feature","id":1970,"properties":{},"geometry":{"type":"LineString","coordinates":[[-70.84682000000001,-34.469300000000004],[-70.84675,-34.46932]]}},{"type":"Feature","id":1971,"properties":{},"geometry":{"type":"LineString","coordinates":[[-70.84675,-34.46932],[-70.84673000000001,-34.46932]]}},{"type":"Feature","id":1972,"properties":{},"geometry":{"type":"LineString","coordinates":[[-70.83876000000001,-34.480000000000004],[-70.83876000000001,-34.47992]]}},{"type":"Feature","id":1973,"properties":{},"geometry":{"type":"LineString","coordinates":[[-70.83876000000001,-34.47992],[-70.83886000000001,-34.47992]]}},{"type":"Feature","id":1974,"properties":{},"geometry":{"type":"LineString","coordinates":[[-70.83886000000001,-34.47992],[-70.83886000000001,-34.480000000000004]]}},{"type":"Feature","id":1975,"properties":{},"geometry":{"type":"LineString","coordinates":[[-70.83886000000001,-34.480000000000004],[-70.83876000000001,-34.480000000000004]]}},{"type":"Feature","id":1976,"properties":{},"geometry":{"type":"LineString","coordinates":[[-70.84004,-34.47551],[-70.84004,-34.47543]]}},{"type":"Feature","id":1977,"properties":{},"geometry":{"type":"LineString","coordinates":[[-70.84004,-34.47543],[-70.84014,-34.47543]]}},{"type":"Feature","id":1978,"properties":{},"geometry":{"type":"LineString","coordinates":[[-70.84014,-34.47543],[-70.84013,-34.47543]]}},{"type":"Feature","id":1979,"properties":{},"geometry":{"type":"LineString","coordinates":[[-70.84013,-34.47543],[-70.84004,-34.47543]]}},{"type":"Feature","id":1980,"properties":{},"geometry":{"type":"LineString","coordinates":[[-70.84014,-34.47543],[-70.84014,-34.47551]]}},{"type":"Feature","id":1981,"properties":{},"geometry":{"type":"LineString","coordinates":[[-70.84014,-34.47551],[-70.84013,-34.47551]]}},{"type":"Feature","id":1982,"properties":{},"geometry":{"type":"LineString","coordinates":[[-70.84013,-34.47551],[-70.84013,-34.47543]]}},{"type":"Feature","id":1983,"properties":{},"geometry":{"type":"LineString","coordinates":[[-70.84014,-34.47551],[-70.84004,-34.47551]]}},{"type":"Feature","id":1984,"properties":{},"geometry":{"type":"LineString","coordinates":[[-70.84004,-34.47551],[-70.84013,-34.47551]]}},{"type":"Feature","id":1985,"properties":{},"geometry":{"type":"LineString","coordinates":[[-70.84303,-34.475030000000004],[-70.84303,-34.47495]]}},{"type":"Feature","id":1986,"properties":{},"geometry":{"type":"LineString","coordinates":[[-70.84303,-34.47495],[-70.84313,-34.474940000000004]]}},{"type":"Feature","id":1987,"properties":{},"geometry":{"type":"LineString","coordinates":[[-70.84313,-34.474940000000004],[-70.84312,-34.47495]]}},{"type":"Feature","id":1988,"properties":{},"geometry":{"type":"LineString","coordinates":[[-70.84312,-34.47495],[-70.84303,-34.47495]]}},{"type":"Feature","id":1989,"properties":{},"geometry":{"type":"LineString","coordinates":[[-70.84313,-34.474940000000004],[-70.84313,-34.475030000000004]]}},{"type":"Feature","id":1990,"properties":{},"geometry":{"type":"LineString","coordinates":[[-70.84313,-34.475030000000004],[-70.84313,-34.47502]]}},{"type":"Feature","id":1991,"properties":{},"geometry":{"type":"LineString","coordinates":[[-70.84313,-34.47502],[-70.84312,-34.47495]]}},{"type":"Feature","id":1992,"properties":{},"geometry":{"type":"LineString","coordinates":[[-70.84313,-34.475030000000004],[-70.84303,-34.475030000000004]]}},{"type":"Feature","id":1993,"properties":{},"geometry":{"type":"LineString","coordinates":[[-70.84303,-34.475030000000004],[-70.84313,-34.47502]]}},{"type":"Feature","id":1994,"properties":{},"geometry":{"type":"LineString","coordinates":[[-70.84515,-34.472620000000006],[-70.84514,-34.472620000000006]]}},{"type":"Feature","id":1995,"properties":{},"geometry":{"type":"LineString","coordinates":[[-70.84514,-34.472620000000006],[-70.84514,-34.47254]]}},{"type":"Feature","id":1996,"properties":{},"geometry":{"type":"LineString","coordinates":[[-70.84514,-34.47254],[-70.84515,-34.472620000000006]]}},{"type":"Feature","id":1997,"properties":{},"geometry":{"type":"LineString","coordinates":[[-70.84514,-34.47254],[-70.84524,-34.47254]]}},{"type":"Feature","id":1998,"properties":{},"geometry":{"type":"LineString","coordinates":[[-70.84524,-34.47254],[-70.84524,-34.472620000000006]]}},{"type":"Feature","id":1999,"properties":{},"geometry":{"type":"LineString","coordinates":[[-70.84524,-34.472620000000006],[-70.84514,-34.472620000000006]]}},{"type":"Feature","id":2000,"properties":{},"geometry":{"type":"LineString","coordinates":[[-70.84515,-34.472620000000006],[-70.84524,-34.472620000000006]]}},{"type":"Feature","id":2001,"properties":{},"geometry":{"type":"LineString","coordinates":[[-70.84795000000001,-34.47457],[-70.84795000000001,-34.47458]]}},{"type":"Feature","id":2002,"properties":{},"geometry":{"type":"LineString","coordinates":[[-70.84795000000001,-34.47458],[-70.84795000000001,-34.47449]]}},{"type":"Feature","id":2003,"properties":{},"geometry":{"type":"LineString","coordinates":[[-70.84795000000001,-34.47449],[-70.84795000000001,-34.474500000000006]]}},{"type":"Feature","id":2004,"properties":{},"geometry":{"type":"LineString","coordinates":[[-70.84795000000001,-34.474500000000006],[-70.84795000000001,-34.47457]]}},{"type":"Feature","id":2005,"properties":{},"geometry":{"type":"LineString","coordinates":[[-70.84795000000001,-34.47449],[-70.84805,-34.47449]]}},{"type":"Feature","id":2006,"properties":{},"geometry":{"type":"LineString","coordinates":[[-70.84805,-34.47449],[-70.84795000000001,-34.474500000000006]]}},{"type":"Feature","id":2007,"properties":{},"geometry":{"type":"LineString","coordinates":[[-70.84805,-34.47449],[-70.84805,-34.47458]]}},{"type":"Feature","id":2008,"properties":{},"geometry":{"type":"LineString","coordinates":[[-70.84805,-34.47458],[-70.84805,-34.47457]]}},{"type":"Feature","id":2009,"properties":{},"geometry":{"type":"LineString","coordinates":[[-70.84805,-34.47457],[-70.84805,-34.47449]]}},{"type":"Feature","id":2010,"properties":{},"geometry":{"type":"LineString","coordinates":[[-70.84805,-34.47458],[-70.84795000000001,-34.47458]]}},{"type":"Feature","id":2011,"properties":{},"geometry":{"type":"LineString","coordinates":[[-70.84795000000001,-34.47457],[-70.84805,-34.47457]]}},{"type":"Feature","id":2012,"properties":{},"geometry":{"type":"LineString","coordinates":[[-70.83691,-34.470000000000006],[-70.83691,-34.47001]]}},{"type":"Feature","id":2013,"properties":{},"geometry":{"type":"LineString","coordinates":[[-70.83691,-34.47001],[-70.83619,-34.470040000000004]]}},{"type":"Feature","id":2014,"properties":{},"geometry":{"type":"LineString","coordinates":[[-70.84392000000001,-34.476110000000006],[-70.84393,-34.476110000000006]]}},{"type":"Feature","id":2015,"properties":{},"geometry":{"type":"LineString","coordinates":[[-70.84393,-34.476110000000006],[-70.84402,-34.476400000000005]]}},{"type":"Feature","id":2016,"properties":{},"geometry":{"type":"LineString","coordinates":[[-70.84402,-34.476400000000005],[-70.84402,-34.47641]]}},{"type":"Feature","id":2017,"properties":{},"geometry":{"type":"LineString","coordinates":[[-70.84402,-34.47641],[-70.84392000000001,-34.476110000000006]]}},{"type":"Feature","id":2018,"properties":{},"geometry":{"type":"LineString","coordinates":[[-70.8408,-34.46443],[-70.84084,-34.46448]]}},{"type":"Feature","id":2019,"properties":{},"geometry":{"type":"LineString","coordinates":[[-70.84084,-34.46448],[-70.84113,-34.464830000000006]]}},{"type":"Feature","id":2020,"properties":{},"geometry":{"type":"LineString","coordinates":[[-70.84366,-34.480470000000004],[-70.84383000000001,-34.48136]]}},{"type":"Feature","id":2021,"properties":{},"geometry":{"type":"LineString","coordinates":[[-70.84603,-34.48033],[-70.84621,-34.4812]]}},{"type":"Feature","id":2022,"properties":{},"geometry":{"type":"LineString","coordinates":[[-70.84544000000001,-34.480340000000005],[-70.84561000000001,-34.48122]]}},{"type":"Feature","id":2023,"properties":{},"geometry":{"type":"LineString","coordinates":[[-70.8425,-34.480650000000004],[-70.84201,-34.480720000000005]]}},{"type":"Feature","id":2024,"properties":{},"geometry":{"type":"LineString","coordinates":[[-70.84201,-34.480720000000005],[-70.84202,-34.48071]]}},{"type":"Feature","id":2025,"properties":{},"geometry":{"type":"LineString","coordinates":[[-70.84202,-34.48071],[-70.842,-34.48067]]}},{"type":"Feature","id":2026,"properties":{},"geometry":{"type":"LineString","coordinates":[[-70.842,-34.48067],[-70.84105000000001,-34.4808]]}},{"type":"Feature","id":2027,"properties":{},"geometry":{"type":"LineString","coordinates":[[-70.842,-34.48067],[-70.84198,-34.47963]]}},{"type":"Feature","id":2028,"properties":{},"geometry":{"type":"LineString","coordinates":[[-70.84151,-34.479690000000005],[-70.84152,-34.48073]]}},{"type":"Feature","id":2029,"properties":{},"geometry":{"type":"LineString","coordinates":[[-70.84201,-34.480720000000005],[-70.83946,-34.48105]]}},{"type":"Feature","id":2030,"properties":{},"geometry":{"type":"LineString","coordinates":[[-70.83804,-34.482],[-70.83795,-34.48174]]}},{"type":"Feature","id":2031,"properties":{},"geometry":{"type":"LineString","coordinates":[[-70.83795,-34.48174],[-70.83757,-34.48107]]}},{"type":"Feature","id":2032,"properties":{},"geometry":{"type":"LineString","coordinates":[[-70.83757,-34.48107],[-70.83751000000001,-34.48098]]}},{"type":"Feature","id":2033,"properties":{},"geometry":{"type":"LineString","coordinates":[[-70.83743000000001,-34.48064],[-70.83732,-34.48033]]}},{"type":"Feature","id":2034,"properties":{},"geometry":{"type":"LineString","coordinates":[[-70.83732,-34.48033],[-70.83726,-34.48021]]}},{"type":"Feature","id":2035,"properties":{},"geometry":{"type":"LineString","coordinates":[[-70.8371,-34.48026],[-70.83705,-34.4801]]}},{"type":"Feature","id":2036,"properties":{},"geometry":{"type":"LineString","coordinates":[[-70.83717,-34.4799],[-70.83758,-34.47968]]}},{"type":"Feature","id":2037,"properties":{},"geometry":{"type":"LineString","coordinates":[[-70.83758,-34.47968],[-70.83799,-34.47946]]}},{"type":"Feature","id":2038,"properties":{},"geometry":{"type":"LineString","coordinates":[[-70.83799,-34.47946],[-70.83795,-34.47934]]}},{"type":"Feature","id":2039,"properties":{},"geometry":{"type":"LineString","coordinates":[[-70.83795,-34.47934],[-70.83795,-34.479330000000004]]}},{"type":"Feature","id":2040,"properties":{},"geometry":{"type":"LineString","coordinates":[[-70.83795,-34.479330000000004],[-70.83778000000001,-34.479000000000006]]}},{"type":"Feature","id":2041,"properties":{},"geometry":{"type":"LineString","coordinates":[[-70.83778000000001,-34.479000000000006],[-70.83774000000001,-34.478910000000006]]}},{"type":"Feature","id":2042,"properties":{},"geometry":{"type":"LineString","coordinates":[[-70.83774000000001,-34.478910000000006],[-70.83753,-34.478460000000005]]}},{"type":"Feature","id":2043,"properties":{},"geometry":{"type":"LineString","coordinates":[[-70.83753,-34.478460000000005],[-70.83761000000001,-34.478440000000006]]}},{"type":"Feature","id":2044,"properties":{},"geometry":{"type":"LineString","coordinates":[[-70.83761000000001,-34.478440000000006],[-70.83760000000001,-34.478]]}},{"type":"Feature","id":2045,"properties":{},"geometry":{"type":"LineString","coordinates":[[-70.83760000000001,-34.478],[-70.83756000000001,-34.477520000000005]]}},{"type":"Feature","id":2046,"properties":{},"geometry":{"type":"LineString","coordinates":[[-70.83756000000001,-34.477520000000005],[-70.83756000000001,-34.477070000000005]]}},{"type":"Feature","id":2047,"properties":{},"geometry":{"type":"LineString","coordinates":[[-70.83756000000001,-34.477070000000005],[-70.83749,-34.476620000000004]]}},{"type":"Feature","id":2048,"properties":{},"geometry":{"type":"LineString","coordinates":[[-70.83749,-34.476620000000004],[-70.83736,-34.47618]]}},{"type":"Feature","id":2049,"properties":{},"geometry":{"type":"LineString","coordinates":[[-70.83736,-34.47618],[-70.83723,-34.47574]]}},{"type":"Feature","id":2050,"properties":{},"geometry":{"type":"LineString","coordinates":[[-70.83723,-34.47574],[-70.83708,-34.47531]]}},{"type":"Feature","id":2051,"properties":{},"geometry":{"type":"LineString","coordinates":[[-70.83708,-34.47531],[-70.83680000000001,-34.47489]]}},{"type":"Feature","id":2052,"properties":{},"geometry":{"type":"LineString","coordinates":[[-70.83680000000001,-34.47489],[-70.83655,-34.474500000000006]]}},{"type":"Feature","id":2053,"properties":{},"geometry":{"type":"LineString","coordinates":[[-70.83655,-34.474500000000006],[-70.83627,-34.47413]]}},{"type":"Feature","id":2054,"properties":{},"geometry":{"type":"LineString","coordinates":[[-70.83627,-34.47413],[-70.83597,-34.47374]]}},{"type":"Feature","id":2055,"properties":{},"geometry":{"type":"LineString","coordinates":[[-70.83597,-34.47374],[-70.8357,-34.47339]]}},{"type":"Feature","id":2056,"properties":{},"geometry":{"type":"LineString","coordinates":[[-70.8357,-34.47339],[-70.83571,-34.4731]]}},{"type":"Feature","id":2057,"properties":{},"geometry":{"type":"LineString","coordinates":[[-70.83571,-34.4731],[-70.83572000000001,-34.47307]]}},{"type":"Feature","id":2058,"properties":{},"geometry":{"type":"LineString","coordinates":[[-70.83572000000001,-34.47307],[-70.83591000000001,-34.472770000000004]]}},{"type":"Feature","id":2059,"properties":{},"geometry":{"type":"LineString","coordinates":[[-70.83591000000001,-34.472770000000004],[-70.83593,-34.4727]]}},{"type":"Feature","id":2060,"properties":{},"geometry":{"type":"LineString","coordinates":[[-70.83593,-34.4727],[-70.83582000000001,-34.4727]]}},{"type":"Feature","id":2061,"properties":{},"geometry":{"type":"LineString","coordinates":[[-70.83582000000001,-34.4727],[-70.83589,-34.47231]]}},{"type":"Feature","id":2062,"properties":{},"geometry":{"type":"LineString","coordinates":[[-70.83589,-34.47231],[-70.83595000000001,-34.471940000000004]]}},{"type":"Feature","id":2063,"properties":{},"geometry":{"type":"LineString","coordinates":[[-70.83595000000001,-34.471940000000004],[-70.83635000000001,-34.471920000000004]]}},{"type":"Feature","id":2064,"properties":{},"geometry":{"type":"LineString","coordinates":[[-70.83635000000001,-34.471900000000005],[-70.83648000000001,-34.47162]]}},{"type":"Feature","id":2065,"properties":{},"geometry":{"type":"LineString","coordinates":[[-70.83651,-34.471410000000006],[-70.83654,-34.471210000000006]]}},{"type":"Feature","id":2066,"properties":{},"geometry":{"type":"LineString","coordinates":[[-70.83654,-34.471210000000006],[-70.83654,-34.47106]]}},{"type":"Feature","id":2067,"properties":{},"geometry":{"type":"LineString","coordinates":[[-70.83654,-34.47106],[-70.83654,-34.471000000000004]]}},{"type":"Feature","id":2068,"properties":{},"geometry":{"type":"LineString","coordinates":[[-70.83654,-34.471000000000004],[-70.83651,-34.470800000000004]]}},{"type":"Feature","id":2069,"properties":{},"geometry":{"type":"LineString","coordinates":[[-70.83651,-34.470800000000004],[-70.8365,-34.47074]]}},{"type":"Feature","id":2070,"properties":{},"geometry":{"type":"LineString","coordinates":[[-70.83649000000001,-34.47061],[-70.83649000000001,-34.470560000000006]]}},{"type":"Feature","id":2071,"properties":{},"geometry":{"type":"LineString","coordinates":[[-70.83649000000001,-34.470560000000006],[-70.83649000000001,-34.47037]]}},{"type":"Feature","id":2072,"properties":{},"geometry":{"type":"LineString","coordinates":[[-70.83649000000001,-34.47037],[-70.83651,-34.47003]]}},{"type":"Feature","id":2073,"properties":{},"geometry":{"type":"LineString","coordinates":[[-70.83506000000001,-34.45629],[-70.83526,-34.456630000000004]]}},{"type":"Feature","id":2074,"properties":{},"geometry":{"type":"LineString","coordinates":[[-70.83526,-34.456630000000004],[-70.83546000000001,-34.45696]]}},{"type":"Feature","id":2075,"properties":{},"geometry":{"type":"LineString","coordinates":[[-70.83546000000001,-34.45696],[-70.83566,-34.457300000000004]]}},{"type":"Feature","id":2076,"properties":{},"geometry":{"type":"LineString","coordinates":[[-70.83566,-34.457300000000004],[-70.83586000000001,-34.457640000000005]]}},{"type":"Feature","id":2077,"properties":{},"geometry":{"type":"LineString","coordinates":[[-70.83586000000001,-34.457640000000005],[-70.83605,-34.45797]]}},{"type":"Feature","id":2078,"properties":{},"geometry":{"type":"LineString","coordinates":[[-70.83605,-34.45797],[-70.83622000000001,-34.458310000000004]]}},{"type":"Feature","id":2079,"properties":{},"geometry":{"type":"LineString","coordinates":[[-70.83622000000001,-34.458310000000004],[-70.83639000000001,-34.458650000000006]]}},{"type":"Feature","id":2080,"properties":{},"geometry":{"type":"LineString","coordinates":[[-70.83639000000001,-34.458650000000006],[-70.83656,-34.45899]]}},{"type":"Feature","id":2081,"properties":{},"geometry":{"type":"LineString","coordinates":[[-70.83656,-34.45899],[-70.83677,-34.458980000000004]]}},{"type":"Feature","id":2082,"properties":{},"geometry":{"type":"LineString","coordinates":[[-70.83677,-34.458980000000004],[-70.83812,-34.45891]]}},{"type":"Feature","id":2083,"properties":{},"geometry":{"type":"LineString","coordinates":[[-70.83812,-34.45891],[-70.83795,-34.45857]]}},{"type":"Feature","id":2084,"properties":{},"geometry":{"type":"LineString","coordinates":[[-70.83795,-34.45857],[-70.83778000000001,-34.45824]]}},{"type":"Feature","id":2085,"properties":{},"geometry":{"type":"LineString","coordinates":[[-70.83778000000001,-34.45824],[-70.83761000000001,-34.457890000000006]]}},{"type":"Feature","id":2086,"properties":{},"geometry":{"type":"LineString","coordinates":[[-70.83761000000001,-34.457890000000006],[-70.83742000000001,-34.45756]]}},{"type":"Feature","id":2087,"properties":{},"geometry":{"type":"LineString","coordinates":[[-70.83742000000001,-34.45756],[-70.83722,-34.45722]]}},{"type":"Feature","id":2088,"properties":{},"geometry":{"type":"LineString","coordinates":[[-70.83722,-34.45722],[-70.83702000000001,-34.456880000000005]]}},{"type":"Feature","id":2089,"properties":{},"geometry":{"type":"LineString","coordinates":[[-70.83702000000001,-34.456880000000005],[-70.83682,-34.45655]]}},{"type":"Feature","id":2090,"properties":{},"geometry":{"type":"LineString","coordinates":[[-70.83682,-34.45655],[-70.83663,-34.456210000000006]]}},{"type":"Feature","id":2091,"properties":{},"geometry":{"type":"LineString","coordinates":[[-70.83677,-34.458980000000004],[-70.83701,-34.459270000000004]]}},{"type":"Feature","id":2092,"properties":{},"geometry":{"type":"LineString","coordinates":[[-70.83694000000001,-34.45962],[-70.83714,-34.45967]]}},{"type":"Feature","id":2093,"properties":{},"geometry":{"type":"LineString","coordinates":[[-70.83696,-34.46005],[-70.83716000000001,-34.46009]]}},{"type":"Feature","id":2094,"properties":{},"geometry":{"type":"LineString","coordinates":[[-70.83698000000001,-34.46043],[-70.83737,-34.46051]]}},{"type":"Feature","id":2095,"properties":{},"geometry":{"type":"LineString","coordinates":[[-70.83719,-34.460840000000005],[-70.83739,-34.46088]]}},{"type":"Feature","id":2096,"properties":{},"geometry":{"type":"LineString","coordinates":[[-70.83721,-34.461220000000004],[-70.83711000000001,-34.46157]]}},{"type":"Feature","id":2097,"properties":{},"geometry":{"type":"LineString","coordinates":[[-70.83711000000001,-34.46157],[-70.83702000000001,-34.461920000000006]]}},{"type":"Feature","id":2098,"properties":{},"geometry":{"type":"LineString","coordinates":[[-70.83702000000001,-34.461920000000006],[-70.83693000000001,-34.46226]]}},{"type":"Feature","id":2099,"properties":{},"geometry":{"type":"LineString","coordinates":[[-70.83693000000001,-34.46226],[-70.83712,-34.462300000000006]]}},{"type":"Feature","id":2100,"properties":{},"geometry":{"type":"LineString","coordinates":[[-70.837,-34.462700000000005],[-70.8371,-34.462720000000004]]}},{"type":"Feature","id":2101,"properties":{},"geometry":{"type":"LineString","coordinates":[[-70.8371,-34.462720000000004],[-70.83693000000001,-34.46327]]}},{"type":"Feature","id":2102,"properties":{},"geometry":{"type":"LineString","coordinates":[[-70.83882000000001,-34.46155],[-70.83875,-34.46191]]}},{"type":"Feature","id":2103,"properties":{},"geometry":{"type":"LineString","coordinates":[[-70.83875,-34.46191],[-70.83874,-34.46199]]}},{"type":"Feature","id":2104,"properties":{},"geometry":{"type":"LineString","coordinates":[[-70.83874,-34.46199],[-70.8386,-34.462250000000004]]}},{"type":"Feature","id":2105,"properties":{},"geometry":{"type":"LineString","coordinates":[[-70.8386,-34.462250000000004],[-70.83856,-34.462320000000005]]}},{"type":"Feature","id":2106,"properties":{},"geometry":{"type":"LineString","coordinates":[[-70.83856,-34.462320000000005],[-70.83834,-34.462500000000006]]}},{"type":"Feature","id":2107,"properties":{},"geometry":{"type":"LineString","coordinates":[[-70.83834,-34.462500000000006],[-70.8383,-34.46255]]}},{"type":"Feature","id":2108,"properties":{},"geometry":{"type":"LineString","coordinates":[[-70.8383,-34.46255],[-70.83817,-34.46294]]}},{"type":"Feature","id":2109,"properties":{},"geometry":{"type":"LineString","coordinates":[[-70.83817,-34.46294],[-70.83807,-34.463260000000005]]}},{"type":"Feature","id":2110,"properties":{},"geometry":{"type":"LineString","coordinates":[[-70.83807,-34.463260000000005],[-70.83803,-34.463390000000004]]}},{"type":"Feature","id":2111,"properties":{},"geometry":{"type":"LineString","coordinates":[[-70.83775,-34.45803],[-70.83805000000001,-34.45862]]}},{"type":"Feature","id":2112,"properties":{},"geometry":{"type":"LineString","coordinates":[[-70.83805000000001,-34.45862],[-70.83824,-34.459010000000006]]}},{"type":"Feature","id":2113,"properties":{},"geometry":{"type":"LineString","coordinates":[[-70.83824,-34.459010000000006],[-70.83826,-34.45904]]}},{"type":"Feature","id":2114,"properties":{},"geometry":{"type":"LineString","coordinates":[[-70.83826,-34.45904],[-70.83839,-34.45949]]}},{"type":"Feature","id":2115,"properties":{},"geometry":{"type":"LineString","coordinates":[[-70.83839,-34.45949],[-70.83842,-34.45965]]}},{"type":"Feature","id":2116,"properties":{},"geometry":{"type":"LineString","coordinates":[[-70.83842,-34.45965],[-70.83843,-34.45967]]}},{"type":"Feature","id":2117,"properties":{},"geometry":{"type":"LineString","coordinates":[[-70.83843,-34.45967],[-70.83847,-34.459830000000004]]}},{"type":"Feature","id":2118,"properties":{},"geometry":{"type":"LineString","coordinates":[[-70.83847,-34.459830000000004],[-70.83845000000001,-34.45993]]}},{"type":"Feature","id":2119,"properties":{},"geometry":{"type":"LineString","coordinates":[[-70.83845000000001,-34.45993],[-70.83851,-34.460350000000005]]}},{"type":"Feature","id":2120,"properties":{},"geometry":{"type":"LineString","coordinates":[[-70.83851,-34.460350000000005],[-70.83873000000001,-34.46076]]}},{"type":"Feature","id":2121,"properties":{},"geometry":{"type":"LineString","coordinates":[[-70.83873000000001,-34.46076],[-70.83882000000001,-34.460950000000004]]}},{"type":"Feature","id":2122,"properties":{},"geometry":{"type":"LineString","coordinates":[[-70.83882000000001,-34.460950000000004],[-70.83891000000001,-34.46117]]}},{"type":"Feature","id":2123,"properties":{},"geometry":{"type":"LineString","coordinates":[[-70.83891000000001,-34.46117],[-70.83892,-34.46119]]}},{"type":"Feature","id":2124,"properties":{},"geometry":{"type":"LineString","coordinates":[[-70.83892,-34.46119],[-70.83890000000001,-34.461360000000006]]}},{"type":"Feature","id":2125,"properties":{},"geometry":{"type":"LineString","coordinates":[[-70.83890000000001,-34.461360000000006],[-70.83889,-34.461560000000006]]}},{"type":"Feature","id":2126,"properties":{},"geometry":{"type":"LineString","coordinates":[[-70.83889,-34.461560000000006],[-70.83885000000001,-34.461760000000005]]}},{"type":"Feature","id":2127,"properties":{},"geometry":{"type":"LineString","coordinates":[[-70.83885000000001,-34.461760000000005],[-70.8388,-34.462]]}},{"type":"Feature","id":2128,"properties":{},"geometry":{"type":"LineString","coordinates":[[-70.8388,-34.462],[-70.83872000000001,-34.462160000000004]]}},{"type":"Feature","id":2129,"properties":{},"geometry":{"type":"LineString","coordinates":[[-70.83872000000001,-34.462160000000004],[-70.83862,-34.46235]]}},{"type":"Feature","id":2130,"properties":{},"geometry":{"type":"LineString","coordinates":[[-70.83862,-34.46235],[-70.83840000000001,-34.462520000000005]]}},{"type":"Feature","id":2131,"properties":{},"geometry":{"type":"LineString","coordinates":[[-70.83840000000001,-34.462520000000005],[-70.83839,-34.46253]]}},{"type":"Feature","id":2132,"properties":{},"geometry":{"type":"LineString","coordinates":[[-70.83839,-34.46253],[-70.83837000000001,-34.46256]]}},{"type":"Feature","id":2133,"properties":{},"geometry":{"type":"LineString","coordinates":[[-70.83837000000001,-34.46256],[-70.83826,-34.462880000000006]]}},{"type":"Feature","id":2134,"properties":{},"geometry":{"type":"LineString","coordinates":[[-70.83826,-34.462880000000006],[-70.83809000000001,-34.46341]]}},{"type":"Feature","id":2135,"properties":{},"geometry":{"type":"LineString","coordinates":[[-70.83863000000001,-34.45859],[-70.83805000000001,-34.45862]]}},{"type":"Feature","id":2136,"properties":{},"geometry":{"type":"LineString","coordinates":[[-70.83908000000001,-34.46307],[-70.83826,-34.462880000000006]]}},{"type":"Feature","id":2137,"properties":{},"geometry":{"type":"LineString","coordinates":[[-70.83908000000001,-34.4636],[-70.83908000000001,-34.463820000000005]]}},{"type":"Feature","id":2138,"properties":{},"geometry":{"type":"LineString","coordinates":[[-70.83908000000001,-34.463820000000005],[-70.83884,-34.46403]]}},{"type":"Feature","id":2139,"properties":{},"geometry":{"type":"LineString","coordinates":[[-70.84021,-34.46307],[-70.84021,-34.46304]]}},{"type":"Feature","id":2140,"properties":{},"geometry":{"type":"LineString","coordinates":[[-70.84036,-34.46273],[-70.84036,-34.46264]]}},{"type":"Feature","id":2141,"properties":{},"geometry":{"type":"LineString","coordinates":[[-70.84036,-34.46264],[-70.84039,-34.46257]]}},{"type":"Feature","id":2142,"properties":{},"geometry":{"type":"LineString","coordinates":[[-70.84039,-34.46257],[-70.84043000000001,-34.46253]]}},{"type":"Feature","id":2143,"properties":{},"geometry":{"type":"LineString","coordinates":[[-70.84059,-34.46251],[-70.84049,-34.46256]]}},{"type":"Feature","id":2144,"properties":{},"geometry":{"type":"LineString","coordinates":[[-70.84049,-34.46256],[-70.84044,-34.4626]]}},{"type":"Feature","id":2145,"properties":{},"geometry":{"type":"LineString","coordinates":[[-70.84044,-34.4626],[-70.84042000000001,-34.46264]]}},{"type":"Feature","id":2146,"properties":{},"geometry":{"type":"LineString","coordinates":[[-70.84042000000001,-34.46264],[-70.84042000000001,-34.46273]]}},{"type":"Feature","id":2147,"properties":{},"geometry":{"type":"LineString","coordinates":[[-70.83997000000001,-34.464760000000005],[-70.84011000000001,-34.46479]]}},{"type":"Feature","id":2148,"properties":{},"geometry":{"type":"LineString","coordinates":[[-70.84026,-34.46486],[-70.84034000000001,-34.465050000000005]]}},{"type":"Feature","id":2149,"properties":{},"geometry":{"type":"LineString","coordinates":[[-70.84034000000001,-34.465050000000005],[-70.84054,-34.46515]]}},{"type":"Feature","id":2150,"properties":{},"geometry":{"type":"LineString","coordinates":[[-70.84069000000001,-34.465320000000006],[-70.84070000000001,-34.46533]]}},{"type":"Feature","id":2151,"properties":{},"geometry":{"type":"LineString","coordinates":[[-70.84070000000001,-34.46533],[-70.84078000000001,-34.465410000000006]]}},{"type":"Feature","id":2152,"properties":{},"geometry":{"type":"LineString","coordinates":[[-70.84078000000001,-34.465410000000006],[-70.84084,-34.465610000000005]]}},{"type":"Feature","id":2153,"properties":{},"geometry":{"type":"LineString","coordinates":[[-70.84085,-34.465700000000005],[-70.84087000000001,-34.46575]]}},{"type":"Feature","id":2154,"properties":{},"geometry":{"type":"LineString","coordinates":[[-70.84087000000001,-34.46575],[-70.84089,-34.4658]]}},{"type":"Feature","id":2155,"properties":{},"geometry":{"type":"LineString","coordinates":[[-70.84089,-34.4658],[-70.84091000000001,-34.465970000000006]]}},{"type":"Feature","id":2156,"properties":{},"geometry":{"type":"LineString","coordinates":[[-70.84094,-34.466060000000006],[-70.84088000000001,-34.46603]]}},{"type":"Feature","id":2157,"properties":{},"geometry":{"type":"LineString","coordinates":[[-70.84088000000001,-34.46603],[-70.8403,-34.46609]]}},{"type":"Feature","id":2158,"properties":{},"geometry":{"type":"LineString","coordinates":[[-70.8403,-34.46609],[-70.84025000000001,-34.46609]]}},{"type":"Feature","id":2159,"properties":{},"geometry":{"type":"LineString","coordinates":[[-70.84025000000001,-34.46609],[-70.84007000000001,-34.46539]]}},{"type":"Feature","id":2160,"properties":{},"geometry":{"type":"LineString","coordinates":[[-70.84007000000001,-34.46539],[-70.83946,-34.465300000000006]]}},{"type":"Feature","id":2161,"properties":{},"geometry":{"type":"LineString","coordinates":[[-70.8404,-34.46676],[-70.84039,-34.466770000000004]]}},{"type":"Feature","id":2162,"properties":{},"geometry":{"type":"LineString","coordinates":[[-70.84039,-34.466770000000004],[-70.84038000000001,-34.46678]]}},{"type":"Feature","id":2163,"properties":{},"geometry":{"type":"LineString","coordinates":[[-70.84038000000001,-34.46678],[-70.84037000000001,-34.46679]]}},{"type":"Feature","id":2164,"properties":{},"geometry":{"type":"LineString","coordinates":[[-70.84037000000001,-34.46679],[-70.84036,-34.466800000000006]]}},{"type":"Feature","id":2165,"properties":{},"geometry":{"type":"LineString","coordinates":[[-70.84036,-34.466800000000006],[-70.84036,-34.46681]]}},{"type":"Feature","id":2166,"properties":{},"geometry":{"type":"LineString","coordinates":[[-70.84036,-34.46681],[-70.84036,-34.466820000000006]]}},{"type":"Feature","id":2167,"properties":{},"geometry":{"type":"LineString","coordinates":[[-70.84036,-34.466820000000006],[-70.84036,-34.46683]]}},{"type":"Feature","id":2168,"properties":{},"geometry":{"type":"LineString","coordinates":[[-70.84036,-34.46683],[-70.84036,-34.466840000000005]]}},{"type":"Feature","id":2169,"properties":{},"geometry":{"type":"LineString","coordinates":[[-70.84036,-34.466840000000005],[-70.84036,-34.46685]]}},{"type":"Feature","id":2170,"properties":{},"geometry":{"type":"LineString","coordinates":[[-70.84022,-34.46688],[-70.84021,-34.46714]]}},{"type":"Feature","id":2171,"properties":{},"geometry":{"type":"LineString","coordinates":[[-70.83695,-34.46951],[-70.83697000000001,-34.469820000000006]]}},{"type":"Feature","id":2172,"properties":{},"geometry":{"type":"LineString","coordinates":[[-70.83697000000001,-34.469820000000006],[-70.83698000000001,-34.46994]]}},{"type":"Feature","id":2173,"properties":{},"geometry":{"type":"LineString","coordinates":[[-70.83698000000001,-34.46994],[-70.83698000000001,-34.46998]]}},{"type":"Feature","id":2174,"properties":{},"geometry":{"type":"LineString","coordinates":[[-70.83698000000001,-34.46998],[-70.83697000000001,-34.47001]]}},{"type":"Feature","id":2175,"properties":{},"geometry":{"type":"LineString","coordinates":[[-70.83697000000001,-34.47001],[-70.83697000000001,-34.470020000000005]]}},{"type":"Feature","id":2176,"properties":{},"geometry":{"type":"LineString","coordinates":[[-70.83697000000001,-34.470020000000005],[-70.83698000000001,-34.47003]]}},{"type":"Feature","id":2177,"properties":{},"geometry":{"type":"LineString","coordinates":[[-70.83698000000001,-34.47003],[-70.83698000000001,-34.470040000000004]]}},{"type":"Feature","id":2178,"properties":{},"geometry":{"type":"LineString","coordinates":[[-70.83698000000001,-34.470040000000004],[-70.83699,-34.470040000000004]]}},{"type":"Feature","id":2179,"properties":{},"geometry":{"type":"LineString","coordinates":[[-70.83699,-34.470040000000004],[-70.837,-34.47005]]}},{"type":"Feature","id":2180,"properties":{},"geometry":{"type":"LineString","coordinates":[[-70.837,-34.47005],[-70.83701,-34.47005]]}},{"type":"Feature","id":2181,"properties":{},"geometry":{"type":"LineString","coordinates":[[-70.83689000000001,-34.469500000000004],[-70.83691,-34.46994]]}},{"type":"Feature","id":2182,"properties":{},"geometry":{"type":"LineString","coordinates":[[-70.83691,-34.46994],[-70.83691,-34.470000000000006]]}},{"type":"Feature","id":2183,"properties":{},"geometry":{"type":"LineString","coordinates":[[-70.83619,-34.470040000000004],[-70.83619,-34.4699]]}},{"type":"Feature","id":2184,"properties":{},"geometry":{"type":"LineString","coordinates":[[-70.83619,-34.4699],[-70.83625,-34.46914]]}},{"type":"Feature","id":2185,"properties":{},"geometry":{"type":"LineString","coordinates":[[-70.83824,-34.46961],[-70.83814000000001,-34.469730000000006]]}},{"type":"Feature","id":2186,"properties":{},"geometry":{"type":"LineString","coordinates":[[-70.83802,-34.47032],[-70.83803,-34.47039]]}},{"type":"Feature","id":2187,"properties":{},"geometry":{"type":"LineString","coordinates":[[-70.83803,-34.47039],[-70.83805000000001,-34.47048]]}},{"type":"Feature","id":2188,"properties":{},"geometry":{"type":"LineString","coordinates":[[-70.83805000000001,-34.47048],[-70.83834,-34.47043]]}},{"type":"Feature","id":2189,"properties":{},"geometry":{"type":"LineString","coordinates":[[-70.83834,-34.47043],[-70.83839,-34.47066]]}},{"type":"Feature","id":2190,"properties":{},"geometry":{"type":"LineString","coordinates":[[-70.83839,-34.47066],[-70.83871,-34.47061]]}},{"type":"Feature","id":2191,"properties":{},"geometry":{"type":"LineString","coordinates":[[-70.83805000000001,-34.47048],[-70.83810000000001,-34.470690000000005]]}},{"type":"Feature","id":2192,"properties":{},"geometry":{"type":"LineString","coordinates":[[-70.83810000000001,-34.470870000000005],[-70.83808,-34.47108]]}},{"type":"Feature","id":2193,"properties":{},"geometry":{"type":"LineString","coordinates":[[-70.83808,-34.47108],[-70.83804,-34.47139]]}},{"type":"Feature","id":2194,"properties":{},"geometry":{"type":"LineString","coordinates":[[-70.83804,-34.47139],[-70.83804,-34.471470000000004]]}},{"type":"Feature","id":2195,"properties":{},"geometry":{"type":"LineString","coordinates":[[-70.83804,-34.471470000000004],[-70.83803,-34.471540000000005]]}},{"type":"Feature","id":2196,"properties":{},"geometry":{"type":"LineString","coordinates":[[-70.83803,-34.471540000000005],[-70.83802,-34.4716]]}},{"type":"Feature","id":2197,"properties":{},"geometry":{"type":"LineString","coordinates":[[-70.84082000000001,-34.47144],[-70.84024000000001,-34.471500000000006]]}},{"type":"Feature","id":2198,"properties":{},"geometry":{"type":"LineString","coordinates":[[-70.84024000000001,-34.471500000000006],[-70.84021,-34.471560000000004]]}},{"type":"Feature","id":2199,"properties":{},"geometry":{"type":"LineString","coordinates":[[-70.84021,-34.471560000000004],[-70.84015000000001,-34.471590000000006]]}},{"type":"Feature","id":2200,"properties":{},"geometry":{"type":"LineString","coordinates":[[-70.84015000000001,-34.471590000000006],[-70.84003,-34.47216]]}},{"type":"Feature","id":2201,"properties":{},"geometry":{"type":"LineString","coordinates":[[-70.84,-34.472010000000004],[-70.84008,-34.471590000000006]]}},{"type":"Feature","id":2202,"properties":{},"geometry":{"type":"LineString","coordinates":[[-70.84008,-34.471590000000006],[-70.84004,-34.471560000000004]]}},{"type":"Feature","id":2203,"properties":{},"geometry":{"type":"LineString","coordinates":[[-70.84004,-34.471560000000004],[-70.84001,-34.47153]]}},{"type":"Feature","id":2204,"properties":{},"geometry":{"type":"LineString","coordinates":[[-70.84001,-34.47153],[-70.83889,-34.47164]]}},{"type":"Feature","id":2205,"properties":{},"geometry":{"type":"LineString","coordinates":[[-70.83889,-34.47164],[-70.83900000000001,-34.472060000000006]]}},{"type":"Feature","id":2206,"properties":{},"geometry":{"type":"LineString","coordinates":[[-70.83889,-34.47164],[-70.83829,-34.471700000000006]]}},{"type":"Feature","id":2207,"properties":{},"geometry":{"type":"LineString","coordinates":[[-70.83829,-34.471700000000006],[-70.83803,-34.47169]]}},{"type":"Feature","id":2208,"properties":{},"geometry":{"type":"LineString","coordinates":[[-70.83803,-34.47169],[-70.83807,-34.47225]]}},{"type":"Feature","id":2209,"properties":{},"geometry":{"type":"LineString","coordinates":[[-70.83807,-34.47225],[-70.83902,-34.4722]]}},{"type":"Feature","id":2210,"properties":{},"geometry":{"type":"LineString","coordinates":[[-70.83902,-34.4722],[-70.83900000000001,-34.472060000000006]]}},{"type":"Feature","id":2211,"properties":{},"geometry":{"type":"LineString","coordinates":[[-70.83989000000001,-34.47261],[-70.83998000000001,-34.47305]]}},{"type":"Feature","id":2212,"properties":{},"geometry":{"type":"LineString","coordinates":[[-70.83998000000001,-34.47305],[-70.84006000000001,-34.4735]]}},{"type":"Feature","id":2213,"properties":{},"geometry":{"type":"LineString","coordinates":[[-70.84006000000001,-34.4735],[-70.84015000000001,-34.47397]]}},{"type":"Feature","id":2214,"properties":{},"geometry":{"type":"LineString","coordinates":[[-70.84015000000001,-34.47397],[-70.84024000000001,-34.474430000000005]]}},{"type":"Feature","id":2215,"properties":{},"geometry":{"type":"LineString","coordinates":[[-70.84024000000001,-34.474430000000005],[-70.84033000000001,-34.47487]]}},{"type":"Feature","id":2216,"properties":{},"geometry":{"type":"LineString","coordinates":[[-70.84033000000001,-34.47487],[-70.84039,-34.47522]]}},{"type":"Feature","id":2217,"properties":{},"geometry":{"type":"LineString","coordinates":[[-70.84046000000001,-34.475210000000004],[-70.84038000000001,-34.474830000000004]]}},{"type":"Feature","id":2218,"properties":{},"geometry":{"type":"LineString","coordinates":[[-70.84038000000001,-34.474830000000004],[-70.8403,-34.474380000000004]]}},{"type":"Feature","id":2219,"properties":{},"geometry":{"type":"LineString","coordinates":[[-70.8403,-34.474380000000004],[-70.84021,-34.47393]]}},{"type":"Feature","id":2220,"properties":{},"geometry":{"type":"LineString","coordinates":[[-70.84021,-34.47393],[-70.84013,-34.473490000000005]]}},{"type":"Feature","id":2221,"properties":{},"geometry":{"type":"LineString","coordinates":[[-70.84013,-34.473490000000005],[-70.84004,-34.473040000000005]]}},{"type":"Feature","id":2222,"properties":{},"geometry":{"type":"LineString","coordinates":[[-70.84004,-34.473040000000005],[-70.83995,-34.472590000000004]]}},{"type":"Feature","id":2223,"properties":{},"geometry":{"type":"LineString","coordinates":[[-70.84230000000001,-34.478260000000006],[-70.84243000000001,-34.47887]]}},{"type":"Feature","id":2224,"properties":{},"geometry":{"type":"LineString","coordinates":[[-70.84243000000001,-34.47887],[-70.84255,-34.479470000000006]]}},{"type":"Feature","id":2225,"properties":{},"geometry":{"type":"LineString","coordinates":[[-70.84255,-34.479470000000006],[-70.84254,-34.4795]]}},{"type":"Feature","id":2226,"properties":{},"geometry":{"type":"LineString","coordinates":[[-70.84254,-34.4795],[-70.84252000000001,-34.479510000000005]]}},{"type":"Feature","id":2227,"properties":{},"geometry":{"type":"LineString","coordinates":[[-70.84252000000001,-34.479510000000005],[-70.84176000000001,-34.479600000000005]]}},{"type":"Feature","id":2228,"properties":{},"geometry":{"type":"LineString","coordinates":[[-70.84176000000001,-34.479600000000005],[-70.84163000000001,-34.47898]]}},{"type":"Feature","id":2229,"properties":{},"geometry":{"type":"LineString","coordinates":[[-70.84163000000001,-34.47898],[-70.84162,-34.478930000000005]]}},{"type":"Feature","id":2230,"properties":{},"geometry":{"type":"LineString","coordinates":[[-70.8382,-34.459050000000005],[-70.83812,-34.45891]]}},{"type":"Feature","id":2231,"properties":{},"geometry":{"type":"LineString","coordinates":[[-70.83784,-34.47097],[-70.83784,-34.47117]]}},{"type":"Feature","id":2232,"properties":{},"geometry":{"type":"LineString","coordinates":[[-70.83784,-34.47117],[-70.83784,-34.47126]]}},{"type":"Feature","id":2233,"properties":{},"geometry":{"type":"LineString","coordinates":[[-70.83784,-34.47126],[-70.83783000000001,-34.4713]]}},{"type":"Feature","id":2234,"properties":{},"geometry":{"type":"LineString","coordinates":[[-70.83783000000001,-34.4713],[-70.83781,-34.471430000000005]]}},{"type":"Feature","id":2235,"properties":{},"geometry":{"type":"LineString","coordinates":[[-70.83781,-34.471430000000005],[-70.8378,-34.471520000000005]]}},{"type":"Feature","id":2236,"properties":{},"geometry":{"type":"LineString","coordinates":[[-70.8378,-34.471520000000005],[-70.83779000000001,-34.4716]]}},{"type":"Feature","id":2237,"properties":{},"geometry":{"type":"LineString","coordinates":[[-70.83779000000001,-34.4716],[-70.83778000000001,-34.471630000000005]]}},{"type":"Feature","id":2238,"properties":{},"geometry":{"type":"LineString","coordinates":[[-70.83778000000001,-34.471630000000005],[-70.83774000000001,-34.471700000000006]]}},{"type":"Feature","id":2239,"properties":{},"geometry":{"type":"LineString","coordinates":[[-70.83774000000001,-34.471700000000006],[-70.83773000000001,-34.471700000000006]]}},{"type":"Feature","id":2240,"properties":{},"geometry":{"type":"LineString","coordinates":[[-70.83773000000001,-34.471700000000006],[-70.83761000000001,-34.47175]]}},{"type":"Feature","id":2241,"properties":{},"geometry":{"type":"LineString","coordinates":[[-70.83761000000001,-34.47175],[-70.83755000000001,-34.47177]]}},{"type":"Feature","id":2242,"properties":{},"geometry":{"type":"LineString","coordinates":[[-70.83755000000001,-34.47177],[-70.83749,-34.471790000000006]]}},{"type":"Feature","id":2243,"properties":{},"geometry":{"type":"LineString","coordinates":[[-70.83749,-34.471790000000006],[-70.83745,-34.471810000000005]]}},{"type":"Feature","id":2244,"properties":{},"geometry":{"type":"LineString","coordinates":[[-70.83745,-34.471810000000005],[-70.8374,-34.471830000000004]]}},{"type":"Feature","id":2245,"properties":{},"geometry":{"type":"LineString","coordinates":[[-70.8374,-34.471830000000004],[-70.83735,-34.47186]]}},{"type":"Feature","id":2246,"properties":{},"geometry":{"type":"LineString","coordinates":[[-70.83735,-34.47186],[-70.83722,-34.472150000000006]]}},{"type":"Feature","id":2247,"properties":{},"geometry":{"type":"LineString","coordinates":[[-70.83722,-34.472150000000006],[-70.83720000000001,-34.47224]]}},{"type":"Feature","id":2248,"properties":{},"geometry":{"type":"LineString","coordinates":[[-70.83720000000001,-34.47224],[-70.83714,-34.47263]]}},{"type":"Feature","id":2249,"properties":{},"geometry":{"type":"LineString","coordinates":[[-70.83714,-34.47263],[-70.8373,-34.472930000000005]]}},{"type":"Feature","id":2250,"properties":{},"geometry":{"type":"LineString","coordinates":[[-70.8373,-34.472930000000005],[-70.8373,-34.47298]]}},{"type":"Feature","id":2251,"properties":{},"geometry":{"type":"LineString","coordinates":[[-70.8373,-34.47298],[-70.83734000000001,-34.473290000000006]]}},{"type":"Feature","id":2252,"properties":{},"geometry":{"type":"LineString","coordinates":[[-70.83734000000001,-34.473290000000006],[-70.83745,-34.473490000000005]]}},{"type":"Feature","id":2253,"properties":{},"geometry":{"type":"LineString","coordinates":[[-70.83745,-34.473490000000005],[-70.83747000000001,-34.47357]]}},{"type":"Feature","id":2254,"properties":{},"geometry":{"type":"LineString","coordinates":[[-70.83747000000001,-34.47357],[-70.83751000000001,-34.47372]]}},{"type":"Feature","id":2255,"properties":{},"geometry":{"type":"LineString","coordinates":[[-70.83751000000001,-34.47372],[-70.83765000000001,-34.47392]]}},{"type":"Feature","id":2256,"properties":{},"geometry":{"type":"LineString","coordinates":[[-70.83765000000001,-34.47392],[-70.8379,-34.4743]]}},{"type":"Feature","id":2257,"properties":{},"geometry":{"type":"LineString","coordinates":[[-70.8379,-34.4743],[-70.83816,-34.47469]]}},{"type":"Feature","id":2258,"properties":{},"geometry":{"type":"LineString","coordinates":[[-70.83816,-34.47469],[-70.83834,-34.47496]]}},{"type":"Feature","id":2259,"properties":{},"geometry":{"type":"LineString","coordinates":[[-70.83834,-34.47496],[-70.83838,-34.47511]]}},{"type":"Feature","id":2260,"properties":{},"geometry":{"type":"LineString","coordinates":[[-70.83838,-34.47511],[-70.83851,-34.475550000000005]]}},{"type":"Feature","id":2261,"properties":{},"geometry":{"type":"LineString","coordinates":[[-70.83851,-34.475550000000005],[-70.83864000000001,-34.47599]]}},{"type":"Feature","id":2262,"properties":{},"geometry":{"type":"LineString","coordinates":[[-70.83864000000001,-34.47599],[-70.83877000000001,-34.47643]]}},{"type":"Feature","id":2263,"properties":{},"geometry":{"type":"LineString","coordinates":[[-70.83877000000001,-34.47643],[-70.83890000000001,-34.47686]]}},{"type":"Feature","id":2264,"properties":{},"geometry":{"type":"LineString","coordinates":[[-70.83890000000001,-34.47686],[-70.83883,-34.47728]]}},{"type":"Feature","id":2265,"properties":{},"geometry":{"type":"LineString","coordinates":[[-70.83883,-34.47728],[-70.83889,-34.47782]]}},{"type":"Feature","id":2266,"properties":{},"geometry":{"type":"LineString","coordinates":[[-70.83889,-34.47782],[-70.83890000000001,-34.478100000000005]]}},{"type":"Feature","id":2267,"properties":{},"geometry":{"type":"LineString","coordinates":[[-70.83890000000001,-34.478100000000005],[-70.83892,-34.47822]]}},{"type":"Feature","id":2268,"properties":{},"geometry":{"type":"LineString","coordinates":[[-70.83892,-34.47822],[-70.83892,-34.47824]]}},{"type":"Feature","id":2269,"properties":{},"geometry":{"type":"LineString","coordinates":[[-70.83892,-34.47824],[-70.83891000000001,-34.478480000000005]]}},{"type":"Feature","id":2270,"properties":{},"geometry":{"type":"LineString","coordinates":[[-70.83891000000001,-34.478480000000005],[-70.83895000000001,-34.47874]]}},{"type":"Feature","id":2271,"properties":{},"geometry":{"type":"LineString","coordinates":[[-70.83895000000001,-34.47874],[-70.83899000000001,-34.478930000000005]]}},{"type":"Feature","id":2272,"properties":{},"geometry":{"type":"LineString","coordinates":[[-70.83899000000001,-34.478930000000005],[-70.83898,-34.47916]]}},{"type":"Feature","id":2273,"properties":{},"geometry":{"type":"LineString","coordinates":[[-70.83898,-34.47916],[-70.83899000000001,-34.47919]]}},{"type":"Feature","id":2274,"properties":{},"geometry":{"type":"LineString","coordinates":[[-70.83899000000001,-34.47919],[-70.83901,-34.47937]]}},{"type":"Feature","id":2275,"properties":{},"geometry":{"type":"LineString","coordinates":[[-70.83901,-34.47937],[-70.83898,-34.47975]]}},{"type":"Feature","id":2276,"properties":{},"geometry":{"type":"LineString","coordinates":[[-70.83898,-34.47975],[-70.83896,-34.48002]]}},{"type":"Feature","id":2277,"properties":{},"geometry":{"type":"LineString","coordinates":[[-70.83896,-34.48002],[-70.83895000000001,-34.48003]]}},{"type":"Feature","id":2278,"properties":{},"geometry":{"type":"LineString","coordinates":[[-70.83895000000001,-34.48003],[-70.83894000000001,-34.48003]]}},{"type":"Feature","id":2279,"properties":{},"geometry":{"type":"LineString","coordinates":[[-70.83894000000001,-34.48003],[-70.83893,-34.48004]]}},{"type":"Feature","id":2280,"properties":{},"geometry":{"type":"LineString","coordinates":[[-70.83893,-34.48004],[-70.83890000000001,-34.48004]]}},{"type":"Feature","id":2281,"properties":{},"geometry":{"type":"LineString","coordinates":[[-70.83890000000001,-34.48004],[-70.83852,-34.48015]]}},{"type":"Feature","id":2282,"properties":{},"geometry":{"type":"LineString","coordinates":[[-70.83852,-34.48015],[-70.83847,-34.48021]]}},{"type":"Feature","id":2283,"properties":{},"geometry":{"type":"LineString","coordinates":[[-70.83847,-34.48021],[-70.83844,-34.48026]]}},{"type":"Feature","id":2284,"properties":{},"geometry":{"type":"LineString","coordinates":[[-70.83844,-34.48026],[-70.83833,-34.480380000000004]]}},{"type":"Feature","id":2285,"properties":{},"geometry":{"type":"LineString","coordinates":[[-70.83833,-34.480380000000004],[-70.83827000000001,-34.480470000000004]]}},{"type":"Feature","id":2286,"properties":{},"geometry":{"type":"LineString","coordinates":[[-70.83827000000001,-34.480470000000004],[-70.83825,-34.48053]]}},{"type":"Feature","id":2287,"properties":{},"geometry":{"type":"LineString","coordinates":[[-70.83825,-34.48053],[-70.83825,-34.48057]]}},{"type":"Feature","id":2288,"properties":{},"geometry":{"type":"LineString","coordinates":[[-70.83825,-34.48057],[-70.83825,-34.4806]]}},{"type":"Feature","id":2289,"properties":{},"geometry":{"type":"LineString","coordinates":[[-70.83825,-34.4806],[-70.83828000000001,-34.480760000000004]]}},{"type":"Feature","id":2290,"properties":{},"geometry":{"type":"LineString","coordinates":[[-70.83828000000001,-34.480760000000004],[-70.83832000000001,-34.48087]]}},{"type":"Feature","id":2291,"properties":{},"geometry":{"type":"LineString","coordinates":[[-70.83832000000001,-34.48087],[-70.83836000000001,-34.48104]]}},{"type":"Feature","id":2292,"properties":{},"geometry":{"type":"LineString","coordinates":[[-70.83836000000001,-34.48104],[-70.83837000000001,-34.481100000000005]]}},{"type":"Feature","id":2293,"properties":{},"geometry":{"type":"LineString","coordinates":[[-70.83837000000001,-34.481100000000005],[-70.83841000000001,-34.481370000000005]]}},{"type":"Feature","id":2294,"properties":{},"geometry":{"type":"LineString","coordinates":[[-70.83841000000001,-34.481370000000005],[-70.83840000000001,-34.48158]]}},{"type":"Feature","id":2295,"properties":{},"geometry":{"type":"LineString","coordinates":[[-70.83840000000001,-34.48158],[-70.83842,-34.48167]]}},{"type":"Feature","id":2296,"properties":{},"geometry":{"type":"LineString","coordinates":[[-70.83842,-34.48167],[-70.83839,-34.481700000000004]]}},{"type":"Feature","id":2297,"properties":{},"geometry":{"type":"LineString","coordinates":[[-70.83839,-34.481700000000004],[-70.83837000000001,-34.48174]]}},{"type":"Feature","id":2298,"properties":{},"geometry":{"type":"LineString","coordinates":[[-70.83837000000001,-34.48174],[-70.83838,-34.48178]]}},{"type":"Feature","id":2299,"properties":{},"geometry":{"type":"LineString","coordinates":[[-70.83838,-34.48178],[-70.83841000000001,-34.48181]]}},{"type":"Feature","id":2300,"properties":{},"geometry":{"type":"LineString","coordinates":[[-70.83841000000001,-34.48181],[-70.83846000000001,-34.48183]]}},{"type":"Feature","id":2301,"properties":{},"geometry":{"type":"LineString","coordinates":[[-70.83846000000001,-34.48183],[-70.83851,-34.481820000000006]]}},{"type":"Feature","id":2302,"properties":{},"geometry":{"type":"LineString","coordinates":[[-70.83851,-34.481820000000006],[-70.83855000000001,-34.481790000000004]]}},{"type":"Feature","id":2303,"properties":{},"geometry":{"type":"LineString","coordinates":[[-70.83855000000001,-34.481790000000004],[-70.83857,-34.481750000000005]]}},{"type":"Feature","id":2304,"properties":{},"geometry":{"type":"LineString","coordinates":[[-70.83857,-34.481750000000005],[-70.83856,-34.48171]]}},{"type":"Feature","id":2305,"properties":{},"geometry":{"type":"LineString","coordinates":[[-70.83856,-34.48171],[-70.83853,-34.481680000000004]]}},{"type":"Feature","id":2306,"properties":{},"geometry":{"type":"LineString","coordinates":[[-70.83853,-34.481680000000004],[-70.83849000000001,-34.481660000000005]]}},{"type":"Feature","id":2307,"properties":{},"geometry":{"type":"LineString","coordinates":[[-70.83844,-34.48109],[-70.83842,-34.48104]]}},{"type":"Feature","id":2308,"properties":{},"geometry":{"type":"LineString","coordinates":[[-70.83842,-34.48104],[-70.83838,-34.48086]]}},{"type":"Feature","id":2309,"properties":{},"geometry":{"type":"LineString","coordinates":[[-70.83832000000001,-34.4806],[-70.83832000000001,-34.48055]]}},{"type":"Feature","id":2310,"properties":{},"geometry":{"type":"LineString","coordinates":[[-70.83832000000001,-34.48055],[-70.83834,-34.48049]]}},{"type":"Feature","id":2311,"properties":{},"geometry":{"type":"LineString","coordinates":[[-70.83834,-34.48049],[-70.83839,-34.480410000000006]]}},{"type":"Feature","id":2312,"properties":{},"geometry":{"type":"LineString","coordinates":[[-70.83839,-34.480410000000006],[-70.83850000000001,-34.480290000000004]]}},{"type":"Feature","id":2313,"properties":{},"geometry":{"type":"LineString","coordinates":[[-70.83850000000001,-34.480290000000004],[-70.83856,-34.48019]]}},{"type":"Feature","id":2314,"properties":{},"geometry":{"type":"LineString","coordinates":[[-70.83856,-34.48019],[-70.83941,-34.47997]]}},{"type":"Feature","id":2315,"properties":{},"geometry":{"type":"LineString","coordinates":[[-70.84098,-34.479710000000004],[-70.84097000000001,-34.479020000000006]]}},{"type":"Feature","id":2316,"properties":{},"geometry":{"type":"LineString","coordinates":[[-70.84091000000001,-34.47972],[-70.8409,-34.479020000000006]]}},{"type":"Feature","id":2317,"properties":{},"geometry":{"type":"LineString","coordinates":[[-70.8409,-34.479020000000006],[-70.84087000000001,-34.47889]]}},{"type":"Feature","id":2318,"properties":{},"geometry":{"type":"LineString","coordinates":[[-70.84087000000001,-34.47889],[-70.84073000000001,-34.47816]]}},{"type":"Feature","id":2319,"properties":{},"geometry":{"type":"LineString","coordinates":[[-70.84087000000001,-34.47889],[-70.84022,-34.47899]]}},{"type":"Feature","id":2320,"properties":{},"geometry":{"type":"LineString","coordinates":[[-70.84009,-34.47858],[-70.84022,-34.47899]]}},{"type":"Feature","id":2321,"properties":{},"geometry":{"type":"LineString","coordinates":[[-70.84468000000001,-34.47106],[-70.84461,-34.47104]]}},{"type":"Feature","id":2322,"properties":{},"geometry":{"type":"LineString","coordinates":[[-70.84461,-34.47104],[-70.84457,-34.471000000000004]]}},{"type":"Feature","id":2323,"properties":{},"geometry":{"type":"LineString","coordinates":[[-70.84457,-34.471000000000004],[-70.84349,-34.471120000000006]]}},{"type":"Feature","id":2324,"properties":{},"geometry":{"type":"LineString","coordinates":[[-70.84349,-34.471120000000006],[-70.84234000000001,-34.47124]]}},{"type":"Feature","id":2325,"properties":{},"geometry":{"type":"LineString","coordinates":[[-70.84234000000001,-34.47124],[-70.84233,-34.47129]]}},{"type":"Feature","id":2326,"properties":{},"geometry":{"type":"LineString","coordinates":[[-70.84233,-34.47129],[-70.84228,-34.47133]]}},{"type":"Feature","id":2327,"properties":{},"geometry":{"type":"LineString","coordinates":[[-70.84222000000001,-34.471340000000005],[-70.84217000000001,-34.47133]]}},{"type":"Feature","id":2328,"properties":{},"geometry":{"type":"LineString","coordinates":[[-70.84217000000001,-34.47133],[-70.84213000000001,-34.4713]]}},{"type":"Feature","id":2329,"properties":{},"geometry":{"type":"LineString","coordinates":[[-70.84213000000001,-34.4713],[-70.84155000000001,-34.471360000000004]]}},{"type":"Feature","id":2330,"properties":{},"geometry":{"type":"LineString","coordinates":[[-70.84155000000001,-34.471360000000004],[-70.84082000000001,-34.47144]]}},{"type":"Feature","id":2331,"properties":{},"geometry":{"type":"LineString","coordinates":[[-70.84001,-34.47153],[-70.83942,-34.47158]]}},{"type":"Feature","id":2332,"properties":{},"geometry":{"type":"LineString","coordinates":[[-70.83942,-34.47158],[-70.83889,-34.47164]]}},{"type":"Feature","id":2333,"properties":{},"geometry":{"type":"LineString","coordinates":[[-70.83828000000001,-34.471650000000004],[-70.83862,-34.47162]]}},{"type":"Feature","id":2334,"properties":{},"geometry":{"type":"LineString","coordinates":[[-70.83862,-34.47162],[-70.83912000000001,-34.471560000000004]]}},{"type":"Feature","id":2335,"properties":{},"geometry":{"type":"LineString","coordinates":[[-70.83912000000001,-34.471560000000004],[-70.83941,-34.47153]]}},{"type":"Feature","id":2336,"properties":{},"geometry":{"type":"LineString","coordinates":[[-70.83941,-34.47153],[-70.83956,-34.471520000000005]]}},{"type":"Feature","id":2337,"properties":{},"geometry":{"type":"LineString","coordinates":[[-70.83956,-34.471520000000005],[-70.84,-34.471470000000004]]}},{"type":"Feature","id":2338,"properties":{},"geometry":{"type":"LineString","coordinates":[[-70.84,-34.471470000000004],[-70.84003,-34.471430000000005]]}},{"type":"Feature","id":2339,"properties":{},"geometry":{"type":"LineString","coordinates":[[-70.84003,-34.471430000000005],[-70.84008,-34.4714]]}},{"type":"Feature","id":2340,"properties":{},"geometry":{"type":"LineString","coordinates":[[-70.84008,-34.4714],[-70.84013,-34.4714]]}},{"type":"Feature","id":2341,"properties":{},"geometry":{"type":"LineString","coordinates":[[-70.84013,-34.4714],[-70.84019,-34.471410000000006]]}},{"type":"Feature","id":2342,"properties":{},"geometry":{"type":"LineString","coordinates":[[-70.84019,-34.471410000000006],[-70.84023,-34.471450000000004]]}},{"type":"Feature","id":2343,"properties":{},"geometry":{"type":"LineString","coordinates":[[-70.84023,-34.471450000000004],[-70.84052000000001,-34.47142]]}},{"type":"Feature","id":2344,"properties":{},"geometry":{"type":"LineString","coordinates":[[-70.84052000000001,-34.47142],[-70.84099,-34.47137]]}},{"type":"Feature","id":2345,"properties":{},"geometry":{"type":"LineString","coordinates":[[-70.84099,-34.47137],[-70.84147,-34.47131]]}},{"type":"Feature","id":2346,"properties":{},"geometry":{"type":"LineString","coordinates":[[-70.84147,-34.47131],[-70.84195000000001,-34.47126]]}},{"type":"Feature","id":2347,"properties":{},"geometry":{"type":"LineString","coordinates":[[-70.84195000000001,-34.47126],[-70.84211,-34.471250000000005]]}},{"type":"Feature","id":2348,"properties":{},"geometry":{"type":"LineString","coordinates":[[-70.84211,-34.471250000000005],[-70.84212000000001,-34.4712]]}},{"type":"Feature","id":2349,"properties":{},"geometry":{"type":"LineString","coordinates":[[-70.84212000000001,-34.4712],[-70.84216,-34.471160000000005]]}},{"type":"Feature","id":2350,"properties":{},"geometry":{"type":"LineString","coordinates":[[-70.84216,-34.471160000000005],[-70.84222000000001,-34.471140000000005]]}},{"type":"Feature","id":2351,"properties":{},"geometry":{"type":"LineString","coordinates":[[-70.84222000000001,-34.471140000000005],[-70.84228,-34.47115]]}},{"type":"Feature","id":2352,"properties":{},"geometry":{"type":"LineString","coordinates":[[-70.84228,-34.47115],[-70.84233,-34.47119]]}},{"type":"Feature","id":2353,"properties":{},"geometry":{"type":"LineString","coordinates":[[-70.84233,-34.47119],[-70.84245,-34.47117]]}},{"type":"Feature","id":2354,"properties":{},"geometry":{"type":"LineString","coordinates":[[-70.84245,-34.47117],[-70.84295,-34.471120000000006]]}},{"type":"Feature","id":2355,"properties":{},"geometry":{"type":"LineString","coordinates":[[-70.84295,-34.471120000000006],[-70.84345,-34.471070000000005]]}},{"type":"Feature","id":2356,"properties":{},"geometry":{"type":"LineString","coordinates":[[-70.84345,-34.471070000000005],[-70.84396000000001,-34.47101]]}},{"type":"Feature","id":2357,"properties":{},"geometry":{"type":"LineString","coordinates":[[-70.84396000000001,-34.47101],[-70.84446000000001,-34.470960000000005]]}},{"type":"Feature","id":2358,"properties":{},"geometry":{"type":"LineString","coordinates":[[-70.84446000000001,-34.470960000000005],[-70.84457,-34.47095]]}},{"type":"Feature","id":2359,"properties":{},"geometry":{"type":"LineString","coordinates":[[-70.84457,-34.47095],[-70.84459000000001,-34.4709]]}},{"type":"Feature","id":2360,"properties":{},"geometry":{"type":"LineString","coordinates":[[-70.84459000000001,-34.4709],[-70.84464000000001,-34.470870000000005]]}},{"type":"Feature","id":2361,"properties":{},"geometry":{"type":"LineString","coordinates":[[-70.84464000000001,-34.470870000000005],[-70.8447,-34.470870000000005]]}},{"type":"Feature","id":2362,"properties":{},"geometry":{"type":"LineString","coordinates":[[-70.8447,-34.470870000000005],[-70.84475,-34.47088]]}},{"type":"Feature","id":2363,"properties":{},"geometry":{"type":"LineString","coordinates":[[-70.84475,-34.47088],[-70.84479,-34.47092]]}},{"type":"Feature","id":2364,"properties":{},"geometry":{"type":"LineString","coordinates":[[-70.84479,-34.47092],[-70.84499000000001,-34.4709]]}},{"type":"Feature","id":2365,"properties":{},"geometry":{"type":"LineString","coordinates":[[-70.84499000000001,-34.4709],[-70.8459,-34.470800000000004]]}},{"type":"Feature","id":2366,"properties":{},"geometry":{"type":"LineString","coordinates":[[-70.8459,-34.470800000000004],[-70.8459,-34.47077]]}},{"type":"Feature","id":2367,"properties":{},"geometry":{"type":"LineString","coordinates":[[-70.8459,-34.47077],[-70.84561000000001,-34.47061]]}},{"type":"Feature","id":2368,"properties":{},"geometry":{"type":"LineString","coordinates":[[-70.84561000000001,-34.47061],[-70.84522000000001,-34.470130000000005]]}},{"type":"Feature","id":2369,"properties":{},"geometry":{"type":"LineString","coordinates":[[-70.84522000000001,-34.470130000000005],[-70.84515,-34.469950000000004]]}},{"type":"Feature","id":2370,"properties":{},"geometry":{"type":"LineString","coordinates":[[-70.84515,-34.469950000000004],[-70.84513000000001,-34.469930000000005]]}},{"type":"Feature","id":2371,"properties":{},"geometry":{"type":"LineString","coordinates":[[-70.84524,-34.46997],[-70.84528,-34.4701]]}},{"type":"Feature","id":2372,"properties":{},"geometry":{"type":"LineString","coordinates":[[-70.84528,-34.4701],[-70.84566000000001,-34.47057]]}},{"type":"Feature","id":2373,"properties":{},"geometry":{"type":"LineString","coordinates":[[-70.84566000000001,-34.47057],[-70.84589000000001,-34.4707]]}},{"type":"Feature","id":2374,"properties":{},"geometry":{"type":"LineString","coordinates":[[-70.84589000000001,-34.4707],[-70.84599,-34.47075]]}},{"type":"Feature","id":2375,"properties":{},"geometry":{"type":"LineString","coordinates":[[-70.84599,-34.47075],[-70.846,-34.470760000000006]]}},{"type":"Feature","id":2376,"properties":{},"geometry":{"type":"LineString","coordinates":[[-70.846,-34.470760000000006],[-70.84602000000001,-34.470780000000005]]}},{"type":"Feature","id":2377,"properties":{},"geometry":{"type":"LineString","coordinates":[[-70.84602000000001,-34.470780000000005],[-70.84602000000001,-34.47081]]}},{"type":"Feature","id":2378,"properties":{},"geometry":{"type":"LineString","coordinates":[[-70.84602000000001,-34.47081],[-70.84601,-34.47083]]}},{"type":"Feature","id":2379,"properties":{},"geometry":{"type":"LineString","coordinates":[[-70.84601,-34.47083],[-70.84598000000001,-34.470850000000006]]}},{"type":"Feature","id":2380,"properties":{},"geometry":{"type":"LineString","coordinates":[[-70.84598000000001,-34.470850000000006],[-70.84530000000001,-34.47092]]}},{"type":"Feature","id":2381,"properties":{},"geometry":{"type":"LineString","coordinates":[[-70.84530000000001,-34.47092],[-70.8448,-34.470980000000004]]}},{"type":"Feature","id":2382,"properties":{},"geometry":{"type":"LineString","coordinates":[[-70.83998000000001,-34.45935],[-70.83865,-34.4587]]}},{"type":"Feature","id":2383,"properties":{},"geometry":{"type":"LineString","coordinates":[[-70.84037000000001,-34.45917],[-70.84036,-34.459160000000004]]}},{"type":"Feature","id":2384,"properties":{},"geometry":{"type":"LineString","coordinates":[[-70.84036,-34.459160000000004],[-70.83881000000001,-34.458310000000004]]}},{"type":"Feature","id":2385,"properties":{},"geometry":{"type":"LineString","coordinates":[[-70.83898,-34.45792],[-70.83997000000001,-34.4585]]}},{"type":"Feature","id":2386,"properties":{},"geometry":{"type":"LineString","coordinates":[[-70.84022,-34.45863],[-70.84038000000001,-34.45868]]}},{"type":"Feature","id":2387,"properties":{},"geometry":{"type":"LineString","coordinates":[[-70.84139,-34.46284],[-70.84135,-34.462810000000005]]}},{"type":"Feature","id":2388,"properties":{},"geometry":{"type":"LineString","coordinates":[[-70.84103,-34.46249],[-70.84102,-34.46249]]}},{"type":"Feature","id":2389,"properties":{},"geometry":{"type":"LineString","coordinates":[[-70.84102,-34.46249],[-70.84102,-34.46248]]}},{"type":"Feature","id":2390,"properties":{},"geometry":{"type":"LineString","coordinates":[[-70.84102,-34.46248],[-70.84101000000001,-34.46248]]}},{"type":"Feature","id":2391,"properties":{},"geometry":{"type":"LineString","coordinates":[[-70.84101000000001,-34.46248],[-70.84100000000001,-34.46248]]}},{"type":"Feature","id":2392,"properties":{},"geometry":{"type":"LineString","coordinates":[[-70.84100000000001,-34.46248],[-70.84098,-34.46248]]}},{"type":"Feature","id":2393,"properties":{},"geometry":{"type":"LineString","coordinates":[[-70.84098,-34.46248],[-70.84057,-34.46246]]}},{"type":"Feature","id":2394,"properties":{},"geometry":{"type":"LineString","coordinates":[[-70.84059,-34.46251],[-70.84099,-34.46253]]}},{"type":"Feature","id":2395,"properties":{},"geometry":{"type":"LineString","coordinates":[[-70.84131000000001,-34.46285],[-70.84138,-34.462900000000005]]}},{"type":"Feature","id":2396,"properties":{},"geometry":{"type":"LineString","coordinates":[[-70.84138,-34.462900000000005],[-70.84182000000001,-34.46318]]}},{"type":"Feature","id":2397,"properties":{},"geometry":{"type":"LineString","coordinates":[[-70.84447,-34.467130000000004],[-70.84457,-34.46723]]}},{"type":"Feature","id":2398,"properties":{},"geometry":{"type":"LineString","coordinates":[[-70.84457,-34.46723],[-70.84485000000001,-34.467530000000004]]}},{"type":"Feature","id":2399,"properties":{},"geometry":{"type":"LineString","coordinates":[[-70.84485000000001,-34.467530000000004],[-70.84498,-34.467650000000006]]}},{"type":"Feature","id":2400,"properties":{},"geometry":{"type":"LineString","coordinates":[[-70.84498,-34.467650000000006],[-70.84503000000001,-34.46763]]}},{"type":"Feature","id":2401,"properties":{},"geometry":{"type":"LineString","coordinates":[[-70.84503000000001,-34.46763],[-70.84522000000001,-34.46782]]}},{"type":"Feature","id":2402,"properties":{},"geometry":{"type":"LineString","coordinates":[[-70.84522000000001,-34.46782],[-70.84541,-34.46802]]}},{"type":"Feature","id":2403,"properties":{},"geometry":{"type":"LineString","coordinates":[[-70.84541,-34.46802],[-70.84555,-34.468160000000005]]}},{"type":"Feature","id":2404,"properties":{},"geometry":{"type":"LineString","coordinates":[[-70.84555,-34.468160000000005],[-70.84571000000001,-34.46833]]}},{"type":"Feature","id":2405,"properties":{},"geometry":{"type":"LineString","coordinates":[[-70.84571000000001,-34.46833],[-70.84597000000001,-34.468590000000006]]}},{"type":"Feature","id":2406,"properties":{},"geometry":{"type":"LineString","coordinates":[[-70.84597000000001,-34.468590000000006],[-70.8461,-34.46848]]}},{"type":"Feature","id":2407,"properties":{},"geometry":{"type":"LineString","coordinates":[[-70.8461,-34.46848],[-70.84676,-34.469260000000006]]}},{"type":"Feature","id":2408,"properties":{},"geometry":{"type":"LineString","coordinates":[[-70.84647000000001,-34.469460000000005],[-70.84601,-34.4692]]}},{"type":"Feature","id":2409,"properties":{},"geometry":{"type":"LineString","coordinates":[[-70.84558000000001,-34.468770000000006],[-70.84597000000001,-34.468590000000006]]}},{"type":"Feature","id":2410,"properties":{},"geometry":{"type":"LineString","coordinates":[[-70.84558000000001,-34.468770000000006],[-70.84466,-34.4692]]}},{"type":"Feature","id":2411,"properties":{},"geometry":{"type":"LineString","coordinates":[[-70.84601,-34.4692],[-70.84533,-34.46952]]}},{"type":"Feature","id":2412,"properties":{},"geometry":{"type":"LineString","coordinates":[[-70.84655000000001,-34.469440000000006],[-70.84657,-34.469390000000004]]}},{"type":"Feature","id":2413,"properties":{},"geometry":{"type":"LineString","coordinates":[[-70.84657,-34.469390000000004],[-70.84667,-34.469350000000006]]}},{"type":"Feature","id":2414,"properties":{},"geometry":{"type":"LineString","coordinates":[[-70.84667,-34.469350000000006],[-70.84673000000001,-34.46932]]}},{"type":"Feature","id":2415,"properties":{},"geometry":{"type":"LineString","coordinates":[[-70.84673000000001,-34.46932],[-70.84682000000001,-34.469300000000004]]}},{"type":"Feature","id":2416,"properties":{},"geometry":{"type":"LineString","coordinates":[[-70.84682000000001,-34.469300000000004],[-70.84697,-34.469260000000006]]}},{"type":"Feature","id":2417,"properties":{},"geometry":{"type":"LineString","coordinates":[[-70.84704,-34.469240000000006],[-70.84733,-34.46923]]}},{"type":"Feature","id":2418,"properties":{},"geometry":{"type":"LineString","coordinates":[[-70.84733,-34.46923],[-70.84737000000001,-34.46927]]}},{"type":"Feature","id":2419,"properties":{},"geometry":{"type":"LineString","coordinates":[[-70.84737000000001,-34.46927],[-70.84744,-34.46929]]}},{"type":"Feature","id":2420,"properties":{},"geometry":{"type":"LineString","coordinates":[[-70.84744,-34.46929],[-70.84754000000001,-34.469570000000004]]}},{"type":"Feature","id":2421,"properties":{},"geometry":{"type":"LineString","coordinates":[[-70.84759000000001,-34.469530000000006],[-70.84749000000001,-34.469280000000005]]}},{"type":"Feature","id":2422,"properties":{},"geometry":{"type":"LineString","coordinates":[[-70.84749000000001,-34.469280000000005],[-70.84754000000001,-34.469240000000006]]}},{"type":"Feature","id":2423,"properties":{},"geometry":{"type":"LineString","coordinates":[[-70.84754000000001,-34.469240000000006],[-70.84756,-34.4692]]}},{"type":"Feature","id":2424,"properties":{},"geometry":{"type":"LineString","coordinates":[[-70.84756,-34.4692],[-70.84755000000001,-34.469150000000006]]}},{"type":"Feature","id":2425,"properties":{},"geometry":{"type":"LineString","coordinates":[[-70.84755000000001,-34.469150000000006],[-70.84752,-34.46911]]}},{"type":"Feature","id":2426,"properties":{},"geometry":{"type":"LineString","coordinates":[[-70.84752,-34.46911],[-70.84747,-34.46909]]}},{"type":"Feature","id":2427,"properties":{},"geometry":{"type":"LineString","coordinates":[[-70.84747,-34.46909],[-70.84747,-34.46907]]}},{"type":"Feature","id":2428,"properties":{},"geometry":{"type":"LineString","coordinates":[[-70.84741000000001,-34.46909],[-70.84735,-34.469120000000004]]}},{"type":"Feature","id":2429,"properties":{},"geometry":{"type":"LineString","coordinates":[[-70.84735,-34.469120000000004],[-70.84732000000001,-34.46918]]}},{"type":"Feature","id":2430,"properties":{},"geometry":{"type":"LineString","coordinates":[[-70.84732000000001,-34.46918],[-70.84712,-34.46918]]}},{"type":"Feature","id":2431,"properties":{},"geometry":{"type":"LineString","coordinates":[[-70.84712,-34.46918],[-70.84704,-34.469190000000005]]}},{"type":"Feature","id":2432,"properties":{},"geometry":{"type":"LineString","coordinates":[[-70.84697,-34.4692],[-70.84682000000001,-34.46925]]}},{"type":"Feature","id":2433,"properties":{},"geometry":{"type":"LineString","coordinates":[[-70.84682000000001,-34.46925],[-70.84676,-34.469260000000006]]}},{"type":"Feature","id":2434,"properties":{},"geometry":{"type":"LineString","coordinates":[[-70.85492,-34.47223],[-70.854,-34.472770000000004]]}},{"type":"Feature","id":2435,"properties":{},"geometry":{"type":"LineString","coordinates":[[-70.85539,-34.478120000000004],[-70.85470000000001,-34.478300000000004]]}},{"type":"Feature","id":2436,"properties":{},"geometry":{"type":"LineString","coordinates":[[-70.85470000000001,-34.478300000000004],[-70.85472,-34.478730000000006]]}},{"type":"Feature","id":2437,"properties":{},"geometry":{"type":"LineString","coordinates":[[-70.85472,-34.478730000000006],[-70.85499,-34.47925]]}},{"type":"Feature","id":2438,"properties":{},"geometry":{"type":"LineString","coordinates":[[-70.85499,-34.47925],[-70.85528000000001,-34.479800000000004]]}},{"type":"Feature","id":2439,"properties":{},"geometry":{"type":"LineString","coordinates":[[-70.85528000000001,-34.479800000000004],[-70.85514,-34.479850000000006]]}},{"type":"Feature","id":2440,"properties":{},"geometry":{"type":"LineString","coordinates":[[-70.85514,-34.479850000000006],[-70.85565000000001,-34.48059]]}},{"type":"Feature","id":2441,"properties":{},"geometry":{"type":"LineString","coordinates":[[-70.85618000000001,-34.481370000000005],[-70.85623000000001,-34.481680000000004]]}},{"type":"Feature","id":2442,"properties":{},"geometry":{"type":"LineString","coordinates":[[-70.85623000000001,-34.481680000000004],[-70.85617,-34.481680000000004]]}},{"type":"Feature","id":2443,"properties":{},"geometry":{"type":"LineString","coordinates":[[-70.85617,-34.481680000000004],[-70.85566,-34.48154]]}},{"type":"Feature","id":2444,"properties":{},"geometry":{"type":"LineString","coordinates":[[-70.85566,-34.48154],[-70.85505,-34.48086]]}},{"type":"Feature","id":2445,"properties":{},"geometry":{"type":"LineString","coordinates":[[-70.85481,-34.48066],[-70.85434000000001,-34.48004]]}},{"type":"Feature","id":2446,"properties":{},"geometry":{"type":"LineString","coordinates":[[-70.85434000000001,-34.48004],[-70.85408000000001,-34.4797]]}},{"type":"Feature","id":2447,"properties":{},"geometry":{"type":"LineString","coordinates":[[-70.85408000000001,-34.4797],[-70.85390000000001,-34.47941]]}},{"type":"Feature","id":2448,"properties":{},"geometry":{"type":"LineString","coordinates":[[-70.84968,-34.480140000000006],[-70.84958,-34.479710000000004]]}},{"type":"Feature","id":2449,"properties":{},"geometry":{"type":"LineString","coordinates":[[-70.84958,-34.479710000000004],[-70.8495,-34.479400000000005]]}},{"type":"Feature","id":2450,"properties":{},"geometry":{"type":"LineString","coordinates":[[-70.8495,-34.479400000000005],[-70.84946000000001,-34.47928]]}},{"type":"Feature","id":2451,"properties":{},"geometry":{"type":"LineString","coordinates":[[-70.84946000000001,-34.47928],[-70.84931,-34.47885]]}},{"type":"Feature","id":2452,"properties":{},"geometry":{"type":"LineString","coordinates":[[-70.84931,-34.47885],[-70.84917,-34.478440000000006]]}},{"type":"Feature","id":2453,"properties":{},"geometry":{"type":"LineString","coordinates":[[-70.84917,-34.478440000000006],[-70.84903,-34.478030000000004]]}},{"type":"Feature","id":2454,"properties":{},"geometry":{"type":"LineString","coordinates":[[-70.84903,-34.478030000000004],[-70.84889000000001,-34.47762]]}},{"type":"Feature","id":2455,"properties":{},"geometry":{"type":"LineString","coordinates":[[-70.84889000000001,-34.47762],[-70.84875000000001,-34.47721]]}},{"type":"Feature","id":2456,"properties":{},"geometry":{"type":"LineString","coordinates":[[-70.84875000000001,-34.47721],[-70.84861000000001,-34.47681]]}},{"type":"Feature","id":2457,"properties":{},"geometry":{"type":"LineString","coordinates":[[-70.84867000000001,-34.476800000000004],[-70.84868,-34.47683]]}},{"type":"Feature","id":2458,"properties":{},"geometry":{"type":"LineString","coordinates":[[-70.84868,-34.47683],[-70.84881,-34.47719]]}},{"type":"Feature","id":2459,"properties":{},"geometry":{"type":"LineString","coordinates":[[-70.84881,-34.47719],[-70.84899,-34.47771]]}},{"type":"Feature","id":2460,"properties":{},"geometry":{"type":"LineString","coordinates":[[-70.84899,-34.47771],[-70.84913,-34.47813]]}},{"type":"Feature","id":2461,"properties":{},"geometry":{"type":"LineString","coordinates":[[-70.84913,-34.47813],[-70.84928000000001,-34.47856]]}},{"type":"Feature","id":2462,"properties":{},"geometry":{"type":"LineString","coordinates":[[-70.84928000000001,-34.47856],[-70.84945,-34.479040000000005]]}},{"type":"Feature","id":2463,"properties":{},"geometry":{"type":"LineString","coordinates":[[-70.84945,-34.479040000000005],[-70.84957,-34.47939]]}},{"type":"Feature","id":2464,"properties":{},"geometry":{"type":"LineString","coordinates":[[-70.84957,-34.47939],[-70.84961000000001,-34.47956]]}},{"type":"Feature","id":2465,"properties":{},"geometry":{"type":"LineString","coordinates":[[-70.84961000000001,-34.47956],[-70.84974000000001,-34.480140000000006]]}},{"type":"Feature","id":2466,"properties":{},"geometry":{"type":"LineString","coordinates":[[-70.84418000000001,-34.48037],[-70.84406,-34.47988]]}},{"type":"Feature","id":2467,"properties":{},"geometry":{"type":"LineString","coordinates":[[-70.84406,-34.47988],[-70.84401000000001,-34.479710000000004]]}},{"type":"Feature","id":2468,"properties":{},"geometry":{"type":"LineString","coordinates":[[-70.84401000000001,-34.479710000000004],[-70.84391000000001,-34.47972]]}},{"type":"Feature","id":2469,"properties":{},"geometry":{"type":"LineString","coordinates":[[-70.84391000000001,-34.47972],[-70.84383000000001,-34.47943]]}},{"type":"Feature","id":2470,"properties":{},"geometry":{"type":"LineString","coordinates":[[-70.84383000000001,-34.47943],[-70.84379000000001,-34.47932]]}},{"type":"Feature","id":2471,"properties":{},"geometry":{"type":"LineString","coordinates":[[-70.84379000000001,-34.47932],[-70.84369000000001,-34.479000000000006]]}},{"type":"Feature","id":2472,"properties":{},"geometry":{"type":"LineString","coordinates":[[-70.84369000000001,-34.479000000000006],[-70.84366,-34.478910000000006]]}},{"type":"Feature","id":2473,"properties":{},"geometry":{"type":"LineString","coordinates":[[-70.84366,-34.478910000000006],[-70.84356000000001,-34.47856]]}},{"type":"Feature","id":2474,"properties":{},"geometry":{"type":"LineString","coordinates":[[-70.84356000000001,-34.47856],[-70.84352000000001,-34.47845]]}},{"type":"Feature","id":2475,"properties":{},"geometry":{"type":"LineString","coordinates":[[-70.84352000000001,-34.47845],[-70.84342000000001,-34.478120000000004]]}},{"type":"Feature","id":2476,"properties":{},"geometry":{"type":"LineString","coordinates":[[-70.84342000000001,-34.478120000000004],[-70.84338000000001,-34.478]]}},{"type":"Feature","id":2477,"properties":{},"geometry":{"type":"LineString","coordinates":[[-70.84338000000001,-34.478],[-70.84334000000001,-34.47767]]}},{"type":"Feature","id":2478,"properties":{},"geometry":{"type":"LineString","coordinates":[[-70.84334000000001,-34.47767],[-70.84332,-34.47753]]}},{"type":"Feature","id":2479,"properties":{},"geometry":{"type":"LineString","coordinates":[[-70.84332,-34.47753],[-70.84323,-34.47719]]}},{"type":"Feature","id":2480,"properties":{},"geometry":{"type":"LineString","coordinates":[[-70.84323,-34.47719],[-70.84320000000001,-34.477070000000005]]}},{"type":"Feature","id":2481,"properties":{},"geometry":{"type":"LineString","coordinates":[[-70.84320000000001,-34.477070000000005],[-70.84312,-34.476690000000005]]}},{"type":"Feature","id":2482,"properties":{},"geometry":{"type":"LineString","coordinates":[[-70.84312,-34.476690000000005],[-70.8431,-34.47661]]}},{"type":"Feature","id":2483,"properties":{},"geometry":{"type":"LineString","coordinates":[[-70.8431,-34.47661],[-70.843,-34.476150000000004]]}},{"type":"Feature","id":2484,"properties":{},"geometry":{"type":"LineString","coordinates":[[-70.84423000000001,-34.476940000000006],[-70.84408,-34.4765]]}},{"type":"Feature","id":2485,"properties":{},"geometry":{"type":"LineString","coordinates":[[-70.84423000000001,-34.47715],[-70.84407,-34.47665]]}},{"type":"Feature","id":2486,"properties":{},"geometry":{"type":"LineString","coordinates":[[-70.84407,-34.47665],[-70.84402,-34.476510000000005]]}},{"type":"Feature","id":2487,"properties":{},"geometry":{"type":"LineString","coordinates":[[-70.84597000000001,-34.475880000000004],[-70.84506,-34.475910000000006]]}},{"type":"Feature","id":2488,"properties":{},"geometry":{"type":"LineString","coordinates":[[-70.84506,-34.475910000000006],[-70.84435,-34.47594]]}},{"type":"Feature","id":2489,"properties":{},"geometry":{"type":"LineString","coordinates":[[-70.84435,-34.47594],[-70.84388000000001,-34.475950000000005]]}},{"type":"Feature","id":2490,"properties":{},"geometry":{"type":"LineString","coordinates":[[-70.84388000000001,-34.475950000000005],[-70.84393,-34.476110000000006]]}},{"type":"Feature","id":2491,"properties":{},"geometry":{"type":"LineString","coordinates":[[-70.84315000000001,-34.47614],[-70.84302000000001,-34.475620000000006]]}},{"type":"Feature","id":2492,"properties":{},"geometry":{"type":"LineString","coordinates":[[-70.84302000000001,-34.475620000000006],[-70.84291,-34.47518]]}},{"type":"Feature","id":2493,"properties":{},"geometry":{"type":"LineString","coordinates":[[-70.84291,-34.47518],[-70.84298000000001,-34.47518]]}},{"type":"Feature","id":2494,"properties":{},"geometry":{"type":"LineString","coordinates":[[-70.84298000000001,-34.47518],[-70.84305,-34.47518]]}},{"type":"Feature","id":2495,"properties":{},"geometry":{"type":"LineString","coordinates":[[-70.84320000000001,-34.47518],[-70.84341,-34.475190000000005]]}},{"type":"Feature","id":2496,"properties":{},"geometry":{"type":"LineString","coordinates":[[-70.84341,-34.475190000000005],[-70.8435,-34.4752]]}},{"type":"Feature","id":2497,"properties":{},"geometry":{"type":"LineString","coordinates":[[-70.8435,-34.4752],[-70.84392000000001,-34.475210000000004]]}},{"type":"Feature","id":2498,"properties":{},"geometry":{"type":"LineString","coordinates":[[-70.84392000000001,-34.475210000000004],[-70.84414000000001,-34.47522]]}},{"type":"Feature","id":2499,"properties":{},"geometry":{"type":"LineString","coordinates":[[-70.84414000000001,-34.47522],[-70.84458000000001,-34.47524]]}},{"type":"Feature","id":2500,"properties":{},"geometry":{"type":"LineString","coordinates":[[-70.84458000000001,-34.47524],[-70.84488,-34.475280000000005]]}},{"type":"Feature","id":2501,"properties":{},"geometry":{"type":"LineString","coordinates":[[-70.84488,-34.475280000000005],[-70.84568,-34.47538]]}},{"type":"Feature","id":2502,"properties":{},"geometry":{"type":"LineString","coordinates":[[-70.83906,-34.480000000000004],[-70.83904000000001,-34.480000000000004]]}},{"type":"Feature","id":2503,"properties":{},"geometry":{"type":"LineString","coordinates":[[-70.83904000000001,-34.480000000000004],[-70.83902,-34.479980000000005]]}},{"type":"Feature","id":2504,"properties":{},"geometry":{"type":"LineString","coordinates":[[-70.83902,-34.479980000000005],[-70.83906,-34.47957]]}},{"type":"Feature","id":2505,"properties":{},"geometry":{"type":"LineString","coordinates":[[-70.83940000000001,-34.48209],[-70.83914,-34.4818]]}},{"type":"Feature","id":2506,"properties":{},"geometry":{"type":"LineString","coordinates":[[-70.83914,-34.4818],[-70.83916,-34.481770000000004]]}},{"type":"Feature","id":2507,"properties":{},"geometry":{"type":"LineString","coordinates":[[-70.83916,-34.481770000000004],[-70.83919,-34.481730000000006]]}},{"type":"Feature","id":2508,"properties":{},"geometry":{"type":"LineString","coordinates":[[-70.83919,-34.481730000000006],[-70.83932,-34.48151]]}},{"type":"Feature","id":2509,"properties":{},"geometry":{"type":"LineString","coordinates":[[-70.83932,-34.48151],[-70.83935000000001,-34.48142]]}},{"type":"Feature","id":2510,"properties":{},"geometry":{"type":"LineString","coordinates":[[-70.83935000000001,-34.48142],[-70.83939000000001,-34.48116]]}},{"type":"Feature","id":2511,"properties":{},"geometry":{"type":"LineString","coordinates":[[-70.83939000000001,-34.48116],[-70.83946,-34.48105]]}},{"type":"Feature","id":2512,"properties":{},"geometry":{"type":"LineString","coordinates":[[-70.83946,-34.48105],[-70.84009,-34.480970000000006]]}},{"type":"Feature","id":2513,"properties":{},"geometry":{"type":"LineString","coordinates":[[-70.84009,-34.480970000000006],[-70.84154000000001,-34.480790000000006]]}},{"type":"Feature","id":2514,"properties":{},"geometry":{"type":"LineString","coordinates":[[-70.84154000000001,-34.480790000000006],[-70.84201,-34.480720000000005]]}},{"type":"Feature","id":2515,"properties":{},"geometry":{"type":"LineString","coordinates":[[-70.842,-34.48067],[-70.84152,-34.48073]]}},{"type":"Feature","id":2516,"properties":{},"geometry":{"type":"LineString","coordinates":[[-70.84152,-34.48073],[-70.84105000000001,-34.4808]]}},{"type":"Feature","id":2517,"properties":{},"geometry":{"type":"LineString","coordinates":[[-70.84056000000001,-34.48086],[-70.84007000000001,-34.480920000000005]]}},{"type":"Feature","id":2518,"properties":{},"geometry":{"type":"LineString","coordinates":[[-70.84009,-34.480970000000006],[-70.84034000000001,-34.481910000000006]]}},{"type":"Feature","id":2519,"properties":{},"geometry":{"type":"LineString","coordinates":[[-70.84034000000001,-34.481910000000006],[-70.83940000000001,-34.48209]]}},{"type":"Feature","id":2520,"properties":{},"geometry":{"type":"LineString","coordinates":[[-70.84034000000001,-34.481910000000006],[-70.84177000000001,-34.48165]]}},{"type":"Feature","id":2521,"properties":{},"geometry":{"type":"LineString","coordinates":[[-70.84177000000001,-34.48165],[-70.84154000000001,-34.480790000000006]]}},{"type":"Feature","id":2522,"properties":{},"geometry":{"type":"LineString","coordinates":[[-70.84164000000001,-34.481170000000006],[-70.84254,-34.481010000000005]]}},{"type":"Feature","id":2523,"properties":{},"geometry":{"type":"LineString","coordinates":[[-70.84254,-34.481010000000005],[-70.8426,-34.48152]]}},{"type":"Feature","id":2524,"properties":{},"geometry":{"type":"LineString","coordinates":[[-70.8426,-34.48152],[-70.84177000000001,-34.48165]]}},{"type":"Feature","id":2525,"properties":{},"geometry":{"type":"LineString","coordinates":[[-70.84263,-34.47955],[-70.84261000000001,-34.47946]]}},{"type":"Feature","id":2526,"properties":{},"geometry":{"type":"LineString","coordinates":[[-70.85066,-34.480430000000005],[-70.85064000000001,-34.480160000000005]]}},{"type":"Feature","id":2527,"properties":{},"geometry":{"type":"LineString","coordinates":[[-70.85073000000001,-34.48042],[-70.85071,-34.480160000000005]]}},{"type":"Feature","id":2528,"properties":{},"geometry":{"type":"LineString","coordinates":[[-70.85155,-34.47896],[-70.85058000000001,-34.47899]]}},{"type":"Feature","id":2529,"properties":{},"geometry":{"type":"LineString","coordinates":[[-70.84744,-34.47683],[-70.84802,-34.47681]]}},{"type":"Feature","id":2530,"properties":{},"geometry":{"type":"LineString","coordinates":[[-70.84802,-34.47681],[-70.84802,-34.476000000000006]]}},{"type":"Feature","id":2531,"properties":{},"geometry":{"type":"LineString","coordinates":[[-70.84736000000001,-34.4765],[-70.8473,-34.476040000000005]]}},{"type":"Feature","id":2532,"properties":{},"geometry":{"type":"LineString","coordinates":[[-70.84737000000001,-34.47661],[-70.84744,-34.47683]]}},{"type":"Feature","id":2533,"properties":{},"geometry":{"type":"LineString","coordinates":[[-70.84744,-34.47683],[-70.84751,-34.47704]]}},{"type":"Feature","id":2534,"properties":{},"geometry":{"type":"LineString","coordinates":[[-70.84751,-34.47704],[-70.84758000000001,-34.477250000000005]]}},{"type":"Feature","id":2535,"properties":{},"geometry":{"type":"LineString","coordinates":[[-70.84758000000001,-34.477250000000005],[-70.84766,-34.477500000000006]]}},{"type":"Feature","id":2536,"properties":{},"geometry":{"type":"LineString","coordinates":[[-70.84766,-34.477500000000006],[-70.84771,-34.47767]]}},{"type":"Feature","id":2537,"properties":{},"geometry":{"type":"LineString","coordinates":[[-70.84771,-34.47767],[-70.84781000000001,-34.47796]]}},{"type":"Feature","id":2538,"properties":{},"geometry":{"type":"LineString","coordinates":[[-70.84781000000001,-34.47796],[-70.84784,-34.478080000000006]]}},{"type":"Feature","id":2539,"properties":{},"geometry":{"type":"LineString","coordinates":[[-70.84784,-34.478080000000006],[-70.84796,-34.47843]]}},{"type":"Feature","id":2540,"properties":{},"geometry":{"type":"LineString","coordinates":[[-70.84796,-34.47843],[-70.84798,-34.47849]]}},{"type":"Feature","id":2541,"properties":{},"geometry":{"type":"LineString","coordinates":[[-70.84798,-34.47849],[-70.84811,-34.47889]]}},{"type":"Feature","id":2542,"properties":{},"geometry":{"type":"LineString","coordinates":[[-70.84811,-34.47889],[-70.84819,-34.47889]]}},{"type":"Feature","id":2543,"properties":{},"geometry":{"type":"LineString","coordinates":[[-70.84819,-34.47889],[-70.84831000000001,-34.47932]]}},{"type":"Feature","id":2544,"properties":{},"geometry":{"type":"LineString","coordinates":[[-70.84831000000001,-34.47932],[-70.84831000000001,-34.479330000000004]]}},{"type":"Feature","id":2545,"properties":{},"geometry":{"type":"LineString","coordinates":[[-70.84831000000001,-34.479330000000004],[-70.84843000000001,-34.47975]]}},{"type":"Feature","id":2546,"properties":{},"geometry":{"type":"LineString","coordinates":[[-70.84843000000001,-34.47975],[-70.84856,-34.48019]]}},{"type":"Feature","id":2547,"properties":{},"geometry":{"type":"LineString","coordinates":[[-70.84857000000001,-34.47679],[-70.84744,-34.47683]]}},{"type":"Feature","id":2548,"properties":{},"geometry":{"type":"LineString","coordinates":[[-70.84875000000001,-34.47721],[-70.84758000000001,-34.477250000000005]]}},{"type":"Feature","id":2549,"properties":{},"geometry":{"type":"LineString","coordinates":[[-70.84889000000001,-34.47762],[-70.84771,-34.47767]]}},{"type":"Feature","id":2550,"properties":{},"geometry":{"type":"LineString","coordinates":[[-70.84903,-34.478030000000004],[-70.84784,-34.478080000000006]]}},{"type":"Feature","id":2551,"properties":{},"geometry":{"type":"LineString","coordinates":[[-70.84917,-34.478440000000006],[-70.84798,-34.47849]]}},{"type":"Feature","id":2552,"properties":{},"geometry":{"type":"LineString","coordinates":[[-70.84931,-34.47885],[-70.84819,-34.4789]]}},{"type":"Feature","id":2553,"properties":{},"geometry":{"type":"LineString","coordinates":[[-70.84946000000001,-34.47928],[-70.84831000000001,-34.479330000000004]]}},{"type":"Feature","id":2554,"properties":{},"geometry":{"type":"LineString","coordinates":[[-70.84958,-34.479710000000004],[-70.84843000000001,-34.47975]]}},{"type":"Feature","id":2555,"properties":{},"geometry":{"type":"LineString","coordinates":[[-70.84856,-34.475770000000004],[-70.84848000000001,-34.47534]]}},{"type":"Feature","id":2556,"properties":{},"geometry":{"type":"LineString","coordinates":[[-70.84848000000001,-34.47534],[-70.84807,-34.47538]]}},{"type":"Feature","id":2557,"properties":{},"geometry":{"type":"LineString","coordinates":[[-70.84794000000001,-34.475390000000004],[-70.84678000000001,-34.47549]]}},{"type":"Feature","id":2558,"properties":{},"geometry":{"type":"LineString","coordinates":[[-70.84791,-34.474970000000006],[-70.84668,-34.47509]]}},{"type":"Feature","id":2559,"properties":{},"geometry":{"type":"LineString","coordinates":[[-70.84663,-34.47404],[-70.84653,-34.47364]]}},{"type":"Feature","id":2560,"properties":{},"geometry":{"type":"LineString","coordinates":[[-70.84651000000001,-34.47354],[-70.84641,-34.473130000000005]]}},{"type":"Feature","id":2561,"properties":{},"geometry":{"type":"LineString","coordinates":[[-70.84641,-34.473130000000005],[-70.84631,-34.472730000000006]]}},{"type":"Feature","id":2562,"properties":{},"geometry":{"type":"LineString","coordinates":[[-70.84628000000001,-34.47263],[-70.84619,-34.47222]]}},{"type":"Feature","id":2563,"properties":{},"geometry":{"type":"LineString","coordinates":[[-70.84619,-34.47222],[-70.84609,-34.47182]]}},{"type":"Feature","id":2564,"properties":{},"geometry":{"type":"LineString","coordinates":[[-70.84468000000001,-34.47106],[-70.84479,-34.47153]]}},{"type":"Feature","id":2565,"properties":{},"geometry":{"type":"LineString","coordinates":[[-70.84479,-34.47153],[-70.84490000000001,-34.47196]]}},{"type":"Feature","id":2566,"properties":{},"geometry":{"type":"LineString","coordinates":[[-70.84490000000001,-34.47196],[-70.84501,-34.47243]]}},{"type":"Feature","id":2567,"properties":{},"geometry":{"type":"LineString","coordinates":[[-70.84501,-34.47243],[-70.84511,-34.472820000000006]]}},{"type":"Feature","id":2568,"properties":{},"geometry":{"type":"LineString","coordinates":[[-70.84511,-34.472820000000006],[-70.8452,-34.47321]]}},{"type":"Feature","id":2569,"properties":{},"geometry":{"type":"LineString","coordinates":[[-70.8452,-34.47321],[-70.84530000000001,-34.47359]]}},{"type":"Feature","id":2570,"properties":{},"geometry":{"type":"LineString","coordinates":[[-70.84530000000001,-34.47359],[-70.84539000000001,-34.473980000000005]]}},{"type":"Feature","id":2571,"properties":{},"geometry":{"type":"LineString","coordinates":[[-70.84539000000001,-34.473980000000005],[-70.84549000000001,-34.474360000000004]]}},{"type":"Feature","id":2572,"properties":{},"geometry":{"type":"LineString","coordinates":[[-70.84474,-34.471050000000005],[-70.84493,-34.471810000000005]]}},{"type":"Feature","id":2573,"properties":{},"geometry":{"type":"LineString","coordinates":[[-70.84494000000001,-34.47187],[-70.84504000000001,-34.47229]]}},{"type":"Feature","id":2574,"properties":{},"geometry":{"type":"LineString","coordinates":[[-70.84504000000001,-34.47229],[-70.84515,-34.47272]]}},{"type":"Feature","id":2575,"properties":{},"geometry":{"type":"LineString","coordinates":[[-70.84516,-34.47278],[-70.84527,-34.473200000000006]]}},{"type":"Feature","id":2576,"properties":{},"geometry":{"type":"LineString","coordinates":[[-70.84527,-34.473200000000006],[-70.84537,-34.47363]]}},{"type":"Feature","id":2577,"properties":{},"geometry":{"type":"LineString","coordinates":[[-70.84539000000001,-34.473690000000005],[-70.84549000000001,-34.47411]]}},{"type":"Feature","id":2578,"properties":{},"geometry":{"type":"LineString","coordinates":[[-70.84549000000001,-34.47411],[-70.84552000000001,-34.474230000000006]]}},{"type":"Feature","id":2579,"properties":{},"geometry":{"type":"LineString","coordinates":[[-70.84647000000001,-34.473620000000004],[-70.84539000000001,-34.473690000000005]]}},{"type":"Feature","id":2580,"properties":{},"geometry":{"type":"LineString","coordinates":[[-70.84537,-34.47363],[-70.84646000000001,-34.47357]]}},{"type":"Feature","id":2581,"properties":{},"geometry":{"type":"LineString","coordinates":[[-70.84625000000001,-34.47271],[-70.84516,-34.47278]]}},{"type":"Feature","id":2582,"properties":{},"geometry":{"type":"LineString","coordinates":[[-70.84624000000001,-34.472660000000005],[-70.84515,-34.47272]]}},{"type":"Feature","id":2583,"properties":{},"geometry":{"type":"LineString","coordinates":[[-70.84602000000001,-34.4718],[-70.84494000000001,-34.47187]]}},{"type":"Feature","id":2584,"properties":{},"geometry":{"type":"LineString","coordinates":[[-70.84601,-34.47175],[-70.84493,-34.471810000000005]]}},{"type":"Feature","id":2585,"properties":{},"geometry":{"type":"LineString","coordinates":[[-70.84996000000001,-34.47063],[-70.84998,-34.47088]]}},{"type":"Feature","id":2586,"properties":{},"geometry":{"type":"LineString","coordinates":[[-70.84998,-34.47088],[-70.85001000000001,-34.471320000000006]]}},{"type":"Feature","id":2587,"properties":{},"geometry":{"type":"LineString","coordinates":[[-70.85001000000001,-34.471320000000006],[-70.85006,-34.47193]]}},{"type":"Feature","id":2588,"properties":{},"geometry":{"type":"LineString","coordinates":[[-70.85006,-34.47198],[-70.85009000000001,-34.47238]]}},{"type":"Feature","id":2589,"properties":{},"geometry":{"type":"LineString","coordinates":[[-70.85009000000001,-34.47238],[-70.85013000000001,-34.4729]]}},{"type":"Feature","id":2590,"properties":{},"geometry":{"type":"LineString","coordinates":[[-70.85013000000001,-34.4729],[-70.85013000000001,-34.47296]]}},{"type":"Feature","id":2591,"properties":{},"geometry":{"type":"LineString","coordinates":[[-70.85013000000001,-34.47296],[-70.85018000000001,-34.473600000000005]]}},{"type":"Feature","id":2592,"properties":{},"geometry":{"type":"LineString","coordinates":[[-70.85018000000001,-34.473600000000005],[-70.85018000000001,-34.473620000000004]]}},{"type":"Feature","id":2593,"properties":{},"geometry":{"type":"LineString","coordinates":[[-70.85018000000001,-34.473620000000004],[-70.85022000000001,-34.474230000000006]]}},{"type":"Feature","id":2594,"properties":{},"geometry":{"type":"LineString","coordinates":[[-70.85023000000001,-34.47429],[-70.85025,-34.47468]]}},{"type":"Feature","id":2595,"properties":{},"geometry":{"type":"LineString","coordinates":[[-70.85025,-34.47468],[-70.85029,-34.47513]]}},{"type":"Feature","id":2596,"properties":{},"geometry":{"type":"LineString","coordinates":[[-70.85029,-34.47513],[-70.8503,-34.47534]]}},{"type":"Feature","id":2597,"properties":{},"geometry":{"type":"LineString","coordinates":[[-70.8503,-34.47534],[-70.85032000000001,-34.47554]]}},{"type":"Feature","id":2598,"properties":{},"geometry":{"type":"LineString","coordinates":[[-70.85032000000001,-34.47554],[-70.85034,-34.4759]]}},{"type":"Feature","id":2599,"properties":{},"geometry":{"type":"LineString","coordinates":[[-70.85034,-34.4759],[-70.85035,-34.47594]]}},{"type":"Feature","id":2600,"properties":{},"geometry":{"type":"LineString","coordinates":[[-70.85054000000001,-34.478460000000005],[-70.85054000000001,-34.47851]]}},{"type":"Feature","id":2601,"properties":{},"geometry":{"type":"LineString","coordinates":[[-70.85054000000001,-34.47851],[-70.85058000000001,-34.47899]]}},{"type":"Feature","id":2602,"properties":{},"geometry":{"type":"LineString","coordinates":[[-70.85058000000001,-34.47899],[-70.85062,-34.47952]]}},{"type":"Feature","id":2603,"properties":{},"geometry":{"type":"LineString","coordinates":[[-70.85062,-34.47952],[-70.85063000000001,-34.47954]]}},{"type":"Feature","id":2604,"properties":{},"geometry":{"type":"LineString","coordinates":[[-70.85063000000001,-34.47954],[-70.85067000000001,-34.48011]]}},{"type":"Feature","id":2605,"properties":{},"geometry":{"type":"LineString","coordinates":[[-70.85271,-34.47171],[-70.85214,-34.47205]]}},{"type":"Feature","id":2606,"properties":{},"geometry":{"type":"LineString","coordinates":[[-70.85214,-34.47205],[-70.85186,-34.47218]]}},{"type":"Feature","id":2607,"properties":{},"geometry":{"type":"LineString","coordinates":[[-70.85444000000001,-34.4716],[-70.85421000000001,-34.471520000000005]]}},{"type":"Feature","id":2608,"properties":{},"geometry":{"type":"LineString","coordinates":[[-70.84989,-34.474320000000006],[-70.84987000000001,-34.474320000000006]]}},{"type":"Feature","id":2609,"properties":{},"geometry":{"type":"LineString","coordinates":[[-70.84987000000001,-34.474320000000006],[-70.84925000000001,-34.474380000000004]]}},{"type":"Feature","id":2610,"properties":{},"geometry":{"type":"LineString","coordinates":[[-70.84601,-34.47527],[-70.84659,-34.474700000000006]]}},{"type":"Feature","id":2611,"properties":{},"geometry":{"type":"LineString","coordinates":[[-70.84659,-34.474700000000006],[-70.84668,-34.47509]]}},{"type":"Feature","id":2612,"properties":{},"geometry":{"type":"LineString","coordinates":[[-70.84668,-34.47509],[-70.84678000000001,-34.47549]]}},{"type":"Feature","id":2613,"properties":{},"geometry":{"type":"LineString","coordinates":[[-70.84678000000001,-34.47549],[-70.84685,-34.47574]]}},{"type":"Feature","id":2614,"properties":{},"geometry":{"type":"LineString","coordinates":[[-70.84685,-34.47574],[-70.84657,-34.475750000000005]]}},{"type":"Feature","id":2615,"properties":{},"geometry":{"type":"LineString","coordinates":[[-70.84604,-34.47551],[-70.84595,-34.475480000000005]]}},{"type":"Feature","id":2616,"properties":{},"geometry":{"type":"LineString","coordinates":[[-70.84595,-34.475480000000005],[-70.846,-34.475440000000006]]}},{"type":"Feature","id":2617,"properties":{},"geometry":{"type":"LineString","coordinates":[[-70.846,-34.475440000000006],[-70.84603,-34.475390000000004]]}},{"type":"Feature","id":2618,"properties":{},"geometry":{"type":"LineString","coordinates":[[-70.84603,-34.475390000000004],[-70.84604,-34.47533]]}},{"type":"Feature","id":2619,"properties":{},"geometry":{"type":"LineString","coordinates":[[-70.84604,-34.47533],[-70.84601,-34.47527]]}},{"type":"Feature","id":2620,"properties":{},"geometry":{"type":"LineString","coordinates":[[-70.84597000000001,-34.47523],[-70.8459,-34.475210000000004]]}},{"type":"Feature","id":2621,"properties":{},"geometry":{"type":"LineString","coordinates":[[-70.8459,-34.475210000000004],[-70.84583,-34.4752]]}},{"type":"Feature","id":2622,"properties":{},"geometry":{"type":"LineString","coordinates":[[-70.84577,-34.47522],[-70.84571000000001,-34.475260000000006]]}},{"type":"Feature","id":2623,"properties":{},"geometry":{"type":"LineString","coordinates":[[-70.84571000000001,-34.475260000000006],[-70.84568,-34.47532]]}},{"type":"Feature","id":2624,"properties":{},"geometry":{"type":"LineString","coordinates":[[-70.84568,-34.47538],[-70.84570000000001,-34.47543]]}},{"type":"Feature","id":2625,"properties":{},"geometry":{"type":"LineString","coordinates":[[-70.84570000000001,-34.47543],[-70.84574,-34.475460000000005]]}},{"type":"Feature","id":2626,"properties":{},"geometry":{"type":"LineString","coordinates":[[-70.84574,-34.475460000000005],[-70.84579000000001,-34.47549]]}},{"type":"Feature","id":2627,"properties":{},"geometry":{"type":"LineString","coordinates":[[-70.84579000000001,-34.47549],[-70.84585000000001,-34.475500000000004]]}},{"type":"Feature","id":2628,"properties":{},"geometry":{"type":"LineString","coordinates":[[-70.84577,-34.47522],[-70.84553000000001,-34.474540000000005]]}},{"type":"Feature","id":2629,"properties":{},"geometry":{"type":"LineString","coordinates":[[-70.84553000000001,-34.474540000000005],[-70.84549000000001,-34.474360000000004]]}},{"type":"Feature","id":2630,"properties":{},"geometry":{"type":"LineString","coordinates":[[-70.84552000000001,-34.474230000000006],[-70.84559,-34.47453]]}},{"type":"Feature","id":2631,"properties":{},"geometry":{"type":"LineString","coordinates":[[-70.84559,-34.47453],[-70.84583,-34.4752]]}},{"type":"Feature","id":2632,"properties":{},"geometry":{"type":"LineString","coordinates":[[-70.84597000000001,-34.47523],[-70.84655000000001,-34.474650000000004]]}},{"type":"Feature","id":2633,"properties":{},"geometry":{"type":"LineString","coordinates":[[-70.84655000000001,-34.474650000000004],[-70.84552000000001,-34.474230000000006]]}},{"type":"Feature","id":2634,"properties":{},"geometry":{"type":"LineString","coordinates":[[-70.84671,-34.47404],[-70.84682000000001,-34.474630000000005]]}},{"type":"Feature","id":2635,"properties":{},"geometry":{"type":"LineString","coordinates":[[-70.84682000000001,-34.474630000000005],[-70.84655000000001,-34.474650000000004]]}},{"type":"Feature","id":2636,"properties":{},"geometry":{"type":"LineString","coordinates":[[-70.84785000000001,-34.473510000000005],[-70.84809,-34.473620000000004]]}},{"type":"Feature","id":2637,"properties":{},"geometry":{"type":"LineString","coordinates":[[-70.84809,-34.473620000000004],[-70.84828,-34.47377]]}},{"type":"Feature","id":2638,"properties":{},"geometry":{"type":"LineString","coordinates":[[-70.84828,-34.47377],[-70.84831000000001,-34.473870000000005]]}},{"type":"Feature","id":2639,"properties":{},"geometry":{"type":"LineString","coordinates":[[-70.84831000000001,-34.473870000000005],[-70.84746000000001,-34.47392]]}},{"type":"Feature","id":2640,"properties":{},"geometry":{"type":"LineString","coordinates":[[-70.84746000000001,-34.47392],[-70.84669000000001,-34.473960000000005]]}},{"type":"Feature","id":2641,"properties":{},"geometry":{"type":"LineString","coordinates":[[-70.84669000000001,-34.473960000000005],[-70.84671,-34.47404]]}},{"type":"Feature","id":2642,"properties":{},"geometry":{"type":"LineString","coordinates":[[-70.84671,-34.47404],[-70.84663,-34.47404]]}},{"type":"Feature","id":2643,"properties":{},"geometry":{"type":"LineString","coordinates":[[-70.84653,-34.47364],[-70.84656000000001,-34.47363]]}},{"type":"Feature","id":2644,"properties":{},"geometry":{"type":"LineString","coordinates":[[-70.84656000000001,-34.47363],[-70.84658,-34.47361]]}},{"type":"Feature","id":2645,"properties":{},"geometry":{"type":"LineString","coordinates":[[-70.84658,-34.47361],[-70.84659,-34.473580000000005]]}},{"type":"Feature","id":2646,"properties":{},"geometry":{"type":"LineString","coordinates":[[-70.84659,-34.473580000000005],[-70.84658,-34.473560000000006]]}},{"type":"Feature","id":2647,"properties":{},"geometry":{"type":"LineString","coordinates":[[-70.84658,-34.473560000000006],[-70.84655000000001,-34.47354]]}},{"type":"Feature","id":2648,"properties":{},"geometry":{"type":"LineString","coordinates":[[-70.84655000000001,-34.47354],[-70.84652000000001,-34.47354]]}},{"type":"Feature","id":2649,"properties":{},"geometry":{"type":"LineString","coordinates":[[-70.84652000000001,-34.47354],[-70.84651000000001,-34.47354]]}},{"type":"Feature","id":2650,"properties":{},"geometry":{"type":"LineString","coordinates":[[-70.84651000000001,-34.47354],[-70.84648,-34.47355]]}},{"type":"Feature","id":2651,"properties":{},"geometry":{"type":"LineString","coordinates":[[-70.84648,-34.47355],[-70.84646000000001,-34.47357]]}},{"type":"Feature","id":2652,"properties":{},"geometry":{"type":"LineString","coordinates":[[-70.84653,-34.47364],[-70.84649,-34.47364]]}},{"type":"Feature","id":2653,"properties":{},"geometry":{"type":"LineString","coordinates":[[-70.84649,-34.47364],[-70.84647000000001,-34.473620000000004]]}},{"type":"Feature","id":2654,"properties":{},"geometry":{"type":"LineString","coordinates":[[-70.84625000000001,-34.47271],[-70.84627,-34.472730000000006]]}},{"type":"Feature","id":2655,"properties":{},"geometry":{"type":"LineString","coordinates":[[-70.84627,-34.472730000000006],[-70.84631,-34.472730000000006]]}},{"type":"Feature","id":2656,"properties":{},"geometry":{"type":"LineString","coordinates":[[-70.84631,-34.472730000000006],[-70.84634000000001,-34.47272]]}},{"type":"Feature","id":2657,"properties":{},"geometry":{"type":"LineString","coordinates":[[-70.84634000000001,-34.47272],[-70.84636,-34.4727]]}},{"type":"Feature","id":2658,"properties":{},"geometry":{"type":"LineString","coordinates":[[-70.84636,-34.4727],[-70.84636,-34.47267]]}},{"type":"Feature","id":2659,"properties":{},"geometry":{"type":"LineString","coordinates":[[-70.84636,-34.47267],[-70.84635,-34.47265]]}},{"type":"Feature","id":2660,"properties":{},"geometry":{"type":"LineString","coordinates":[[-70.84635,-34.47265],[-70.84632,-34.47263]]}},{"type":"Feature","id":2661,"properties":{},"geometry":{"type":"LineString","coordinates":[[-70.84632,-34.47263],[-70.84629000000001,-34.472620000000006]]}},{"type":"Feature","id":2662,"properties":{},"geometry":{"type":"LineString","coordinates":[[-70.84629000000001,-34.472620000000006],[-70.84626,-34.47263]]}},{"type":"Feature","id":2663,"properties":{},"geometry":{"type":"LineString","coordinates":[[-70.84626,-34.47263],[-70.84624000000001,-34.472660000000005]]}},{"type":"Feature","id":2664,"properties":{},"geometry":{"type":"LineString","coordinates":[[-70.84602000000001,-34.4718],[-70.84605,-34.47182]]}},{"type":"Feature","id":2665,"properties":{},"geometry":{"type":"LineString","coordinates":[[-70.84605,-34.47182],[-70.84608,-34.47182]]}},{"type":"Feature","id":2666,"properties":{},"geometry":{"type":"LineString","coordinates":[[-70.84608,-34.47182],[-70.84611000000001,-34.471810000000005]]}},{"type":"Feature","id":2667,"properties":{},"geometry":{"type":"LineString","coordinates":[[-70.84611000000001,-34.471810000000005],[-70.84613,-34.471790000000006]]}},{"type":"Feature","id":2668,"properties":{},"geometry":{"type":"LineString","coordinates":[[-70.84613,-34.471790000000006],[-70.84614,-34.47176]]}},{"type":"Feature","id":2669,"properties":{},"geometry":{"type":"LineString","coordinates":[[-70.84614,-34.47176],[-70.84613,-34.471740000000004]]}},{"type":"Feature","id":2670,"properties":{},"geometry":{"type":"LineString","coordinates":[[-70.84613,-34.471740000000004],[-70.8461,-34.471720000000005]]}},{"type":"Feature","id":2671,"properties":{},"geometry":{"type":"LineString","coordinates":[[-70.8461,-34.471720000000005],[-70.84607000000001,-34.47171]]}},{"type":"Feature","id":2672,"properties":{},"geometry":{"type":"LineString","coordinates":[[-70.84607000000001,-34.47171],[-70.84604,-34.471720000000005]]}},{"type":"Feature","id":2673,"properties":{},"geometry":{"type":"LineString","coordinates":[[-70.84604,-34.471720000000005],[-70.84601,-34.47175]]}},{"type":"Feature","id":2674,"properties":{},"geometry":{"type":"LineString","coordinates":[[-70.85276,-34.480180000000004],[-70.85284,-34.480180000000004]]}},{"type":"Feature","id":2675,"properties":{},"geometry":{"type":"LineString","coordinates":[[-70.85284,-34.480180000000004],[-70.85304000000001,-34.48013]]}},{"type":"Feature","id":2676,"properties":{},"geometry":{"type":"LineString","coordinates":[[-70.85313000000001,-34.48012],[-70.85329,-34.48004]]}},{"type":"Feature","id":2677,"properties":{},"geometry":{"type":"LineString","coordinates":[[-70.85283000000001,-34.48013],[-70.85296000000001,-34.4801]]}},{"type":"Feature","id":2678,"properties":{},"geometry":{"type":"LineString","coordinates":[[-70.85296000000001,-34.4801],[-70.85303,-34.48008]]}},{"type":"Feature","id":2679,"properties":{},"geometry":{"type":"LineString","coordinates":[[-70.85311,-34.480070000000005],[-70.85327000000001,-34.47999]]}},{"type":"Feature","id":2680,"properties":{},"geometry":{"type":"LineString","coordinates":[[-70.84738,-34.481170000000006],[-70.84741000000001,-34.48115]]}},{"type":"Feature","id":2681,"properties":{},"geometry":{"type":"LineString","coordinates":[[-70.84741000000001,-34.48115],[-70.84749000000001,-34.481080000000006]]}},{"type":"Feature","id":2682,"properties":{},"geometry":{"type":"LineString","coordinates":[[-70.84749000000001,-34.481080000000006],[-70.84750000000001,-34.48107]]}},{"type":"Feature","id":2683,"properties":{},"geometry":{"type":"LineString","coordinates":[[-70.84750000000001,-34.48107],[-70.84750000000001,-34.48106]]}},{"type":"Feature","id":2684,"properties":{},"geometry":{"type":"LineString","coordinates":[[-70.84750000000001,-34.48106],[-70.84750000000001,-34.48105]]}},{"type":"Feature","id":2685,"properties":{},"geometry":{"type":"LineString","coordinates":[[-70.84750000000001,-34.48105],[-70.84746000000001,-34.48091]]}},{"type":"Feature","id":2686,"properties":{},"geometry":{"type":"LineString","coordinates":[[-70.84746000000001,-34.48091],[-70.84745000000001,-34.48091]]}},{"type":"Feature","id":2687,"properties":{},"geometry":{"type":"LineString","coordinates":[[-70.84745000000001,-34.48091],[-70.84744,-34.48086]]}},{"type":"Feature","id":2688,"properties":{},"geometry":{"type":"LineString","coordinates":[[-70.84744,-34.48086],[-70.84745000000001,-34.48086]]}},{"type":"Feature","id":2689,"properties":{},"geometry":{"type":"LineString","coordinates":[[-70.84745000000001,-34.48086],[-70.84743,-34.4808]]}},{"type":"Feature","id":2690,"properties":{},"geometry":{"type":"LineString","coordinates":[[-70.84743,-34.4808],[-70.84736000000001,-34.48078]]}},{"type":"Feature","id":2691,"properties":{},"geometry":{"type":"LineString","coordinates":[[-70.84736000000001,-34.48078],[-70.84737000000001,-34.480760000000004]]}},{"type":"Feature","id":2692,"properties":{},"geometry":{"type":"LineString","coordinates":[[-70.84737000000001,-34.480760000000004],[-70.84736000000001,-34.480760000000004]]}},{"type":"Feature","id":2693,"properties":{},"geometry":{"type":"LineString","coordinates":[[-70.84736000000001,-34.480760000000004],[-70.84737000000001,-34.480740000000004]]}},{"type":"Feature","id":2694,"properties":{},"geometry":{"type":"LineString","coordinates":[[-70.84737000000001,-34.480740000000004],[-70.84735,-34.48073]]}},{"type":"Feature","id":2695,"properties":{},"geometry":{"type":"LineString","coordinates":[[-70.84735,-34.48073],[-70.84736000000001,-34.48071]]}},{"type":"Feature","id":2696,"properties":{},"geometry":{"type":"LineString","coordinates":[[-70.84736000000001,-34.48071],[-70.84735,-34.48071]]}},{"type":"Feature","id":2697,"properties":{},"geometry":{"type":"LineString","coordinates":[[-70.84735,-34.48071],[-70.84735,-34.48069]]}},{"type":"Feature","id":2698,"properties":{},"geometry":{"type":"LineString","coordinates":[[-70.84735,-34.48069],[-70.84734,-34.48068]]}},{"type":"Feature","id":2699,"properties":{},"geometry":{"type":"LineString","coordinates":[[-70.84734,-34.48068],[-70.84735,-34.48066]]}},{"type":"Feature","id":2700,"properties":{},"geometry":{"type":"LineString","coordinates":[[-70.84735,-34.48066],[-70.84733,-34.48066]]}},{"type":"Feature","id":2701,"properties":{},"geometry":{"type":"LineString","coordinates":[[-70.84733,-34.48066],[-70.84734,-34.480630000000005]]}},{"type":"Feature","id":2702,"properties":{},"geometry":{"type":"LineString","coordinates":[[-70.84734,-34.480630000000005],[-70.84733,-34.480630000000005]]}},{"type":"Feature","id":2703,"properties":{},"geometry":{"type":"LineString","coordinates":[[-70.84733,-34.480630000000005],[-70.84734,-34.480610000000006]]}},{"type":"Feature","id":2704,"properties":{},"geometry":{"type":"LineString","coordinates":[[-70.84734,-34.480610000000006],[-70.84732000000001,-34.480610000000006]]}},{"type":"Feature","id":2705,"properties":{},"geometry":{"type":"LineString","coordinates":[[-70.84732000000001,-34.480610000000006],[-70.84733,-34.48058]]}},{"type":"Feature","id":2706,"properties":{},"geometry":{"type":"LineString","coordinates":[[-70.84733,-34.48058],[-70.84738,-34.4806]]}},{"type":"Feature","id":2707,"properties":{},"geometry":{"type":"LineString","coordinates":[[-70.84738,-34.4806],[-70.84732000000001,-34.48037]]}},{"type":"Feature","id":2708,"properties":{},"geometry":{"type":"LineString","coordinates":[[-70.84732000000001,-34.48037],[-70.8473,-34.480360000000005]]}},{"type":"Feature","id":2709,"properties":{},"geometry":{"type":"LineString","coordinates":[[-70.8473,-34.480360000000005],[-70.84728000000001,-34.48035]]}},{"type":"Feature","id":2710,"properties":{},"geometry":{"type":"LineString","coordinates":[[-70.84728000000001,-34.48035],[-70.84727000000001,-34.480340000000005]]}},{"type":"Feature","id":2711,"properties":{},"geometry":{"type":"LineString","coordinates":[[-70.84727000000001,-34.480340000000005],[-70.84726,-34.48033]]}},{"type":"Feature","id":2712,"properties":{},"geometry":{"type":"LineString","coordinates":[[-70.84726,-34.48033],[-70.84725,-34.48033]]}},{"type":"Feature","id":2713,"properties":{},"geometry":{"type":"LineString","coordinates":[[-70.84725,-34.48033],[-70.84725,-34.480320000000006]]}},{"type":"Feature","id":2714,"properties":{},"geometry":{"type":"LineString","coordinates":[[-70.84725,-34.480320000000006],[-70.84724,-34.48031]]}},{"type":"Feature","id":2715,"properties":{},"geometry":{"type":"LineString","coordinates":[[-70.84724,-34.48031],[-70.84724,-34.4803]]}},{"type":"Feature","id":2716,"properties":{},"geometry":{"type":"LineString","coordinates":[[-70.84724,-34.4803],[-70.84723000000001,-34.480290000000004]]}},{"type":"Feature","id":2717,"properties":{},"geometry":{"type":"LineString","coordinates":[[-70.84723000000001,-34.480290000000004],[-70.84664000000001,-34.48031]]}},{"type":"Feature","id":2718,"properties":{},"geometry":{"type":"LineString","coordinates":[[-70.84752,-34.480230000000006],[-70.84749000000001,-34.48019]]}},{"type":"Feature","id":2719,"properties":{},"geometry":{"type":"LineString","coordinates":[[-70.84749000000001,-34.48019],[-70.84745000000001,-34.480160000000005]]}},{"type":"Feature","id":2720,"properties":{},"geometry":{"type":"LineString","coordinates":[[-70.84745000000001,-34.480160000000005],[-70.84740000000001,-34.480140000000006]]}},{"type":"Feature","id":2721,"properties":{},"geometry":{"type":"LineString","coordinates":[[-70.8473,-34.480160000000005],[-70.84726,-34.48019]]}},{"type":"Feature","id":2722,"properties":{},"geometry":{"type":"LineString","coordinates":[[-70.84726,-34.48019],[-70.84723000000001,-34.48024]]}},{"type":"Feature","id":2723,"properties":{},"geometry":{"type":"LineString","coordinates":[[-70.84488,-34.475280000000005],[-70.84506,-34.475910000000006]]}},{"type":"Feature","id":2724,"properties":{},"geometry":{"type":"LineString","coordinates":[[-70.84414000000001,-34.47522],[-70.84435,-34.47594]]}},{"type":"Feature","id":2725,"properties":{},"geometry":{"type":"LineString","coordinates":[[-70.84393,-34.476110000000006],[-70.84373000000001,-34.47612]]}},{"type":"Feature","id":2726,"properties":{},"geometry":{"type":"LineString","coordinates":[[-70.84373000000001,-34.47612],[-70.8435,-34.4752]]}},{"type":"Feature","id":2727,"properties":{},"geometry":{"type":"LineString","coordinates":[[-70.84292,-34.47518],[-70.84315000000001,-34.47614]]}},{"type":"Feature","id":2728,"properties":{},"geometry":{"type":"LineString","coordinates":[[-70.84498,-34.467650000000006],[-70.84421,-34.468]]}},{"type":"Feature","id":2729,"properties":{},"geometry":{"type":"LineString","coordinates":[[-70.84541,-34.46802],[-70.84439,-34.46848]]}},{"type":"Feature","id":2730,"properties":{},"geometry":{"type":"LineString","coordinates":[[-70.84679000000001,-34.467980000000004],[-70.8461,-34.46848]]}},{"type":"Feature","id":2731,"properties":{},"geometry":{"type":"LineString","coordinates":[[-70.84568,-34.47532],[-70.84517000000001,-34.475260000000006]]}},{"type":"Feature","id":2732,"properties":{},"geometry":{"type":"LineString","coordinates":[[-70.84517000000001,-34.475260000000006],[-70.84458000000001,-34.475190000000005]]}},{"type":"Feature","id":2733,"properties":{},"geometry":{"type":"LineString","coordinates":[[-70.84458000000001,-34.475190000000005],[-70.84454000000001,-34.47518]]}},{"type":"Feature","id":2734,"properties":{},"geometry":{"type":"LineString","coordinates":[[-70.84530000000001,-34.47092],[-70.84551,-34.47178]]}},{"type":"Feature","id":2735,"properties":{},"geometry":{"type":"LineString","coordinates":[[-70.8448,-34.470980000000004],[-70.84478,-34.47102]]}},{"type":"Feature","id":2736,"properties":{},"geometry":{"type":"LineString","coordinates":[[-70.84478,-34.47102],[-70.84474,-34.471050000000005]]}},{"type":"Feature","id":2737,"properties":{},"geometry":{"type":"LineString","coordinates":[[-70.84555,-34.46627],[-70.8447,-34.466710000000006]]}},{"type":"Feature","id":2738,"properties":{},"geometry":{"type":"LineString","coordinates":[[-70.84195000000001,-34.46833],[-70.84191000000001,-34.468120000000006]]}},{"type":"Feature","id":2739,"properties":{},"geometry":{"type":"LineString","coordinates":[[-70.83995,-34.472590000000004],[-70.83995,-34.47258]]}},{"type":"Feature","id":2740,"properties":{},"geometry":{"type":"LineString","coordinates":[[-70.83995,-34.47258],[-70.84003,-34.47216]]}},{"type":"Feature","id":2741,"properties":{},"geometry":{"type":"LineString","coordinates":[[-70.84,-34.472010000000004],[-70.83989000000001,-34.472550000000005]]}},{"type":"Feature","id":2742,"properties":{},"geometry":{"type":"LineString","coordinates":[[-70.83908000000001,-34.4726],[-70.83900000000001,-34.47261]]}},{"type":"Feature","id":2743,"properties":{},"geometry":{"type":"LineString","coordinates":[[-70.83900000000001,-34.47261],[-70.83899000000001,-34.4726]]}},{"type":"Feature","id":2744,"properties":{},"geometry":{"type":"LineString","coordinates":[[-70.83899000000001,-34.4726],[-70.83898,-34.472590000000004]]}},{"type":"Feature","id":2745,"properties":{},"geometry":{"type":"LineString","coordinates":[[-70.83898,-34.472590000000004],[-70.83897,-34.472590000000004]]}},{"type":"Feature","id":2746,"properties":{},"geometry":{"type":"LineString","coordinates":[[-70.83897,-34.472590000000004],[-70.83896,-34.472590000000004]]}},{"type":"Feature","id":2747,"properties":{},"geometry":{"type":"LineString","coordinates":[[-70.83896,-34.472590000000004],[-70.83895000000001,-34.47258]]}},{"type":"Feature","id":2748,"properties":{},"geometry":{"type":"LineString","coordinates":[[-70.83895000000001,-34.47258],[-70.83894000000001,-34.47258]]}},{"type":"Feature","id":2749,"properties":{},"geometry":{"type":"LineString","coordinates":[[-70.83894000000001,-34.47258],[-70.83893,-34.47258]]}},{"type":"Feature","id":2750,"properties":{},"geometry":{"type":"LineString","coordinates":[[-70.83893,-34.47258],[-70.83892,-34.472590000000004]]}},{"type":"Feature","id":2751,"properties":{},"geometry":{"type":"LineString","coordinates":[[-70.83892,-34.472590000000004],[-70.83891000000001,-34.472590000000004]]}},{"type":"Feature","id":2752,"properties":{},"geometry":{"type":"LineString","coordinates":[[-70.83891000000001,-34.472590000000004],[-70.83890000000001,-34.4726]]}},{"type":"Feature","id":2753,"properties":{},"geometry":{"type":"LineString","coordinates":[[-70.83890000000001,-34.4726],[-70.83889,-34.47261]]}},{"type":"Feature","id":2754,"properties":{},"geometry":{"type":"LineString","coordinates":[[-70.83889,-34.47261],[-70.83888,-34.472620000000006]]}},{"type":"Feature","id":2755,"properties":{},"geometry":{"type":"LineString","coordinates":[[-70.83888,-34.472620000000006],[-70.83888,-34.47263]]}},{"type":"Feature","id":2756,"properties":{},"geometry":{"type":"LineString","coordinates":[[-70.83888,-34.47263],[-70.83888,-34.472640000000006]]}},{"type":"Feature","id":2757,"properties":{},"geometry":{"type":"LineString","coordinates":[[-70.83888,-34.472640000000006],[-70.83888,-34.47265]]}},{"type":"Feature","id":2758,"properties":{},"geometry":{"type":"LineString","coordinates":[[-70.83888,-34.47265],[-70.83888,-34.472660000000005]]}},{"type":"Feature","id":2759,"properties":{},"geometry":{"type":"LineString","coordinates":[[-70.83888,-34.472660000000005],[-70.83889,-34.472660000000005]]}},{"type":"Feature","id":2760,"properties":{},"geometry":{"type":"LineString","coordinates":[[-70.83889,-34.472660000000005],[-70.83889,-34.47267]]}},{"type":"Feature","id":2761,"properties":{},"geometry":{"type":"LineString","coordinates":[[-70.83889,-34.47267],[-70.83890000000001,-34.47267]]}},{"type":"Feature","id":2762,"properties":{},"geometry":{"type":"LineString","coordinates":[[-70.83890000000001,-34.47267],[-70.83878,-34.47276]]}},{"type":"Feature","id":2763,"properties":{},"geometry":{"type":"LineString","coordinates":[[-70.83878,-34.47276],[-70.83812,-34.4728]]}},{"type":"Feature","id":2764,"properties":{},"geometry":{"type":"LineString","coordinates":[[-70.84195000000001,-34.46833],[-70.84140000000001,-34.46838]]}},{"type":"Feature","id":2765,"properties":{},"geometry":{"type":"LineString","coordinates":[[-70.84140000000001,-34.46838],[-70.84142,-34.46849]]}},{"type":"Feature","id":2766,"properties":{},"geometry":{"type":"LineString","coordinates":[[-70.83789,-34.47171],[-70.83784,-34.471720000000005],[-70.8378,-34.471740000000004],[-70.83775,-34.47175],[-70.83771,-34.47177],[-70.83766,-34.471790000000006],[-70.83762,-34.4718],[-70.83757,-34.47182],[-70.83753,-34.47184],[-70.83749,-34.47185]]}},{"type":"Feature","id":2767,"properties":{},"geometry":{"type":"LineString","coordinates":[[-70.84518,-34.480290000000004],[-70.84519,-34.480290000000004],[-70.8452,-34.480290000000004],[-70.84521000000001,-34.480290000000004],[-70.84521000000001,-34.48028],[-70.84522000000001,-34.48028],[-70.84522000000001,-34.480270000000004],[-70.84522000000001,-34.48026],[-70.84523,-34.480250000000005],[-70.84522000000001,-34.480250000000005]]}},{"type":"Feature","id":2768,"properties":{},"geometry":{"type":"LineString","coordinates":[[-70.84530000000001,-34.48026],[-70.84530000000001,-34.480270000000004],[-70.84531000000001,-34.48028],[-70.84532,-34.48028],[-70.84533,-34.480290000000004],[-70.84534000000001,-34.480290000000004]]}},{"type":"Feature","id":2769,"properties":{},"geometry":{"type":"LineString","coordinates":[[-70.83691,-34.47001],[-70.83691,-34.47003],[-70.83691,-34.470040000000004],[-70.83692,-34.470060000000004],[-70.83693000000001,-34.47007],[-70.83695,-34.47008],[-70.83696,-34.470090000000006],[-70.83698000000001,-34.4701],[-70.837,-34.4701],[-70.83702000000001,-34.4701]]}},{"type":"Feature","id":2770,"properties":{},"geometry":{"type":"LineString","coordinates":[[-70.84128000000001,-34.46349],[-70.84127000000001,-34.46354],[-70.84123000000001,-34.46358],[-70.84117,-34.46359],[-70.84112,-34.463570000000004],[-70.84109000000001,-34.463530000000006],[-70.84110000000001,-34.463480000000004],[-70.84114000000001,-34.463440000000006],[-70.84119000000001,-34.46343],[-70.84125,-34.46345]]}},{"type":"Feature","id":2771,"properties":{},"geometry":{"type":"LineString","coordinates":[[-70.84307000000001,-34.475120000000004],[-70.84306000000001,-34.475120000000004],[-70.84305,-34.475120000000004],[-70.84304,-34.47511],[-70.84303,-34.475100000000005],[-70.84303,-34.47509]]}},{"type":"Feature","id":2772,"properties":{},"geometry":{"type":"LineString","coordinates":[[-70.84591,-34.470000000000006],[-70.84589000000001,-34.47001],[-70.84587,-34.470020000000005],[-70.84584000000001,-34.47003],[-70.84581,-34.470040000000004],[-70.84578,-34.47003],[-70.84575000000001,-34.47003],[-70.84573,-34.470020000000005],[-70.84570000000001,-34.47001],[-70.84568,-34.46999]]}},{"type":"Feature","id":2773,"properties":{},"geometry":{"type":"LineString","coordinates":[[-70.84762,-34.480700000000006],[-70.84762,-34.48071]]}},{"type":"Feature","id":2774,"properties":{},"geometry":{"type":"LineString","coordinates":[[-70.84752,-34.48028],[-70.84752,-34.480290000000004],[-70.84752,-34.4803],[-70.84751,-34.4803],[-70.84751,-34.48031],[-70.84751,-34.480320000000006],[-70.84750000000001,-34.480320000000006],[-70.84750000000001,-34.48033],[-70.84749000000001,-34.48033],[-70.84749000000001,-34.480340000000005]]}},{"type":"Feature","id":2775,"properties":{},"geometry":{"type":"LineString","coordinates":[[-70.84267000000001,-34.48059],[-70.84265,-34.48059],[-70.84264,-34.48059],[-70.84263,-34.48058],[-70.84262000000001,-34.48058],[-70.84261000000001,-34.48057],[-70.8426,-34.480560000000004],[-70.84259,-34.48055],[-70.84258000000001,-34.48055],[-70.84258000000001,-34.48053]]}},{"type":"Feature","id":2776,"properties":{},"geometry":{"type":"LineString","coordinates":[[-70.84769,-34.48104],[-70.84768000000001,-34.48104],[-70.84768000000001,-34.481030000000004]]}},{"type":"Feature","id":2777,"properties":{},"geometry":{"type":"LineString","coordinates":[[-70.8476,-34.480740000000004],[-70.8476,-34.48073]]}},{"type":"Feature","id":2778,"properties":{},"geometry":{"type":"LineString","coordinates":[[-70.85429,-34.480900000000005],[-70.85428,-34.480900000000005],[-70.85427,-34.480900000000005],[-70.85426000000001,-34.48089],[-70.85425000000001,-34.48089]]}},{"type":"Feature","id":2779,"properties":{},"geometry":{"type":"LineString","coordinates":[[-70.85481,-34.48066],[-70.85482,-34.48067],[-70.85482,-34.48069],[-70.85483,-34.480700000000006],[-70.85482,-34.480720000000005],[-70.85482,-34.48073],[-70.85481,-34.48075],[-70.85479000000001,-34.480760000000004],[-70.85478,-34.48077],[-70.85476,-34.48077]]}},{"type":"Feature","id":2780,"properties":{},"geometry":{"type":"LineString","coordinates":[[-70.85492,-34.48067],[-70.85499,-34.48067],[-70.85505,-34.480700000000006],[-70.85508,-34.480760000000004],[-70.85508,-34.480810000000005],[-70.85504,-34.48086],[-70.85498000000001,-34.48089],[-70.85491,-34.48089],[-70.85485,-34.48086],[-70.85481,-34.48082]]}},{"type":"Feature","id":2781,"properties":{},"geometry":{"type":"LineString","coordinates":[[-70.85492,-34.48067],[-70.85492,-34.48066],[-70.85491,-34.48066],[-70.8549,-34.48066],[-70.85489000000001,-34.48066],[-70.85489000000001,-34.480650000000004],[-70.85488000000001,-34.480650000000004]]}},{"type":"Feature","id":2782,"properties":{},"geometry":{"type":"LineString","coordinates":[[-70.85147,-34.473980000000005],[-70.85148000000001,-34.473980000000005],[-70.85149000000001,-34.473980000000005],[-70.8515,-34.47399],[-70.85151,-34.47399],[-70.85151,-34.474000000000004],[-70.85152000000001,-34.474000000000004],[-70.85152000000001,-34.47401]]}},{"type":"Feature","id":2783,"properties":{},"geometry":{"type":"LineString","coordinates":[[-70.85158000000001,-34.47399],[-70.85158000000001,-34.473980000000005],[-70.85158000000001,-34.47397],[-70.85159,-34.473960000000005],[-70.8516,-34.473960000000005],[-70.85161000000001,-34.47395]]}},{"type":"Feature","id":2784,"properties":{},"geometry":{"type":"LineString","coordinates":[[-70.85154,-34.473870000000005],[-70.85154,-34.47388],[-70.85155,-34.47388],[-70.85155,-34.473890000000004],[-70.85156,-34.473890000000004],[-70.85156,-34.4739],[-70.85157000000001,-34.4739],[-70.85158000000001,-34.4739],[-70.85159,-34.4739]]}},{"type":"Feature","id":2785,"properties":{},"geometry":{"type":"LineString","coordinates":[[-70.85388,-34.4728],[-70.85389,-34.47279],[-70.85390000000001,-34.47279],[-70.85390000000001,-34.47278],[-70.85390000000001,-34.472770000000004],[-70.85391,-34.472770000000004],[-70.85391,-34.47276],[-70.85390000000001,-34.472750000000005],[-70.85390000000001,-34.47274]]}},{"type":"Feature","id":2786,"properties":{},"geometry":{"type":"LineString","coordinates":[[-70.85286,-34.47758],[-70.85285,-34.47758],[-70.85284,-34.47758],[-70.85283000000001,-34.47758],[-70.85283000000001,-34.47757],[-70.85282000000001,-34.47757],[-70.85282000000001,-34.477560000000004],[-70.85281,-34.477560000000004],[-70.85281,-34.47755]]}},{"type":"Feature","id":2787,"properties":{},"geometry":{"type":"LineString","coordinates":[[-70.85287000000001,-34.47768],[-70.85287000000001,-34.47767],[-70.85287000000001,-34.47766],[-70.85287000000001,-34.477650000000004],[-70.85287000000001,-34.47764],[-70.85288,-34.47764],[-70.85288,-34.477630000000005],[-70.85289,-34.477630000000005],[-70.8529,-34.477630000000005]]}},{"type":"Feature","id":2788,"properties":{},"geometry":{"type":"LineString","coordinates":[[-70.85275,-34.47766],[-70.85276,-34.47766],[-70.85277,-34.47766],[-70.85278000000001,-34.47766],[-70.85279,-34.47767],[-70.8528,-34.47768]]}},{"type":"Feature","id":2789,"properties":{},"geometry":{"type":"LineString","coordinates":[[-70.85275,-34.47757],[-70.85275,-34.47758],[-70.85275,-34.47759],[-70.85274000000001,-34.47759],[-70.85274000000001,-34.4776],[-70.85273000000001,-34.477610000000006],[-70.85272,-34.477610000000006]]}},{"type":"Feature","id":2790,"properties":{},"geometry":{"type":"LineString","coordinates":[[-70.85391,-34.47285],[-70.85392,-34.472840000000005],[-70.85393,-34.472840000000005],[-70.85394000000001,-34.472840000000005],[-70.85395000000001,-34.472840000000005],[-70.85396,-34.472840000000005],[-70.85397,-34.472840000000005],[-70.85398,-34.47285],[-70.85399000000001,-34.472860000000004]]}},{"type":"Feature","id":2791,"properties":{},"geometry":{"type":"LineString","coordinates":[[-70.85270000000001,-34.47361],[-70.85270000000001,-34.473600000000005],[-70.85271,-34.473600000000005],[-70.85272,-34.473600000000005],[-70.85273000000001,-34.473600000000005],[-70.85274000000001,-34.473600000000005],[-70.85275,-34.47361],[-70.85276,-34.47361],[-70.85276,-34.473620000000004]]}},{"type":"Feature","id":2792,"properties":{},"geometry":{"type":"LineString","coordinates":[[-70.85281,-34.47357],[-70.8528,-34.47357],[-70.8528,-34.473560000000006],[-70.8528,-34.47355],[-70.8528,-34.47354],[-70.85281,-34.473530000000004],[-70.85282000000001,-34.473530000000004]]}},{"type":"Feature","id":2793,"properties":{},"geometry":{"type":"LineString","coordinates":[[-70.85097,-34.47028],[-70.85116000000001,-34.47021],[-70.85135000000001,-34.47016],[-70.85155,-34.47014],[-70.85174,-34.47014],[-70.85194,-34.47016],[-70.85213,-34.47021],[-70.85232,-34.47027],[-70.85249,-34.47036],[-70.85264000000001,-34.47046]]}},{"type":"Feature","id":2794,"properties":{},"geometry":{"type":"LineString","coordinates":[[-70.85170000000001,-34.470960000000005],[-70.85171000000001,-34.470960000000005],[-70.85172,-34.47095],[-70.85173,-34.470960000000005],[-70.85174,-34.470960000000005],[-70.85175000000001,-34.470960000000005],[-70.85176,-34.47097],[-70.85177,-34.47097]]}},{"type":"Feature","id":2795,"properties":{},"geometry":{"type":"LineString","coordinates":[[-70.84781000000001,-34.47458],[-70.84782000000001,-34.47458],[-70.84783,-34.474590000000006],[-70.84784,-34.474590000000006],[-70.84785000000001,-34.4746],[-70.84785000000001,-34.474610000000006],[-70.84786000000001,-34.474610000000006]]}},{"type":"Feature","id":2796,"properties":{},"geometry":{"type":"LineString","coordinates":[[-70.84889000000001,-34.471810000000005],[-70.84888000000001,-34.471810000000005],[-70.84887,-34.471810000000005],[-70.84886,-34.471810000000005],[-70.84885,-34.47182],[-70.84884000000001,-34.47182],[-70.84884000000001,-34.471830000000004]]}},{"type":"Feature","id":2797,"properties":{},"geometry":{"type":"LineString","coordinates":[[-70.84920000000001,-34.47435],[-70.84920000000001,-34.474360000000004],[-70.84921,-34.47437],[-70.84922,-34.474380000000004],[-70.84923,-34.474380000000004],[-70.84924000000001,-34.474380000000004],[-70.84925000000001,-34.474380000000004]]}},{"type":"Feature","id":2798,"properties":{},"geometry":{"type":"LineString","coordinates":[[-70.85145,-34.47393],[-70.85146,-34.47393],[-70.85147,-34.47392],[-70.85148000000001,-34.473910000000004],[-70.85148000000001,-34.4739],[-70.85148000000001,-34.473890000000004]]}},{"type":"Feature","id":2799,"properties":{},"geometry":{"type":"LineString","coordinates":[[-70.84792,-34.474610000000006],[-70.84792,-34.4746],[-70.84792,-34.474590000000006],[-70.84793,-34.47458],[-70.84794000000001,-34.47457],[-70.84795000000001,-34.47457],[-70.84796,-34.47457]]}},{"type":"Feature","id":2800,"properties":{},"geometry":{"type":"LineString","coordinates":[[-70.84803000000001,-34.47533],[-70.84806,-34.475350000000006],[-70.84807,-34.47538],[-70.84806,-34.475410000000004],[-70.84803000000001,-34.47543],[-70.84799000000001,-34.475440000000006],[-70.84796,-34.47542],[-70.84794000000001,-34.4754],[-70.84794000000001,-34.47536],[-70.84796,-34.47534]]}},{"type":"Feature","id":2801,"properties":{},"geometry":{"type":"LineString","coordinates":[[-70.84048,-34.4624],[-70.84049,-34.462410000000006],[-70.84049,-34.46242],[-70.8405,-34.462430000000005],[-70.84051000000001,-34.46244],[-70.84052000000001,-34.462450000000004],[-70.84053,-34.462450000000004],[-70.84055000000001,-34.46246],[-70.84056000000001,-34.46246],[-70.84057,-34.46246]]}},{"type":"Feature","id":2802,"properties":{},"geometry":{"type":"LineString","coordinates":[[-70.84587,-34.46996],[-70.84585000000001,-34.46997],[-70.84584000000001,-34.46997],[-70.84582,-34.46998],[-70.84581,-34.46998],[-70.84579000000001,-34.46998],[-70.84577,-34.46998],[-70.84576000000001,-34.46997],[-70.84575000000001,-34.46996],[-70.84573,-34.469950000000004]]}},{"type":"Feature","id":2803,"properties":{},"geometry":{"type":"LineString","coordinates":[[-70.84542,-34.46983],[-70.84542,-34.469820000000006],[-70.84541,-34.469820000000006],[-70.84541,-34.46981],[-70.84540000000001,-34.4698],[-70.84539000000001,-34.4698],[-70.84538,-34.46979],[-70.84537,-34.46979],[-70.84536,-34.46979],[-70.84535000000001,-34.46979]]}},{"type":"Feature","id":2804,"properties":{},"geometry":{"type":"LineString","coordinates":[[-70.84315000000001,-34.463820000000005],[-70.84316000000001,-34.463820000000005],[-70.84317,-34.463820000000005],[-70.84318,-34.463820000000005],[-70.84319,-34.463820000000005],[-70.84320000000001,-34.463820000000005],[-70.84320000000001,-34.46383],[-70.84321,-34.46383],[-70.84322,-34.46383]]}},{"type":"Feature","id":2805,"properties":{},"geometry":{"type":"LineString","coordinates":[[-70.84530000000001,-34.469860000000004],[-70.84529,-34.469860000000004],[-70.84529,-34.46985],[-70.84529,-34.469840000000005],[-70.84529,-34.46983],[-70.84529,-34.469820000000006]]}},{"type":"Feature","id":2806,"properties":{},"geometry":{"type":"LineString","coordinates":[[-70.84087000000001,-34.467580000000005],[-70.84084,-34.467620000000004],[-70.84079000000001,-34.46764],[-70.84073000000001,-34.46763],[-70.84069000000001,-34.467600000000004],[-70.84068,-34.46755],[-70.84071,-34.4675],[-70.84076,-34.46748],[-70.84082000000001,-34.467490000000005],[-70.84086,-34.467530000000004]]}},{"type":"Feature","id":2807,"properties":{},"geometry":{"type":"LineString","coordinates":[[-70.84184,-34.46444],[-70.84184,-34.464490000000005],[-70.8418,-34.46453],[-70.84174,-34.46454],[-70.84168000000001,-34.46452],[-70.84165,-34.46448],[-70.84166,-34.46443],[-70.8417,-34.46439],[-70.84176000000001,-34.464380000000006],[-70.84181000000001,-34.46439]]}},{"type":"Feature","id":2808,"properties":{},"geometry":{"type":"LineString","coordinates":[[-70.85073000000001,-34.48042],[-70.85079,-34.480450000000005],[-70.85082,-34.48051],[-70.85081000000001,-34.48057],[-70.85075,-34.480610000000006],[-70.85067000000001,-34.48062],[-70.85061,-34.48058],[-70.85058000000001,-34.48053],[-70.8506,-34.480470000000004],[-70.85066,-34.480430000000005]]}},{"type":"Feature","id":2809,"properties":{},"geometry":{"type":"LineString","coordinates":[[-70.85033,-34.47614],[-70.85026,-34.476110000000006],[-70.85023000000001,-34.47605],[-70.85025,-34.47599],[-70.85031000000001,-34.475950000000005],[-70.85038,-34.475950000000005],[-70.85045000000001,-34.47598],[-70.85047,-34.476040000000005],[-70.85045000000001,-34.4761],[-70.85039,-34.47614]]}},{"type":"Feature","id":2810,"properties":{},"geometry":{"type":"LineString","coordinates":[[-70.85314000000001,-34.47408],[-70.85321,-34.47408],[-70.85327000000001,-34.474120000000006],[-70.85329,-34.47419],[-70.85325,-34.47424],[-70.85319000000001,-34.474270000000004],[-70.85311,-34.47426],[-70.85306,-34.47422],[-70.85305000000001,-34.474160000000005],[-70.85308,-34.4741]]}},{"type":"Feature","id":2811,"properties":{},"geometry":{"type":"LineString","coordinates":[[-70.84305,-34.46688],[-70.84299,-34.46689],[-70.84294,-34.466860000000004],[-70.84291,-34.466820000000006],[-70.84292,-34.466770000000004],[-70.84296,-34.466730000000005],[-70.84302000000001,-34.46672],[-70.84307000000001,-34.466750000000005],[-70.8431,-34.46679],[-70.8431,-34.466840000000005]]}},{"type":"Feature","id":2812,"properties":{},"geometry":{"type":"LineString","coordinates":[[-70.84296,-34.47509],[-70.84296,-34.475100000000005],[-70.84296,-34.47511],[-70.84295,-34.475120000000004],[-70.84294,-34.47513],[-70.84293000000001,-34.47513],[-70.84292,-34.47513]]}},{"type":"Feature","id":2813,"properties":{},"geometry":{"type":"LineString","coordinates":[[-70.84293000000001,-34.47518],[-70.84292,-34.47518]]}},{"type":"Feature","id":2814,"properties":{},"geometry":{"type":"LineString","coordinates":[[-70.85167000000001,-34.47894],[-70.85166000000001,-34.478970000000004],[-70.85163,-34.47899],[-70.85159,-34.47899],[-70.85156,-34.478970000000004],[-70.85154,-34.47894],[-70.85155,-34.478910000000006],[-70.85157000000001,-34.47889],[-70.85161000000001,-34.478880000000004],[-70.85164,-34.47889]]}},{"type":"Feature","id":2815,"properties":{},"geometry":{"type":"LineString","coordinates":[[-70.85159,-34.47793],[-70.85157000000001,-34.47796],[-70.85154,-34.477970000000006],[-70.8515,-34.47796],[-70.85147,-34.477940000000004],[-70.85146,-34.47791],[-70.85147,-34.477880000000006],[-70.8515,-34.47787],[-70.85154,-34.47786],[-70.85157000000001,-34.477880000000006]]}},{"type":"Feature","id":2816,"properties":{},"geometry":{"type":"LineString","coordinates":[[-70.84047000000001,-34.466750000000005],[-70.84052000000001,-34.466770000000004],[-70.84055000000001,-34.466820000000006],[-70.84054,-34.46687],[-70.8405,-34.4669],[-70.84044,-34.466910000000006],[-70.84039,-34.46689],[-70.84036,-34.46685],[-70.84036,-34.466800000000006],[-70.8404,-34.46676]]}},{"type":"Feature","id":2817,"properties":{},"geometry":{"type":"LineString","coordinates":[[-70.84861000000001,-34.47681],[-70.84858000000001,-34.47679],[-70.84856,-34.47677],[-70.84857000000001,-34.47674],[-70.84859,-34.476710000000004],[-70.84863,-34.4767],[-70.84866000000001,-34.476710000000004],[-70.84869,-34.47674],[-70.84869,-34.47677],[-70.84867000000001,-34.476800000000004]]}},{"type":"Feature","id":2818,"properties":{},"geometry":{"type":"LineString","coordinates":[[-70.84731000000001,-34.476530000000004],[-70.84734,-34.4765],[-70.84738,-34.4765],[-70.84741000000001,-34.476510000000005],[-70.84743,-34.47654],[-70.84743,-34.47657],[-70.84741000000001,-34.47659],[-70.84737000000001,-34.47661],[-70.84734,-34.476600000000005],[-70.84731000000001,-34.476580000000006]]}},{"type":"Feature","id":2819,"properties":{},"geometry":{"type":"LineString","coordinates":[[-70.84402,-34.476510000000005],[-70.84399,-34.476490000000005],[-70.84397,-34.47646],[-70.84398,-34.47643],[-70.84401000000001,-34.47641],[-70.84404,-34.476400000000005],[-70.84408,-34.47641],[-70.84410000000001,-34.476440000000004],[-70.84410000000001,-34.476470000000006],[-70.84408,-34.4765]]}},{"type":"Feature","id":2820,"properties":{},"geometry":{"type":"LineString","coordinates":[[-70.83900000000001,-34.472660000000005],[-70.83898,-34.472680000000004],[-70.83894000000001,-34.47269],[-70.83891000000001,-34.472680000000004],[-70.83888,-34.472660000000005],[-70.83888,-34.47263],[-70.83890000000001,-34.4726],[-70.83893,-34.47258],[-70.83897,-34.472590000000004],[-70.83900000000001,-34.47261]]}}]}